adult,id,original_language,overview,popularity,release_date,title,vote_average,vote_count,belongs_to_collection_boolean,budget,genres,origin_country,production_companies,revenue,runtime,num_spoken_languages,reddit_sentiment_weighted
FALSE,278,en,"Imprisoned in the 1940s for the double murder of his wife and her lover, upstanding banker Andy Dufresne begins a new life at the Shawshank prison, where he puts his accounting skills to work for an amoral warden. During his long stretch in prison, Dufresne comes to be admired by the other inmates -- including an older prisoner named Red -- for his integrity and unquenchable sense of hope.",34.6551,9/23/1994,The Shawshank Redemption,8.71,28243,FALSE,25000000,"['Drama', 'Crime']",['US'],['Castle Rock Entertainment'],28341469,142,1,0.14932301364143447
FALSE,238,en,"Spanning the years 1945 to 1955, a chronicle of the fictional Italian-American Corleone crime family. When organized crime family patriarch, Vito Corleone barely survives an attempt on his life, his youngest son, Michael steps in to take care of the would-be killers, launching a campaign of bloody revenge.",50.6029,3/14/1972,The Godfather,8.686,21408,TRUE,6000000,"['Drama', 'Crime']",['US'],"['Paramount Pictures', 'Alfran Productions']",245066411,175,3,0.027059374
FALSE,240,en,"In the continuing saga of the Corleone crime family, a young Vito Corleone grows up in Sicily and in 1910s New York. In the 1950s, Michael Corleone attempts to expand the family business into Las Vegas, Hollywood and Cuba.",16.7806,12/20/1974,The Godfather Part II,8.571,12930,TRUE,13000000,"['Drama', 'Crime']",['US'],"['Paramount Pictures', 'The Coppola Company', 'American Zoetrope']",102600000,202,4,0.2476357378992016
FALSE,424,en,The true story of how businessman Oskar Schindler saved over a thousand Jewish lives from the Nazis while they worked as slaves in his factory during World War II.,24.839,12/15/1993,Schindler's List,8.565,16409,FALSE,22000000,"['Drama', 'History', 'War']",['US'],['Amblin Entertainment'],321365567,195,4,0.051268113
FALSE,389,en,"The defense and the prosecution have rested and the jury is filing into the jury room to decide if a young Spanish-American is guilty or innocent of murdering his father. What begins as an open and shut case soon becomes a mini-drama of each of the jurors' prejudices and preconceptions about the trial, the accused, and each other.",23.7899,4/10/1957,12 Angry Men,8.548,9109,FALSE,397751,['Drama'],['US'],"['United Artists', 'Orion-Nova Productions']",4360000,97,1,0.5002439843495274
FALSE,129,ja,"A young girl, Chihiro, becomes trapped in a strange new world of spirits. When her parents undergo a mysterious transformation, she must call upon the courage she never knew she had to free her family.",19.9505,7/20/2001,Spirited Away,8.536,17107,FALSE,19000000,"['Animation', 'Family', 'Fantasy']",['JP'],['Studio Ghibli'],274925095,125,1,0.5651363270669416
FALSE,155,en,"Batman raises the stakes in his war on crime. With the help of Lt. Jim Gordon and District Attorney Harvey Dent, Batman sets out to dismantle the remaining criminal organizations that plague the streets. The partnership proves to be effective, but they soon find themselves prey to a reign of chaos unleashed by a rising criminal mastermind known to the terrified citizens of Gotham as the Joker.",28.1302,7/16/2008,The Dark Knight,8.519,33798,TRUE,185000000,"['Drama', 'Action', 'Crime', 'Thriller']",['US'],"['Warner Bros. Pictures', 'Legendary Pictures', 'Syncopy', 'DC']",1004558444,152,2,0.091920444
FALSE,19404,hi,"Raj is a rich, carefree, happy-go-lucky second generation NRI. Simran is the daughter of Chaudhary Baldev Singh, who in spite of being an NRI is very strict about adherence to Indian values. Simran has left for India to be married to her childhood fiancé. Raj leaves for India with a mission at his hands, to claim his lady love under the noses of her whole family. Thus begins a saga.",6.7397,10/20/1995,Dilwale Dulhania Le Jayenge,8.5,4484,FALSE,13200000,"['Comedy', 'Drama', 'Romance']",['IN'],['Yash Raj Films'],100000000,190,1,0.1550333333333333
FALSE,497,en,"A supernatural tale set on death row in a Southern prison, where gentle giant John Coffey possesses the mysterious power to heal people's ailments. When the cell block's head guard, Paul Edgecomb, recognizes Coffey's miraculous gift, he tries desperately to help stave off the condemned man's execution.",23.6959,12/10/1999,The Green Mile,8.505,18064,FALSE,60000000,"['Fantasy', 'Drama', 'Crime']",['US'],"['Castle Rock Entertainment', 'Darkwoods Productions']",286801374,189,2,0.13525859981576527
FALSE,496243,ko,"All unemployed, Ki-taek's family takes peculiar interest in the wealthy and glamorous Parks for their livelihood until they get entangled in an unexpected incident.",57.2327,5/30/2019,Parasite,8.5,19006,FALSE,11363000,"['Comedy', 'Thriller', 'Drama']",['KR'],['Barunson E&A'],257591776,133,3,0.40808325762559683
FALSE,680,en,"A burger-loving hit man, his philosophical partner, a drug-addled gangster's moll and a washed-up boxer converge in this sprawling, comedic crime caper. Their adventures unfurl in three stories that ingeniously trip back and forth in time.",19.1645,9/10/1994,Pulp Fiction,8.49,28633,FALSE,8000000,"['Thriller', 'Crime']",['US'],"['Miramax', 'A Band Apart', 'Jersey Films']",213928762,154,3,0.045704959
FALSE,372058,ja,"High schoolers Mitsuha and Taki are complete strangers living separate lives. But one night, they suddenly switch places. Mitsuha wakes up in Taki’s body, and he in hers. This bizarre occurrence continues to happen randomly, and the two must adjust their lives around each other.",41.8483,8/26/2016,Your Name.,8.5,11744,FALSE,0,"['Animation', 'Romance', 'Drama']",['JP'],"['CoMix Wave Films', 'TOHO', 'KADOKAWA', 'jeki', 'AMUSE', 'voque ting', 'Lawson Entertainment']",358000000,106,1,-0.001025207
FALSE,122,en,"As armies mass for a final battle that will decide the fate of the world--and powerful, ancient forces of Light and Dark compete to determine the outcome--one member of the Fellowship of the Ring is revealed as the noble heir to the throne of the Kings of Men. Yet, the sole hope for triumph over evil lies with a brave hobbit, Frodo, who, accompanied by his loyal friend Sam and the hideous, wretched Gollum, ventures deep into the very dark heart of Mordor on his seemingly impossible quest to destroy the Ring of Power.​",22.8526,12/17/2003,The Lord of the Rings: The Return of the King,8.483,25036,TRUE,94000000,"['Adventure', 'Fantasy', 'Action']",['US'],"['New Line Cinema', 'WingNut Films', 'The Saul Zaentz Company']",1118888979,201,1,0.062787242
FALSE,13,en,"A man with a low IQ has accomplished great things in his life and been present during significant historic events—in each case, far exceeding what anyone imagined he could do. But despite all he has achieved, his one true love eludes him.",23.3924,6/23/1994,Forrest Gump,8.468,28175,FALSE,55000000,"['Comedy', 'Drama', 'Romance']",['US'],"['Paramount Pictures', 'The Steve Tisch Company', 'Wendy Finerman Productions']",677387716,142,1,-0.101175827
FALSE,429,it,"While the Civil War rages on between the Union and the Confederacy, three men – a quiet loner, a ruthless hitman, and a Mexican bandit – comb the American Southwest in search of a strongbox containing $200,000 in stolen gold.",16.8117,12/22/1966,"The Good, the Bad and the Ugly",8.463,8963,FALSE,1200000,['Western'],['IT'],"['United Artists', 'PEA', 'Arturo González PC', 'Constantin Film']",38900000,161,1,-0.107929379
FALSE,346,ja,"A samurai answers a village's request for protection after he falls on hard times. The town needs protection from bandits, so the samurai gathers six others to help him teach the people how to defend themselves, and the villagers provide the soldiers with food.",6.6456,4/26/1954,Seven Samurai,8.5,3881,FALSE,2000000,"['Action', 'Drama']",['JP'],['TOHO'],105000000,207,1,0.091234037
FALSE,769,en,"The true story of Henry Hill, a half-Irish, half-Sicilian Brooklyn kid who is adopted by neighbourhood gangsters at an early age and climbs the ranks of a Mafia family under the guidance of Jimmy Conway.",96.94,9/12/1990,GoodFellas,8.456,13342,FALSE,25000000,"['Drama', 'Crime']",['US'],['Winkler Films'],46800000,145,2,0.17046499321227135
FALSE,157336,en,The adventures of a group of explorers who make use of a newly discovered wormhole to surpass the limitations on human space travel and conquer the vast distances involved in an interstellar voyage.,38.8622,11/5/2014,Interstellar,8.455,37066,FALSE,165000000,"['Adventure', 'Drama', 'Science Fiction']",['US'],"['Legendary Pictures', 'Syncopy', 'Lynda Obst Productions']",746606706,169,1,0.17186214032779917
FALSE,12477,ja,"In the final months of World War II, 14-year-old Seita and his sister Setsuko are orphaned when their mother is killed during an air raid in Kobe, Japan. After a falling out with their aunt, they move into an abandoned bomb shelter. With no surviving relatives and their emergency rations depleted, Seita and Setsuko struggle to survive.",0.0084,4/16/1988,Grave of the Fireflies,8.451,5869,FALSE,3700000,"['Animation', 'Drama', 'War']",['JP'],['Studio Ghibli'],516962,89,1,-0.554517109
FALSE,637,it,A touching story of an Italian book seller of Jewish ancestry who lives in his own little fairy tale. His creative and happy life would come to an abrupt halt when his entire family is deported to a concentration camp during World War II. While locked up he tries to convince his son that the whole thing is just a game.,14.0359,12/20/1997,Life Is Beautiful,8.448,13353,FALSE,20000000,"['Comedy', 'Drama']",['IT'],"['Mario e Vittorio Cecchi Gori - C.E.I.A.D.', 'Melampo Cinematografica']",230098753,116,4,0.40191054812834226
FALSE,550,en,"A ticking-time-bomb insomniac and a slippery soap salesman channel primal male aggression into a shocking new form of therapy. Their concept catches on, with underground ""fight clubs"" forming in every town, until an eccentric gets in the way and ignites an out-of-control spiral toward oblivion.",28.7237,10/15/1999,Fight Club,8.4,30227,FALSE,63000000,['Drama'],['US'],"['Fox 2000 Pictures', 'Regency Enterprises', 'Linson Entertainment', '20th Century Fox', 'Taurus Film']",100853753,139,1,0.007174765
FALSE,11216,it,"A filmmaker recalls his childhood, when he fell in love with the movies at his village's theater and formed a deep friendship with the theater's projectionist.",6.8116,11/17/1988,Cinema Paradiso,8.436,4518,FALSE,5000000,"['Drama', 'Romance']",['IT'],"['RAI', 'Tre Forum', 'Les Films Ariane', 'TF1 Films Production']",11990401,124,1,0.5445758785942494
FALSE,598,pt,"In the poverty-stricken favelas of Rio de Janeiro in the 1970s, two young men choose different paths. Rocket is a budding photographer who documents the increasing drug-related violence of his neighborhood, while José “Zé” Pequeno is an ambitious drug dealer diving into a dangerous life of crime.",11.9603,8/30/2002,City of God,8.428,7622,FALSE,3300000,"['Drama', 'Crime']",['BR'],"['O2 Filmes', 'VideoFilmes', 'Wild Bunch', 'Hank Levine Film & Music', 'Globo Filmes', 'Lumière']",30641770,129,1,0.3792321568627451
FALSE,40096,pt,"The lively João Grilo and the sly Chicó are poor guys living in the hinterland who cheat a bunch of people in a small town in Northeastern Brazil. When they die, they have to be judged by Christ, the Devil and the Virgin Mary before they are admitted to paradise.",3.3456,9/15/2000,A Dog's Will,8.423,1156,TRUE,0,"['Comedy', 'Drama', 'Fantasy']",['BR'],"['Lereby Produções', 'Globo Filmes', 'Estúdios Globo']",4903192,104,2,
FALSE,539,en,"When larcenous real estate clerk Marion Crane goes on the lam with a wad of cash and hopes of starting a new life, she ends up at the notorious Bates Motel, where manager Norman Bates cares for his housebound mother.",11.2345,6/22/1960,Psycho,8.422,10336,TRUE,806947,"['Horror', 'Thriller', 'Mystery']",['US'],['Shamley Productions'],50048065,109,1,0.38118112897115347
FALSE,120,en,"Young hobbit Frodo Baggins, after inheriting a mysterious ring from his uncle Bilbo, must leave his home in order to keep it from falling into the hands of its evil creator. Along the way, a fellowship is formed to protect the ringbearer and make sure that the ring arrives at its final destination: Mt. Doom, the only place where it can be destroyed.",25.9076,12/18/2001,The Lord of the Rings: The Fellowship of the Ring,8.42,25935,TRUE,93000000,"['Adventure', 'Fantasy', 'Action']",['US'],"['New Line Cinema', 'WingNut Films', 'The Saul Zaentz Company']",871368364,179,1,-0.125393223
FALSE,14537,ja,"Down-on-his-luck veteran Tsugumo Hanshirō enters the courtyard of the prosperous House of Iyi. Unemployed, and with no family, he hopes to find a place to commit seppuku—and a worthy second to deliver the coup de grâce in his suicide ritual. The senior counselor for the Iyi clan questions the ronin’s resolve and integrity, suspecting Hanshirō of seeking charity rather than an honorable end. What follows is a pair of interlocking stories which lay bare the difference between honor and respect, and promises to examine the legendary foundations of the Samurai code.",4.1159,9/15/1962,Harakiri,8.417,1070,FALSE,0,"['Action', 'Drama', 'History']",['JP'],['Shochiku'],0,135,1,0.3167816412414517
FALSE,510,en,"A petty criminal fakes insanity to serve his sentence in a mental ward rather than prison. He soon finds himself as a leader to the other patients—and an enemy to the cruel, domineering nurse who runs the ward.",11.1307,11/19/1975,One Flew Over the Cuckoo's Nest,8.413,10749,FALSE,3000000,['Drama'],['US'],"['Fantasy Films', 'United Artists']",108981275,133,1,0.2988041528673523
FALSE,696374,en,"An intriguing and sinful exploration of seduction, forbidden love, and redemption, Gabriel's Inferno is a captivating and wildly passionate tale of one man's escape from his own personal hell as he tries to earn the impossible--forgiveness and love.",3.4443,5/29/2020,Gabriel's Inferno,8.4,2419,TRUE,0,"['Romance', 'Drama']",['US'],['PassionFlix'],0,122,1,
FALSE,311,en,"A former Prohibition-era Jewish gangster returns to the Lower East Side of Manhattan over thirty years later, where he once again must confront the ghosts and regrets of his old life.",7.8911,5/23/1984,Once Upon a Time in America,8.409,5594,FALSE,30000000,"['Drama', 'Crime']","['IT', 'US']","['Embassy International Pictures', 'Warner Bros. Pictures', 'PSO']",5500000,229,5,-0.042908872
FALSE,121,en,"Frodo Baggins and the other members of the Fellowship continue on their sacred quest to destroy the One Ring--but on separate paths. Their destinies lie at two towers--Orthanc Tower in Isengard, where the corrupt wizard Saruman awaits, and Sauron's fortress at Barad-dur, deep within the dark lands of Mordor. Frodo and Sam are trekking to Mordor to destroy the One Ring of Power while Gimli, Legolas and Aragorn search for the orc-captured Merry and Pippin. All along, nefarious wizard Saruman awaits the Fellowship members at the Orthanc Tower in Isengard.",19.3574,12/18/2002,The Lord of the Rings: The Two Towers,8.404,22539,TRUE,79000000,"['Adventure', 'Fantasy', 'Action']",['US'],"['New Line Cinema', 'WingNut Films', 'The Saul Zaentz Company']",926287400,179,1,0.2574134228187919
FALSE,324857,en,"Struggling to find his place in the world while juggling school and family, Brooklyn teenager Miles Morales is unexpectedly bitten by a radioactive spider and develops unfathomable powers just like the one and only Spider-Man. While wrestling with the implications of his new abilities, Miles discovers a super collider created by the madman Wilson ""Kingpin"" Fisk, causing others from across the Spider-Verse to be inadvertently transported to his dimension.",17.8488,12/6/2018,Spider-Man: Into the Spider-Verse,8.397,16102,TRUE,90000000,"['Animation', 'Action', 'Adventure', 'Science Fiction']",['US'],"['Columbia Pictures', 'Lord Miller', 'Pascal Pictures', 'Sony Pictures Animation', 'Arad Productions', 'Marvel Entertainment']",384298736,117,3,0.30959846662629503
FALSE,4935,ja,"Sophie, a young milliner, is turned into an elderly woman by a witch who enters her shop and curses her. She encounters a wizard named Howl and gets caught up in his resistance to fighting for the king.",17.5062,9/9/2004,Howl's Moving Castle,8.4,10277,FALSE,24000000,"['Fantasy', 'Animation', 'Adventure']",['JP'],"['Studio Ghibli', 'dentsu Music and Entertainment', 'Mitsubishi', 'Nippon Television Network Corporation', 'TFC', 'Tokuma Shoten', 'd-rights']",236049757,119,1,0.18611998720818662
FALSE,1891,en,"The epic saga continues as Luke Skywalker, in hopes of defeating the evil Galactic Empire, learns the ways of the Jedi from aging master Yoda. But Darth Vader is more determined than ever to capture Luke. Meanwhile, rebel leader Princess Leia, cocky Han Solo, Chewbacca, and droids C-3PO and R2-D2 are thrown into various stages of capture, betrayal and despair.",13.0146,5/20/1980,The Empire Strikes Back,8.393,17373,TRUE,18000000,"['Adventure', 'Action', 'Science Fiction']",['US'],['Lucasfilm Ltd.'],538400000,124,1,-0.290014435
FALSE,378064,ja,"Shouya Ishida starts bullying the new girl in class, Shouko Nishimiya, because she is deaf. But as the teasing continues, the rest of the class starts to turn on Shouya for his lack of compassion. When they leave elementary school, Shouko and Shouya do not speak to each other again... until an older, wiser Shouya, tormented by his past behaviour, decides he must see Shouko once more. He wants to atone for his sins, but is it already too late...?",11.8556,9/17/2016,A Silent Voice: The Movie,8.386,4108,FALSE,0,"['Animation', 'Drama', 'Romance']",['JP'],"['Kyoto Animation', 'ABC Animation', 'Kodansha', 'Pony Canyon', 'Quaras', 'Shochiku']",30819442,129,1,
FALSE,724089,en,"Professor Gabriel Emerson finally learns the truth about Julia Mitchell's identity, but his realization comes a moment too late. Julia is done waiting for the well-respected Dante specialist to remember her and wants nothing more to do with him. Can Gabriel win back her heart before she finds love in another's arms?",1.3708,7/31/2020,Gabriel's Inferno: Part II,8.4,1521,TRUE,0,"['Romance', 'Drama']",['US'],['PassionFlix'],0,106,1,
FALSE,423,en,"The true story of pianist Władysław Szpilman's experiences in Warsaw during the Nazi occupation. When the Jews of the city find themselves forced into a ghetto, Szpilman finds work playing in a café; and when his family is deported in 1942, he stays behind, works for a while as a laborer, and eventually goes into hiding in the ruins of the war-torn city.",16.4403,9/17/2002,The Pianist,8.378,9499,FALSE,35000000,"['Drama', 'War']","['FR', 'DE', 'PL', 'GB']","['Canal+', 'Bac Films', 'Heritage Films', 'Studio Babelsberg', 'Agencja Produkcji Filmowej', 'R.P. Productions', 'StudioCanal', 'Canal+', 'Telewizja Polska', 'Runteam']",120098945,150,4,0.095602766
FALSE,761053,en,The final part of the film adaption of the erotic romance novel Gabriel's Inferno written by an anonymous Canadian author under the pen name Sylvain Reynard.,3.1626,11/19/2020,Gabriel's Inferno: Part III,8.376,1058,TRUE,0,"['Romance', 'Drama']",['US'],['PassionFlix'],0,102,1,
FALSE,244786,en,"Under the direction of a ruthless instructor, a talented young drummer begins to pursue perfection at any cost, even his humanity.",19.7041,10/10/2014,Whiplash,8.376,15609,FALSE,3300000,"['Drama', 'Music']",['US'],"['Bold Films', 'Blumhouse Productions', 'Right of Way Films']",50307484,107,1,0.29212167978833237
FALSE,807,en,"Two homicide detectives are on a desperate hunt for a serial killer whose crimes are based on the ""seven deadly sins"" in this dark and haunting film that takes viewers from the tortured remains of one victim to the next. The seasoned Det. Somerset researches each sin in an effort to get inside the killer's mind, while his novice partner, Mills, scoffs at his efforts to unravel the case.",24.2724,9/22/1995,Se7en,8.375,21686,FALSE,33000000,"['Crime', 'Mystery', 'Thriller']",['US'],"['New Line Cinema', 'Juno Pix', 'Arnold Kopelson Productions']",327311859,127,1,0.17159547738693473
FALSE,27205,en,"Cobb, a skilled thief who commits corporate espionage by infiltrating the subconscious of his targets is offered a chance to regain his old life as payment for a task considered to be impossible: ""inception"", the implantation of another person's idea into a target's subconscious.",25.3073,7/15/2010,Inception,8.368,37430,FALSE,160000000,"['Action', 'Science Fiction', 'Adventure']","['US', 'GB']","['Legendary Pictures', 'Syncopy', 'Warner Bros. Pictures']",839030630,148,4,0.014095211224975137
FALSE,567,en,A wheelchair-bound photographer spies on his neighbors from his apartment window and becomes convinced one of them has committed murder.,7.1155,8/1/1954,Rear Window,8.353,6678,FALSE,1000000,"['Thriller', 'Mystery']",['US'],"['Paramount Pictures', 'Patron Inc.']",37042336,112,1,0.2723884307028583
FALSE,274,en,"Clarice Starling is a top student at the FBI's training academy.  Jack Crawford wants Clarice to interview Dr. Hannibal Lecter, a brilliant psychiatrist who is also a violent psychopath, serving life behind bars for various acts of murder and cannibalism.  Crawford believes that Lecter may have insight into a case and that Starling, as an attractive young woman, may be just the bait to draw him out.",4.4372,2/14/1991,The Silence of the Lambs,8.3,16785,TRUE,19000000,"['Crime', 'Drama', 'Thriller']",['US'],"['Orion Pictures', 'Strong Heart']",272742922,119,1,0.064728555
FALSE,569094,en,"After reuniting with Gwen Stacy, Brooklyn’s full-time, friendly neighborhood Spider-Man is catapulted across the Multiverse, where he encounters the Spider Society, a team of Spider-People charged with protecting the Multiverse’s very existence. But when the heroes clash on how to handle a new threat, Miles finds himself pitted against the other Spiders and must set out on his own to save those he loves most.",33.5799,5/31/2023,Spider-Man: Across the Spider-Verse,8.343,7529,TRUE,100000000,"['Animation', 'Action', 'Adventure', 'Science Fiction']",['US'],"['Columbia Pictures', 'Sony Pictures Animation', 'Lord Miller', 'Pascal Pictures', 'Arad Productions', 'Marvel Entertainment']",690897910,140,4,
FALSE,73,en,"Derek Vineyard is paroled after serving 3 years in prison for killing two African-American men. Through his brother, Danny Vineyard's narration, we learn that before going to prison, Derek was a skinhead and the leader of a violent white supremacist gang that committed acts of racial crime throughout L.A. and his actions greatly influenced Danny. Reformed and fresh out of prison, Derek severs contact with the gang and becomes determined to keep Danny from going down the same violent path as he did.",13.3133,7/1/1998,American History X,8.337,11849,FALSE,20000000,['Drama'],['US'],"['New Line Cinema', 'Savoy Pictures', 'The Turman-Morrissey Company']",23900000,119,1,0.22383489765746678
FALSE,128,ja,"Ashitaka, a prince of the disappearing Emishi people, is cursed by a demonized boar god and must journey to the west to find a cure. Along the way, he encounters San, a young human woman fighting to protect the forest, and Lady Eboshi, who is trying to destroy it. Ashitaka must find a way to bring balance to this conflict.",14.8366,7/12/1997,Princess Mononoke,8.329,8321,FALSE,23500000,"['Adventure', 'Fantasy', 'Animation']",['JP'],"['Studio Ghibli', 'Nibariki', 'dentsu Music and Entertainment', 'TNDG', 'Tokuma Shoten', 'Nippon Television Network Corporation', 'dentsu']",176506186,134,1,0.29397400306920685
FALSE,1184918,en,"After a shipwreck, an intelligent robot called Roz is stranded on an uninhabited island. To survive the harsh environment, Roz bonds with the island's animals and cares for an orphaned baby goose.",52.417,9/12/2024,The Wild Robot,8.319,4856,TRUE,78000000,"['Animation', 'Science Fiction', 'Family']",['US'],['DreamWorks Animation'],331982078,102,1,0.3815474487940856
FALSE,105,en,"Eighties teenager Marty McFly is accidentally sent back in time to 1955, inadvertently disrupting his parents' first meeting and attracting his mother's romantic interest. Marty must repair the damage to history by rekindling his parents' romance and - with the help of his eccentric inventor friend Doc Brown - return to 1985.",21.5359,7/3/1985,Back to the Future,8.319,20492,TRUE,19000000,"['Adventure', 'Comedy', 'Science Fiction']",['US'],"['Universal Pictures', 'Amblin Entertainment']",381109762,116,1,0.566868271
FALSE,3782,ja,"Kanji Watanabe is a middle-aged man who has worked in the same monotonous bureaucratic position for decades. Learning he has cancer, he starts to look for the meaning of his life.",4.4155,10/9/1952,Ikiru,8.3,1198,FALSE,0,['Drama'],['JP'],['TOHO'],55240,143,1,0.3068687573270809
FALSE,10494,ja,"Encouraged by her managers, rising pop star Mima takes on a recurring role on a popular TV show, when suddenly her handlers and collaborators begin turning up murdered.",6.0166,2/28/1998,Perfect Blue,8.303,2801,FALSE,830000,"['Animation', 'Thriller']",['JP'],"['Madhouse', 'Rex Entertainment', 'Kotobuki Seihan Printing', 'Asahi Broadcasting Corporation', 'Fangs Co.']",112536,82,1,0.4009369716618637
FALSE,207,en,"At an elite, old-fashioned boarding school in New England, a passionate English teacher inspires his students to rebel against convention and seize the potential of every day, courting the disdain of the stern headmaster.",11.4326,6/2/1989,Dead Poets Society,8.301,11632,FALSE,16400000,['Drama'],['US'],"['A Steven Haft Production', 'Witt/Thomas Productions']",235900000,128,2,0.1304800231280717
FALSE,101,fr,"Léon, the top hit man in New York, has earned a rep as an effective ""cleaner"". But when his next-door neighbors are wiped out by a loose-cannon DEA agent, he becomes the unwilling custodian of 12-year-old Mathilda. Before long, Mathilda's thoughts turn to revenge, and she considers following in Léon's footsteps.",16.2091,9/14/1994,Léon: The Professional,8.301,15180,FALSE,16000000,"['Crime', 'Drama', 'Action']",['FR'],"['Gaumont', 'Les Films du Dauphin']",45284974,111,3,0.13349417713567843
FALSE,914,en,Dictator Adenoid Hynkel tries to expand his empire while a poor Jewish barber tries to avoid persecution from Hynkel's regime.,4.7814,10/15/1940,The Great Dictator,8.298,3448,FALSE,2000000,"['Comedy', 'War']",['US'],['Charles Chaplin Productions'],11000000,125,2,0.2739443366210626
FALSE,599,en,A hack screenwriter writes a screenplay for a former silent film star who has faded into Hollywood obscurity.,5.3022,8/10/1950,Sunset Boulevard,8.3,2673,FALSE,1752000,['Drama'],['US'],['Paramount Pictures'],5000000,110,1,0.12785711892797313
FALSE,18491,ja,"SEELE orders an all-out attack on NERV, aiming to destroy the Evas before Gendo can advance his own plans for the Human Instrumentality Project. Shinji is pushed to the limits of his sanity as he is forced to decide the fate of humanity.",6.7055,7/19/1997,Neon Genesis Evangelion: The End of Evangelion,8.283,1674,TRUE,0,"['Animation', 'Science Fiction', 'Action', 'Drama']",['JP'],"['GAINAX', 'movic', 'Star Child Recording', 'TV Tokyo', 'Production I.G', 'KADOKAWA Shoten', 'Toei Company', 'SEGA']",20563523,87,1,
FALSE,3082,en,"A bumbling tramp desires to build a home with a young woman, yet is thwarted time and time again by his lack of experience and habit of being in the wrong place at the wrong time..",4.0457,2/5/1936,Modern Times,8.282,3794,FALSE,1500000,"['Comedy', 'Drama', 'Romance']",['US'],['Charles Chaplin Productions'],1800000,87,1,0.089343278
FALSE,335,it,"As the railroad builders advance unstoppably through the Arizona desert on their way to the sea, Jill arrives in the small town of Flagstone with the intention of starting a new life.",52.6172,12/21/1968,Once Upon a Time in the West,8.281,4510,FALSE,5000000,"['Drama', 'Western']",['IT'],"['Paramount Pictures', 'Rafran Cinematografica', 'San Marco']",5380118,166,1,0.4152685787616298
FALSE,92321,ja,"One hot summer day a little girl gets lost in an enchanted forest of the mountain god where spirits reside. A young boy appears before her, but she cannot touch him for fear of making him disappear. And so a wondrous adventure awaits...",0.0042,9/17/2011,Hotarubi no Mori e,8.278,1143,FALSE,0,"['Romance', 'Animation', 'Fantasy']",['JP'],"[""Brain's Base""]",0,45,1,-0.16175
FALSE,1585,en,"A holiday favourite for generations...  George Bailey has spent his entire life giving to the people of Bedford Falls.  All that prevents rich skinflint Mr. Potter from taking over the entire town is George's modest building and loan company.  But on Christmas Eve the business's $8,000 is lost and George's troubles begin.",34.7101,12/20/1946,It's a Wonderful Life,8.277,4487,FALSE,3180000,"['Drama', 'Family', 'Fantasy']",['US'],['Liberty Films'],9644124,130,1,0.3532103666543214
FALSE,77338,fr,A true story of two men who should never have met – a quadriplegic aristocrat who was injured in a paragliding accident and a young man from the projects.,16.669,11/2/2011,The Intouchables,8.272,17587,FALSE,13000000,"['Drama', 'Comedy']",['FR'],"['Gaumont', 'Quad Productions', 'Chaocorp', 'Ten Films', 'TF1 Films Production']",426590315,113,2,0.42761007612179486
FALSE,28,en,"At the height of the Vietnam war, Captain Benjamin Willard is sent on a dangerous mission that, officially, ""does not exist, nor will it ever exist."" His goal is to locate - and eliminate - a mysterious Green Beret Colonel named Walter Kurtz, who has been leading his personal army on illegal guerrilla missions into enemy territory.",10.31,5/19/1979,Apocalypse Now,8.271,8478,FALSE,31500000,"['Drama', 'War']",['US'],"['United Artists', 'American Zoetrope']",150000000,147,4,0.001671109
FALSE,901,en,A tramp falls in love with a beautiful blind flower girl. His on-and-off friendship with a wealthy man allows him to be the girl's benefactor and suitor.,3.8609,2/6/1931,City Lights,8.269,2254,FALSE,1500000,"['Comedy', 'Drama', 'Romance']",['US'],['Charles Chaplin Productions'],4250000,87,1,0.3797728004291846
FALSE,637920,tr,"Separated from his daughter, a father with an intellectual disability must prove his innocence when he is jailed for the death of a commander's child.",6.0542,10/10/2019,Miracle in Cell No. 7,8.257,4452,FALSE,10000000,['Drama'],['TR'],"['Lanistar Media', 'Motion Content Group', 'CJ ENM Turkey']",28000000,132,1,0.32000632911392396
FALSE,8587,en,"Young lion prince Simba, eager to one day become king of the Pride Lands, grows up under the watchful eye of his father Mufasa; all the while his villainous uncle Scar conspires to take the throne for himself. Amid betrayal and tragedy, Simba must confront his past and find his rightful place in the Circle of Life.",24.8782,6/15/1994,The Lion King,8.257,18726,TRUE,45000000,"['Family', 'Animation', 'Drama']",['US'],"['Walt Disney Pictures', 'Walt Disney Feature Animation']",763455561,89,1,0.010271027768222135
FALSE,975,en,A commanding officer defends three scapegoats on trial for a failed offensive that occurred within the French Army in 1916.,5.4096,10/25/1957,Paths of Glory,8.257,3018,FALSE,935000,"['War', 'Drama', 'History']",['US'],"['Bryna Productions', 'United Artists', 'Harris-Kubrick Productions']",1200000,88,3,0.2104255442670538
FALSE,10376,it,"The story of a virtuoso piano player who lives his entire life aboard an ocean liner. Born and raised on the ship, 1900 learned about the outside world through interactions with passengers, never setting foot on land, even for the love of his life. Years later, the ship may be destroyed, and a former band member fears that 1900 may still be aboard, willing to go down with the ship.",3.0962,10/28/1998,The Legend of 1900,8.255,2301,FALSE,9000000,"['Drama', 'Music']",['IT'],"['Medusa Film', 'Sciarlò']",21057208,170,3,0.3056769507803121
FALSE,670,ko,"With no clue how he came to be imprisoned, drugged and tortured for 15 years, a desperate man seeks revenge on his captors.",18.9563,11/21/2003,Oldboy,8.251,8991,FALSE,3000000,"['Drama', 'Thriller', 'Mystery', 'Action']",['KR'],"['Show East', 'Egg Film', 'Cineclick Asia']",17500000,120,1,-0.339102648
FALSE,630566,en,"Young musician Zach Sobiech discovers his cancer has spread, leaving him just a few months to live. With limited time, he follows his dream and makes an album, unaware that it will soon be a viral music phenomenon.",2.8007,10/9/2020,Clouds,8.25,1017,FALSE,0,"['Music', 'Drama', 'Romance']",['US'],"['Mad Chance', 'La Scala Films', 'Wayfarer Studios']",0,121,1,0.00304254
FALSE,164558,en,"""One Direction: This Is Us"" is a captivating and intimate all-access look at life on the road for the global music phenomenon. Weaved with stunning live concert footage, this inspiring feature film tells the remarkable story of Niall, Zayn, Liam, Harry and Louis' meteoric rise to fame, from their humble hometown beginnings and competing on the X-Factor, to conquering the world and performing at London’s famed O2 Arena. Hear it from the boys themselves and see through their own eyes what it's really like to be One Direction.",2.3536,8/28/2013,One Direction: This Is Us,8.249,1049,FALSE,10000000,"['Documentary', 'Music']","['GB', 'US']","['TriStar Pictures', 'Syco Entertainment', 'Modest! Management', 'Warrior Poets', 'Fulwell 73 Productions']",68500000,107,2,0.5106
FALSE,447362,en,"A 17 year old finds out that his girlfriend is dying, so he sets out to give her an entire life, in the last year she has left.",4.7615,11/27/2020,Life in a Year,8.241,1910,FALSE,0,"['Drama', 'Romance']",['US'],"['Columbia Pictures', 'Overbrook Entertainment']",0,107,1,-0.228728099
FALSE,504253,ja,"After his classmate and crush is diagnosed with a pancreatic disease, an average high schooler sets out to make the most of her final days.",8.8657,9/1/2018,I Want to Eat Your Pancreas,8.24,1611,FALSE,0,"['Animation', 'Drama', 'Romance']",['JP'],"['ABC Animation', 'Aniplex', 'jeki', 'Futabasha', 'Studio VOLN', 'Tohan', 'The Asahi Shimbun']",33748006,108,1,0.090417233
FALSE,527641,en,"Seventeen-year-old Stella spends most of her time in the hospital as a cystic fibrosis patient. Her life is full of routines, boundaries and self-control — all of which get put to the test when she meets Will, an impossibly charming teen who has the same illness. There's an instant flirtation, though restrictions dictate that they must maintain a safe distance between them. As their connection intensifies, so does the temptation to throw the rules out the window and embrace that attraction.",9.8965,3/14/2019,Five Feet Apart,8.239,5711,FALSE,7000000,"['Romance', 'Drama']",['US'],"['Wayfarer Entertainment', 'CBS Films']",92600000,116,3,0.030683700440528632
FALSE,508965,en,"When Jesper distinguishes himself as the Postal Academy's worst student, he is sent to Smeerensburg, a small village located on an icy island above the Arctic Circle, where grumpy inhabitants barely exchange words, let alone letters. Jesper is about to give up and abandon his duty as a postman when he meets local teacher Alva and Klaus, a mysterious carpenter who lives alone in a cabin full of handmade toys.",6.3541,11/8/2019,Klaus,8.238,4256,FALSE,0,"['Animation', 'Family', 'Adventure', 'Comedy', 'Fantasy']","['GB', 'ES', 'US']","['Atresmedia', 'The SPA Studios']",0,96,2,0.3784666187198193
FALSE,299534,en,"After the devastating events of Avengers: Infinity War, the universe is in ruins due to the efforts of the Mad Titan, Thanos. With the help of remaining allies, the Avengers must assemble once more in order to undo Thanos' actions and restore order to the universe once and for all, no matter what consequences may be in store.",25.5587,4/24/2019,Avengers: Endgame,8.238,26297,TRUE,356000000,"['Adventure', 'Science Fiction', 'Action']",['US'],['Marvel Studios'],2799439100,181,3,0.045244324
FALSE,299536,en,"As the Avengers and their allies have continued to protect the world from threats too large for any one hero to handle, a new danger has emerged from the cosmic shadows: Thanos. A despot of intergalactic infamy, his goal is to collect all six Infinity Stones, artifacts of unimaginable power, and use them to inflict his twisted will on all of reality. Everything the Avengers have fought for has led up to this moment - the fate of Earth and existence itself has never been more uncertain.",36.946,4/25/2018,Avengers: Infinity War,8.236,30486,TRUE,300000000,"['Adventure', 'Action', 'Science Fiction']",['US'],['Marvel Studios'],2052415039,149,2,-0.297155494
FALSE,25237,ru,"The invasion of a village in Byelorussia by German forces sends young Florya into the forest to join the weary Resistance fighters, against his family's wishes. There he meets a girl, Glasha, who accompanies him back to his village. On returning home, Florya finds his family and fellow peasants massacred. His continued survival amidst the brutal debris of war becomes increasingly nightmarish, a battle between despair and hope.",6.2146,10/17/1985,Come and See,8.2,1585,FALSE,0,"['Drama', 'War']",['SU'],"['Belarusfilm', 'Mosfilm']",20929648,142,3,-0.292914378
FALSE,490132,en,"Tony Lip, a bouncer in 1962, is hired to drive pianist Don Shirley on a tour through the Deep South in the days when African Americans, forced to find alternate accommodations and services due to segregation laws below the Mason-Dixon Line, relied on a guide called The Negro Motorist Green Book.",18.8641,11/16/2018,Green Book,8.232,11982,FALSE,23000000,"['Drama', 'History']",['US'],"['Participant', 'DreamWorks Pictures', 'Cinetic Media', 'Innisfree Pictures']",321752656,130,3,0.066494469
FALSE,265177,fr,"A peculiar neighbor offers hope to a recent widow who is struggling to raise a teenager who is unpredictable and, sometimes, violent.",3.9588,9/19/2014,Mommy,8.2,2753,FALSE,4900000,['Drama'],['CA'],"['Metafilms', 'Sons of Manual']",3494070,138,2,-0.428804923
FALSE,603,en,"Set in the 22nd century, The Matrix tells the story of a computer hacker who joins a group of underground insurgents fighting the vast and powerful computers who now rule the earth.",34.4871,3/31/1999,The Matrix,8.225,26336,TRUE,63000000,"['Action', 'Science Fiction']",['US'],"['Village Roadshow Pictures', 'Groucho II Film Partnership', 'Silver Pictures', 'Warner Bros. Pictures']",463517383,136,1,0.3099552074440472
FALSE,618344,en,"Earth is decimated after intergalactic tyrant Darkseid has devastated the Justice League in a poorly executed war by the DC Super Heroes. Now the remaining bastions of good – the Justice League, Teen Titans, Suicide Squad and assorted others – must regroup, strategize and take the war to Darkseid in order to save the planet and its surviving inhabitants.",4.6616,5/5/2020,Justice League Dark: Apokolips War,8.222,1489,TRUE,0,"['Animation', 'Action', 'Science Fiction', 'Adventure', 'Fantasy']",['US'],"['Warner Bros. Animation', 'DC Entertainment']",0,90,1,-0.1046576
FALSE,110420,ja,"After her werewolf lover unexpectedly dies in an accident, a woman must find a way to raise the son and daughter that she had with him. However, their inheritance of their father's traits prove to be a challenge for her.",4.7314,7/21/2012,Wolf Children,8.221,2326,FALSE,0,"['Animation', 'Family', 'Drama', 'Fantasy']",['JP'],"['Studio Chizu', 'Madhouse', 'Nippon Television Network Corporation', 'KADOKAWA Shoten', 'VAP', 'D.N. Dream Partners', 'Yomiuri Telecasting Corporation', 'TOHO']",55060661,117,1,0.6751649672508412
FALSE,98,en,"After the death of Emperor Marcus Aurelius, his devious son takes power and demotes Maximus, one of Rome's most capable generals who Marcus preferred. Eventually, Maximus is forced to become a gladiator and battle to the death against other men for the amusement of paying audiences.",33.7791,5/4/2000,Gladiator,8.219,19648,TRUE,103000000,"['Action', 'Drama', 'Adventure']",['US'],"['Universal Pictures', 'Scott Free Productions', 'Red Wagon Entertainment', 'Mill Film', 'DreamWorks Pictures']",465361176,155,1,-0.013859975
FALSE,857,en,"As U.S. troops storm the beaches of Normandy, three brothers lie dead on the battlefield, with a fourth trapped behind enemy lines. Ranger captain John Miller and seven men are tasked with penetrating German-held territory and bringing the boy home.",17.6485,7/24/1998,Saving Private Ryan,8.218,16262,FALSE,70000000,"['Drama', 'History', 'War']",['US'],"['DreamWorks Pictures', 'Paramount Pictures', 'Amblin Entertainment', 'Mutual Film Company']",481840909,169,4,-0.10739586
FALSE,441130,en,"In a time of superstition and magic, when wolves are seen as demonic and nature an evil to be tamed, a young apprentice hunter comes to Ireland with her father to wipe out the last pack. But when she saves a wild native girl, their friendship leads her to discover the world of the Wolfwalkers and transform her into the very thing her father is tasked to destroy.",4.1507,10/26/2020,Wolfwalkers,8.217,1251,FALSE,12000000,"['Animation', 'Family', 'Adventure', 'Fantasy']","['IE', 'LU', 'US']","['Cartoon Saloon', 'Melusine Productions', 'Value&Power Culture Communications', 'Film Fund Luxembourg', 'Fís Éireann/Screen Ireland', 'Broadcasting Authority of Ireland', 'Haut et Court', 'Canal+', 'RTÉ', 'OCS', 'Pôle Image Magelis', 'Folivari', 'GKIDS']",1310720,103,2,0.753456956
FALSE,315162,en,"Puss in Boots discovers that his passion for adventure has taken its toll: He has burned through eight of his nine lives, leaving him with only one life left. Puss sets out on an epic journey to find the mythical Last Wish and restore his nine lives.",22.0611,12/7/2022,Puss in Boots: The Last Wish,8.215,8159,TRUE,90000000,"['Animation', 'Adventure', 'Fantasy', 'Comedy', 'Family']",['US'],['DreamWorks Animation'],484700000,103,2,0.2691126591735968
FALSE,37257,en,An ailing famous barrister agrees to defend a man in a sensational murder trial where his self-possessed wife's unconvincing testimony confuses him.,4.6385,12/17/1957,Witness for the Prosecution,8.215,1473,FALSE,3000000,"['Drama', 'Mystery', 'Crime']",['US'],['Edward Small Productions'],9000000,116,2,0.006563177
FALSE,16869,en,"In Nazi-occupied France during World War II, a group of Jewish-American soldiers known as ""The Basterds"" are chosen specifically to spread fear throughout the Third Reich by scalping and brutally killing Nazis. The Basterds, lead by Lt. Aldo Raine soon cross paths with a French-Jewish teenage girl who runs a movie theater in Paris which is targeted by the soldiers.",17.9038,8/2/2009,Inglourious Basterds,8.215,22823,FALSE,70000000,"['Drama', 'Thriller', 'War']",['US'],"['Universal Pictures', 'The Weinstein Company', 'A Band Apart', 'Zehnte Babelsberg Film', 'Visiona Romantica']",321457747,153,4,0.27112429744183664
FALSE,635302,ja,"Tanjiro Kamado, joined with Inosuke Hashibira, a boy raised by boars who wears a boar's head, and Zenitsu Agatsuma, a scared boy who reveals his true power when he sleeps, boards the Infinity Train on a new mission with the Fire Hashira, Kyojuro Rengoku, to defeat a demon who has been tormenting the people and killing the demon slayers who oppose it!",15.2149,10/16/2020,Demon Slayer -Kimetsu no Yaiba- The Movie: Mugen Train,8.2,4082,TRUE,15700000,"['Animation', 'Action', 'Fantasy', 'Thriller']",['JP'],"['ufotable', 'Aniplex', 'Shueisha', 'TOHO']",507119058,117,1,-0.27495
FALSE,694,en,"Jack Torrance accepts a caretaker job at the Overlook Hotel, where he, along with his wife Wendy and their son Danny, must live isolated from the rest of the world for the winter. But they aren't prepared for the madness that lurks within.",19.1164,5/23/1980,The Shining,8.212,17902,TRUE,19000000,"['Horror', 'Thriller']",['US'],"['Warner Bros. Pictures', 'Peregrine', 'Hawk Films', 'The Producer Circle Co.']",44781695,144,1,-0.006331364
FALSE,50014,en,"Aibileen Clark is a middle-aged African-American maid who has spent her life raising white children and has recently lost her only son; Minny Jackson is an African-American maid who has often offended her employers despite her family's struggles with money and her desperate need for jobs; and Eugenia ""Skeeter"" Phelan is a young white woman who has recently moved back home after graduating college to find out her childhood maid has mysteriously disappeared. These three stories intertwine to explain how life in Jackson, Mississippi revolves around ""the help""; yet they are always kept at a certain distance because of racial lines.",14.3264,8/9/2011,The Help,8.207,8528,FALSE,25000000,['Drama'],['US'],"['1492 Pictures', 'Harbinger Pictures']",216600000,146,1,0.30887299097436555
FALSE,354912,en,"Despite his family’s baffling generations-old ban on music, Miguel dreams of becoming an accomplished musician like his idol, Ernesto de la Cruz. Desperate to prove his talent, Miguel finds himself in the stunning and colorful Land of the Dead following a mysterious chain of events. Along the way, he meets charming trickster Hector, and together, they set off on an extraordinary journey to unlock the real story behind Miguel's family history.",22.4794,10/27/2017,Coco,8.205,19942,TRUE,175000000,"['Family', 'Animation', 'Music', 'Adventure']",['US'],"['Pixar', 'Walt Disney Pictures']",807816196,105,2,-0.036396605
FALSE,290098,ko,"1930s Korea, in the period of Japanese occupation, a new girl, Sookee, is hired as a handmaiden to a Japanese heiress, Hideko, who lives a secluded life on a large countryside estate with her domineering Uncle Kouzuki. But the maid has a secret. She is a pickpocket recruited by a swindler posing as a Japanese Count to help him seduce the Lady to elope with him, rob her of her fortune, and lock her up in a madhouse. The plan seems to proceed according to plan until Sookee and Hideko discover some unexpected emotions.",24.2255,6/1/2016,The Handmaiden,8.206,3914,FALSE,8575000,"['Thriller', 'Drama', 'Romance']",['KR'],"['Moho Film', 'Yong Film', 'CJ Entertainment']",38600000,145,2,-0.015533329
FALSE,11,en,Princess Leia is captured and held hostage by the evil Imperial forces in their effort to take over the galactic Empire. Venturesome Luke Skywalker and dashing captain Han Solo team together with the loveable robot duo R2-D2 and C-3PO to rescue the beautiful princess and restore peace and justice in the Empire.,37.8184,5/25/1977,Star Wars,8.204,21121,TRUE,11000000,"['Adventure', 'Action', 'Science Fiction']",['US'],"['Lucasfilm Ltd.', '20th Century Fox']",775398007,121,1,-0.256390872
FALSE,1124,en,"A mysterious story of two magicians whose intense rivalry leads them on a life-long battle for supremacy -- full of obsession, deceit and jealousy with dangerous and deadly consequences.",16.4033,10/17/2006,The Prestige,8.203,16499,FALSE,40000000,"['Drama', 'Mystery', 'Science Fiction']","['GB', 'US']","['Warner Bros. Pictures', 'Touchstone Pictures', 'Newmarket Films', 'Syncopy']",109676311,130,1,0.45320035238042233
FALSE,284,en,"Bud Baxter is a minor clerk in a huge New York insurance company, until he discovers a quick way to climb the corporate ladder. He lends out his apartment to the executives as a place to take their mistresses. Although he often has to deal with the aftermath of their visits, one night he's left with a major problem to solve.",5.8408,6/21/1960,The Apartment,8.202,2411,FALSE,3000000,"['Comedy', 'Drama', 'Romance']",['US'],"['The Mirisch Company', 'United Artists']",25000000,125,1,0.042982001
FALSE,11324,en,"World War II soldier-turned-U.S. Marshal Teddy Daniels investigates the disappearance of a patient from a hospital for the criminally insane, but his efforts are compromised by troubling visions and a mysterious doctor.",22.0987,2/14/2010,Shutter Island,8.201,24500,FALSE,80000000,"['Drama', 'Thriller', 'Mystery']",['US'],"['Paramount Pictures', 'Phoenix Pictures', 'Sikelia Productions', 'Appian Way']",294804195,138,2,0.15121009639544977
FALSE,522924,en,"A family dog – with a near-human soul and a philosopher's mind – evaluates his life through the lessons learned by his human owner, a race-car driver.",5.7163,8/8/2019,The Art of Racing in the Rain,8.199,1522,FALSE,18000000,"['Drama', 'Romance']",['US'],"['Original Film', 'Shifting Gears Productions', 'Fox 2000 Pictures', 'Starbucks Entertainment']",33800000,109,3,-0.240609056
FALSE,823219,lv,"A solitary cat, displaced by a great flood, finds refuge on a boat with various species and must navigate the challenges of adapting to a transformed world together.",49.0957,8/29/2024,Flow,8.194,1903,FALSE,3700000,"['Animation', 'Fantasy', 'Adventure']",['LV'],"['Dream Well Studio', 'Sacrebleu Productions', 'Take Five', 'ARTE France Cinéma', 'RTBF']",17660107,85,1,0.2880366915674002
FALSE,324786,en,"WWII American Army Medic Desmond T. Doss, who served during the Battle of Okinawa, refuses to kill people and becomes the first Conscientious Objector in American history to receive the Congressional Medal of Honor.",33.8354,10/7/2016,Hacksaw Ridge,8.193,14073,FALSE,40000000,"['Drama', 'History', 'War']","['AU', 'GB', 'US']","['Summit Entertainment', 'Pandemonium', 'Cross Creek Pictures', 'Permut Presentations', 'Vendian Entertainment', 'Argent Pictures', 'IM Global', 'AI Film', 'Bliss Media', 'Kylin Pictures', 'Cosmos Filmed Entertainment', 'Icon Productions']",175302354,139,2,0.3258846901966331
FALSE,185,en,"In a near-future Britain, young Alexander DeLarge and his pals get their kicks beating and raping anyone they please. When not destroying the lives of others, Alex swoons to the music of Beethoven. The state, eager to crack down on juvenile crime, gives an incarcerated Alex the option to undergo an invasive procedure that'll rob him of all personal agency. In a time when conscience is a commodity, can Alex change his tune?",7.0262,12/19/1971,A Clockwork Orange,8.187,13161,FALSE,2200000,"['Science Fiction', 'Crime']",['US'],"['Warner Bros. Pictures', 'Hawk Films', 'Stanley Kubrick Productions', 'Polaris Productions Limited']",27033812,137,1,-0.04310704
FALSE,490,sv,"When disillusioned Swedish knight Antonius Block returns home from the Crusades to find his country in the grips of the Black Death, he challenges Death to a chess match for his life. Tormented by the belief that God does not exist, Block sets off on a journey, meeting up with traveling players Jof and his wife, Mia, and becoming determined to evade Death long enough to commit one redemptive act while he still lives.",4.2271,2/16/1957,The Seventh Seal,8.184,3088,FALSE,150000,"['Fantasy', 'Drama']",['SE'],['SF Studios'],311212,96,1,-0.118981903
FALSE,68718,en,"With the help of a German bounty hunter, a freed slave sets out to rescue his wife from a brutal Mississippi plantation owner.",18.4813,12/25/2012,Django Unchained,8.183,26733,FALSE,100000000,"['Drama', 'Western']",['US'],"['The Weinstein Company', 'Columbia Pictures']",425368238,165,3,-0.169357856
FALSE,5156,it,"Unemployed Antonio is elated when he finally finds work hanging posters around war-torn Rome. However on his first day, his bicycle—essential to his work—gets stolen. His job is doomed unless he can find the thief. With the help of his son, Antonio combs the city, becoming desperate for justice.",3.9833,7/21/1948,Bicycle Thieves,8.2,2469,FALSE,133000,['Drama'],['IT'],['Produzioni De Sica'],450159,89,1,-0.138010417
FALSE,18148,ja,"The elderly Shukishi and his wife, Tomi, take the long journey from their small seaside village to visit their adult children in Tokyo. Their elder son, Koichi, a doctor, and their daughter, Shige, a hairdresser, don't have much time to spend with their aged parents, and so it falls to Noriko, the widow of their younger son who was killed in the war, to keep her in-laws company.",2.7253,11/3/1953,Tokyo Story,8.2,1108,FALSE,0,['Drama'],['JP'],['Shochiku'],0,137,2,-0.001059398
FALSE,361743,en,"After more than thirty years of service as one of the Navy’s top aviators, and dodging the advancement in rank that would ground him, Pete “Maverick” Mitchell finds himself training a detachment of TOP GUN graduates for a specialized mission the likes of which no living pilot has ever seen.",25.7229,5/21/2022,Top Gun: Maverick,8.179,9803,TRUE,170000000,"['Action', 'Drama']",['US'],"['Skydance Media', 'Don Simpson/Jerry Bruckheimer Films', 'Paramount Pictures']",1488732821,131,1,0.064934824
FALSE,77,en,"Leonard Shelby is tracking down the man who raped and murdered his wife. The difficulty of locating his wife's killer, however, is compounded by the fact that he suffers from a rare, untreatable form of short-term memory loss. Although he can recall details of life before his accident, Leonard cannot remember what happened fifteen minutes ago, where he's going, or why.",15.2232,10/11/2000,Memento,8.178,15265,FALSE,9000000,"['Mystery', 'Thriller']",['US'],"['Newmarket Films', 'Summit Entertainment', 'Team Todd', 'I Remember Productions']",40047236,113,1,0.056974583
FALSE,629,en,"Held in an L.A. interrogation room, Verbal Kint attempts to convince the feds that a mythic crime lord, Keyser Soze, not only exists, but was also responsible for drawing him and his four partners into a multi-million dollar heist that ended with an explosion in San Pedro harbor – leaving few survivors. Verbal lures his interrogators with an incredible story of the crime lord's almost supernatural prowess.",14.8318,7/19/1995,The Usual Suspects,8.2,10674,FALSE,6000000,"['Drama', 'Crime', 'Thriller']",['US'],"['Bad Hat Harry Productions', 'Blue Parrot Productions']",23300000,106,4,0.4523817985998921
FALSE,348,en,"During its return to the earth, commercial spaceship Nostromo intercepts a distress signal from a distant planet. When a three-member team of the crew discovers a chamber containing thousands of eggs on the planet, a creature inside one of the eggs attacks an explorer. The entire crew is unaware of the impending nightmare set to descend upon them when the alien parasite planted inside its unfortunate host is birthed.",113.0946,5/25/1979,Alien,8.163,15249,TRUE,11000000,"['Horror', 'Science Fiction']",['US'],"['20th Century Fox', 'Brandywine Productions']",104931801,117,2,0.14694936683890344
FALSE,426,en,"A retired San Francisco detective suffering from acrophobia investigates the strange activities of an old friend's wife, all the while becoming dangerously obsessed with her.",8.3822,5/28/1958,Vertigo,8.161,5904,FALSE,2479000,"['Mystery', 'Romance', 'Thriller']",['US'],"['Paramount Pictures', 'Alfred J. Hitchcock Productions']",7808900,128,1,0.004393485
FALSE,111,en,"After getting a green card in exchange for assassinating a Cuban government official, Tony Montana stakes a claim on the drug trade in Miami. Viciously murdering anyone who stands in his way, Tony eventually becomes the biggest drug lord in the state, controlling nearly all the cocaine that comes through Miami. But increased pressure from the police, wars with Colombian drug cartels and his own drug-fueled paranoia serve to fuel the flames of his eventual downfall.",15.5493,12/9/1983,Scarface,8.161,12192,FALSE,25000000,"['Action', 'Crime', 'Drama']",['US'],"['Universal Pictures', 'Martin Bregman Productions']",66023329,170,2,-0.059413448
FALSE,1422,en,"To take down South Boston's Irish Mafia, the police send in one of their own to infiltrate the underworld, not realizing the syndicate has done likewise. While an undercover cop curries favor with the mob kingpin, a career criminal rises through the police ranks. But both sides soon discover there's a mole among them.",13.0912,10/4/2006,The Departed,8.159,15290,FALSE,90000000,"['Drama', 'Thriller', 'Crime']",['US'],"['Warner Bros. Pictures', 'Plan B Entertainment', 'Initial Entertainment Group', 'Vertigo Entertainment', 'Media Asia Films']",291465000,151,2,0.010255198768077903
FALSE,289,en,"In Casablanca, Morocco in December 1941, a cynical American expatriate meets a former lover, with unforeseen complications.",17.465,1/15/1943,Casablanca,8.158,5612,FALSE,878000,"['Drama', 'Romance']",['US'],['Warner Bros. Pictures'],10462500,103,4,0.19177467161195091
FALSE,592350,ja,"Class 1-A visits Nabu Island where they finally get to do some real hero work. The place is so peaceful that it's more like a vacation... until they're attacked by a villain with an unfathomable Quirk! His power is eerily familiar, and it looks like Shigaraki had a hand in the plan. But with All Might retired and citizens' lives on the line, there's no time for questions. Deku and his friends are the next generation of heroes, and they're the island's only hope.",7.6762,12/20/2019,My Hero Academia: Heroes Rising,8.158,1197,TRUE,0,"['Animation', 'Action', 'Fantasy', 'Adventure']",['JP'],"['BONES', 'dentsu', 'movic', 'Nippon Television Network Corporation', 'Shueisha', 'Sony Music Entertainment', 'Yomiuri Telecasting Corporation', 'TOHO']",30017163,104,1,0.063555676
FALSE,797,sv,"A young nurse, Alma, is put in charge of Elisabeth Vogler: an actress who is seemingly healthy in all respects, but will not talk. As they spend time together, Alma speaks to Elisabeth constantly, never receiving any answer.",4.0444,10/18/1966,Persona,8.2,2240,FALSE,0,['Drama'],['SE'],['SF Studios'],0,84,1,0.28707762565303546
FALSE,489,en,"Headstrong yet aimless, Will Hunting has a genius-level IQ but chooses to work as a janitor at MIT. When he secretly solves highly difficult graduate-level math problems, his talents are discovered by Professor Gerald Lambeau, who decides to help the misguided youth reach his potential. When Will is arrested for attacking a police officer, Professor Lambeau makes a deal to get leniency for him if he gets court-ordered therapy. Eventually, therapist Dr. Sean Maguire helps Will confront the demons that are holding him back.",17.3576,12/5/1997,Good Will Hunting,8.158,12781,FALSE,10000000,['Drama'],['US'],"['Lawrence Bender Productions', 'Be Gentlemen Limited Partnership', 'Miramax']",225900000,127,1,0.4633445821093527
FALSE,556574,en,"Presenting the tale of American founding father Alexander Hamilton, this filmed version of the original Broadway smash hit is the story of America then, told by America now.",5.2034,7/3/2020,Hamilton,8.2,1478,FALSE,0,"['History', 'Drama']",['US'],"['RadicalMedia', '5000 Broadway Productions', 'Nevis Productions', 'Old 320 Sycamore']",0,160,2,0.25361101183917956
FALSE,10098,en,A tramp cares for a boy after he's abandoned as a newborn by his mother. Later the mother has a change of heart and aches to be reunited with her son.,3.9014,1/21/1921,The Kid,8.156,2165,FALSE,250000,"['Comedy', 'Drama']",['US'],['Charles Chaplin Productions'],2500000,68,1,-0.000693632
FALSE,693134,en,"Follow the mythic journey of Paul Atreides as he unites with Chani and the Fremen while on a path of revenge against the conspirators who destroyed his family. Facing a choice between the love of his life and the fate of the known universe, Paul endeavors to prevent a terrible future only he can foresee.",38.7229,2/27/2024,Dune: Part Two,8.15,6613,TRUE,190000000,"['Science Fiction', 'Adventure']",['US'],['Legendary Pictures'],714444358,167,1,0.23696208322004367
FALSE,517814,ar,"After running away from his negligent parents, committing a violent crime and being sentenced to five years in jail, a hardened, streetwise 12-year-old Lebanese boy sues his parents in protest of the life they have given him.",5.2594,9/20/2018,Capernaum,8.149,1779,FALSE,4000000,['Drama'],['LB'],"['Boo Pictures', 'Mooz Films', 'Les Films des Tournelles', 'Open City Films', 'KNM', 'Synchronicity Films', 'Louverture Films', 'The Bridge Production']",64978931,126,2,0.3000708571428571
FALSE,399106,en,"A mother bird tries to teach her little one how to find food by herself. In the process, she encounters a traumatic experience that she must overcome in order to survive.",1.6029,6/16/2016,Piper,8.149,1657,FALSE,0,"['Family', 'Animation']",['US'],"['Pixar', 'Walt Disney Pictures']",0,6,1,-0.317589132
FALSE,37165,en,"Every second of every day, from the moment he was born, for the last thirty years, Truman Burbank has been the unwitting star of the longest running, most popular documentary-soap opera in history. The picture-perfect town of Seahaven that he calls home is actually a gigantic soundstage. Truman's friends and family - everyone he meets, in fact - are actors. He lives every moment under the unblinking gaze of thousands of hidden TV cameras.",24.604,6/4/1998,The Truman Show,8.147,18867,FALSE,60000000,"['Comedy', 'Drama']",['US'],"['Paramount Pictures', 'Scott Rudin Productions']",264100000,103,4,0.5957500612188003
FALSE,872,en,"In 1927 Hollywood, a silent film production company and cast make a difficult transition to sound.",7.3253,4/10/1952,Singin' in the Rain,8.147,3237,FALSE,2540800,"['Comedy', 'Romance']",['US'],['Metro-Goldwyn-Mayer'],7200000,103,1,0.3469251140751141
FALSE,606856,en,"The untold true story set in the winter of 1925 that takes you across the treacherous terrain of the Alaskan tundra for an exhilarating and uplifting adventure that will test the strength, courage and determination of one man, Leonhard Seppala, and his lead sled dog, Togo.",4.5438,12/20/2019,Togo,8.14,2089,FALSE,0,"['Adventure', 'Family']",['US'],['Walt Disney Pictures'],0,113,1,-0.24772521
FALSE,475557,en,"During the 1980s, a failed stand-up comedian is driven insane and turns to a life of crime and chaos in Gotham City while becoming an infamous psychopathic crime figure.",18.1152,10/1/2019,Joker,8.138,26402,TRUE,55000000,"['Crime', 'Thriller', 'Drama']",['US'],"['Warner Bros. Pictures', 'Joint Effort', 'Village Roadshow Pictures', 'Bron Studios', 'DC Films']",1078958629,122,1,0.097906235
FALSE,422,it,"Guido Anselmi, a film director, finds himself creatively barren at the peak of his career. Urged by his doctors to rest, Anselmi heads for a luxurious resort, but a sorry group gathers—his producer, staff, actors, wife, mistress, and relatives—each one begging him to get on with the show. In retreat from their dependency, he fantasizes about past women and dreams of his childhood.",4.6913,2/14/1963,8½,8.137,2359,FALSE,0,['Drama'],"['FR', 'IT']","['Cineriz', 'Francinex']",0,139,4,0.11320612453736614
FALSE,103,en,A mentally unstable Vietnam War veteran works as a night-time taxi driver in New York City where the perceived decadence and sleaze feed his urge for violent action.,12.4585,2/9/1976,Taxi Driver,8.134,12624,FALSE,1900000,"['Crime', 'Drama']",['US'],"['Italo/Judeo Productions', 'Bill/Phillips', 'Columbia Pictures']",28579636,114,2,0.061178933253058176
FALSE,9702,en,"Based on the true life experiences of poet Jimmy Santiago Baca, the film focuses on half-brothers Paco and Cruz, and their bi-racial cousin Miklo. It opens in 1972, as the three are members of an East L.A. gang known as the ""Vatos Locos"", and the story focuses on how a violent crime and the influence of narcotics alter their lives. Miklo is incarcerated and sent to San Quentin, where he makes a ""home"" for himself. Cruz becomes an exceptional artist, but a heroin addiction overcomes him with tragic results. Paco becomes a cop and an enemy to his ""carnal"", Miklo.",8.076,2/5/1993,Bound by Honor,8.133,1421,FALSE,35000000,"['Crime', 'Action', 'Drama', 'Thriller']",['US'],['Hollywood Pictures'],4500000,180,1,0.29320080645161295
FALSE,1026227,it,"In postwar Rome, a working-class woman dreams of a better future for herself and her daughter while facing abuse at the hands of her domineering husband. When a mysterious letter arrives, she discovers the courage to change the circumstances of her life.",2.3287,10/26/2023,There's Still Tomorrow,8.131,1362,FALSE,9000000,"['Drama', 'Comedy', 'History']",['IT'],"['Wildside', 'Vision Distribution', 'Sky Italia', 'MiC']",50108853,118,2,0.019916596638655477
FALSE,810693,ja,"Yuta Okkotsu is a nervous high school student who is suffering from a serious problem—his childhood friend Rika has turned into a curse and won't leave him alone. Since Rika is no ordinary curse, his plight is noticed by Satoru Gojo, a teacher at Jujutsu High, a school where fledgling exorcists learn how to combat curses. Gojo convinces Yuta to enroll, but can he learn enough in time to confront the curse that haunts him?",11.9437,12/24/2021,Jujutsu Kaisen 0,8.13,1487,FALSE,0,"['Animation', 'Action', 'Fantasy']",['JP'],"['MAPPA', 'Shueisha', 'Sumzap', 'MBS', 'TOHO']",195870885,105,1,0.25740160873882817
FALSE,600,en,A pragmatic U.S. Marine observes the dehumanizing effects the U.S.-Vietnam War has on his fellow recruits from their brutal boot camp training to the bloody street fighting in Hue.,11.4107,6/26/1987,Full Metal Jacket,8.1,10792,FALSE,30000000,"['Drama', 'War']",['US'],"['Natant', 'Stanley Kubrick Productions', 'Warner Bros. Pictures']",46357676,117,2,-0.083098087
FALSE,280,en,"Set ten years after the events of the original, James Cameron’s classic sci-fi action flick tells the story of a second attempt to get rid of rebellion leader John Connor, this time targeting the boy himself. However, the rebellion has sent a reprogrammed terminator to protect Connor.",15.1956,7/3/1991,Terminator 2: Judgment Day,8.124,13277,TRUE,102000000,"['Action', 'Thriller', 'Science Fiction']",['US'],"['Carolco Pictures', 'Pacific Western', 'Lightstorm Entertainment', 'Le Studio Canal+']",520000000,137,2,0.2611081190920199
FALSE,406997,en,"The story of August Pullman – a boy with facial differences – who enters fifth grade, attending a mainstream elementary school for the first time.",20.3842,11/13/2017,Wonder,8.122,7979,TRUE,20000000,"['Family', 'Drama']",['US'],"['Lionsgate', 'Participant', 'Walden Media', 'Mandeville Films', 'TIK Films']",315025930,113,1,-0.195986591
FALSE,1398,ru,"Near a gray and unnamed city is the Zone, a place guarded by barbed wire and soldiers, and where the normal laws of physics are victim to frequent anomalies. A stalker guides two men into the Zone, specifically to an area in which deep-seated desires are granted.",4.702,5/25/1979,Stalker,8.121,2283,FALSE,120000,"['Science Fiction', 'Drama']",['SU'],['Mosfilm'],0,162,1,-0.018768308
FALSE,500,en,"A botched robbery indicates a police informant, and the pressure mounts in the aftermath at a warehouse. Crime begets violence as the survivors -- veteran Mr. White, newcomer Mr. Orange, psychopathic parolee Mr. Blonde, bickering weasel Mr. Pink and Nice Guy Eddie -- unravel.",13.6482,9/2/1992,Reservoir Dogs,8.121,14603,FALSE,1200000,"['Crime', 'Thriller']",['US'],"['Live Entertainment', 'Dog Eat Dog Productions']",2859750,99,1,-0.05269313
FALSE,791373,en,"Determined to ensure Superman's ultimate sacrifice was not in vain, Bruce Wayne aligns forces with Diana Prince with plans to recruit a team of metahumans to protect the world from an approaching threat of catastrophic proportions.",17.639,3/18/2021,Zack Snyder's Justice League,8.119,10211,FALSE,70000000,"['Action', 'Adventure', 'Fantasy']",['US'],"['Warner Bros. Pictures', 'The Stone Quarry', 'Atlas Entertainment', 'Access Entertainment', 'Dune Entertainment', 'DC Films']",0,242,1,0.30593318208127573
FALSE,398818,en,"In 1980s Italy, a relationship begins between seventeen-year-old teenage Elio and the older adult man hired as his father's research assistant.",14.1181,7/28/2017,Call Me by Your Name,8.118,12292,TRUE,3500000,"['Romance', 'Drama']",['US'],"['La Cinéfacture', 'Frenesy Film', 'M.Y.R.A. Entertainment', 'RT Features', ""Water's End Productions"", 'Memento Films International']",43143046,132,3,0.16095387452664708
FALSE,935,en,"After the insane General Jack D. Ripper initiates a nuclear strike on the Soviet Union, a war room full of politicians, generals and a Russian diplomat all frantically try to stop the nuclear strike.",6.55,1/29/1964,Dr. Strangelove or: How I Learned to Stop Worrying and Love the Bomb,8.1,5765,FALSE,1800000,"['Comedy', 'War']",['GB'],['Hawk Films'],9500000,95,1,0.34006371115173667
FALSE,614,sv,"Crotchety retired doctor Isak Borg travels from Stockholm to Lund, Sweden, with his pregnant and unhappy daughter-in-law, Marianne, in order to receive an honorary degree from his alma mater. Along the way, they encounter a series of hitchhikers, each of whom causes the elderly doctor to muse upon the pleasures and failures of his own life. These include the vivacious young Sara, a dead ringer for the doctor's own first love.",3.2499,8/28/1957,Wild Strawberries,8.115,1675,FALSE,0,['Drama'],['SE'],['SF Studios'],0,91,2,0.10103783625730996
FALSE,100,en,A card shark and his unwillingly-enlisted friends need to make a lot of cash quick after losing a sketchy poker match. To do this they decide to pull a heist on a small-time gang who happen to be operating out of the flat next door.,2.5834,8/28/1998,"Lock, Stock and Two Smoking Barrels",8.115,6752,FALSE,1350000,"['Comedy', 'Crime']",['GB'],"['The Steve Tisch Company', 'SKA Films', 'Handmade Films']",28356188,105,1,0.013864691547138286
FALSE,58496,en,"The remarkable story of Brazilian racing driver Ayrton Senna, charting his physical and spiritual achievements on the track and off, his quest for perfection, and the mythical status he has since attained, is the subject of Senna, a documentary feature that spans the racing legend's years as an F1 driver, from his opening season in 1984 to his untimely death a decade later.",3.3804,10/7/2010,Senna,8.1,1080,FALSE,0,['Documentary'],['GB'],"['Universal Pictures', 'StudioCanal', 'Working Title Films', 'Midfield Films']",8212430,106,4,0.38549900497512435
FALSE,600354,en,"A man refuses all assistance from his daughter as he ages and, as he tries to make sense of his changing circumstances, he begins to doubt his loved ones, his own mind and even the fabric of his reality.",8.8454,12/23/2020,The Father,8.112,3318,FALSE,6000000,['Drama'],['GB'],"['Les Films du Cru', 'Film4 Productions', 'F Comme Film', 'Trademark Films', 'Ciné-@', 'Embankment Films']",21029340,97,1,-0.243298704
FALSE,531428,fr,"On an isolated island in Brittany at the end of the eighteenth century, a female painter is obliged to paint a wedding portrait of a young woman.",13.1345,9/18/2019,Portrait of a Lady on Fire,8.11,2675,FALSE,5740000,"['Drama', 'Romance', 'History']",['FR'],"['Lilies Films', 'ARTE France Cinéma', 'Hold Up Films']",9923127,121,2,0.23541551621952655
FALSE,508442,en,"Joe Gardner is a middle school teacher with a love for jazz music. After a successful audition at the Half Note Club, he suddenly gets into an accident that separates his soul from his body and is transported to the You Seminar, a center in which souls develop and gain passions before being transported to a newborn child. Joe must enlist help from the other souls-in-training, like 22, a soul who has spent eons in the You Seminar, in order to get back to Earth.",15.5817,12/25/2020,Soul,8.11,10745,FALSE,150000000,"['Animation', 'Family', 'Comedy', 'Fantasy']",['US'],"['Walt Disney Pictures', 'Pixar']",121977511,101,1,0.093179089
FALSE,996,en,A rich woman and a calculating insurance agent plot to kill her unsuspecting husband after he signs a double indemnity policy.,3.8472,7/6/1944,Double Indemnity,8.11,1863,FALSE,927262,"['Crime', 'Thriller']",['US'],['Paramount Pictures'],2500000,107,1,0.13047862846406766
FALSE,19,de,"In a futuristic city sharply divided between the rich and the poor, the son of the city's mastermind meets a prophet who predicts the coming of a savior to mediate their differences.",36.3369,2/6/1927,Metropolis,8.108,2854,FALSE,5300000,"['Drama', 'Science Fiction']",['DE'],['UFA'],1350322,153,1,0.3450499181246229
FALSE,458220,en,"After 12 years in prison, former high school football star Eddie Palmer returns home to put his life back together—and forms an unlikely bond with Sam, an outcast boy from a troubled home. But Eddie's past threatens to ruin his new life and family.",8.991,1/28/2021,Palmer,8.106,1695,FALSE,0,['Drama'],['US'],"['SK Global Entertainment', 'Sidney Kimmel Entertainment']",0,110,1,0.002638242
FALSE,843,cn,"In 1962 Hong Kong, two neighbors form a strong bond after both suspect extramarital activities of their spouses.",10.0973,9/29/2000,In the Mood for Love,8.103,2906,TRUE,150000,"['Drama', 'Romance']",['HK'],"['Block 2 Pictures', 'Paradis Films', 'Jet Tone Production']",14204632,99,3,0.5195136205698399
FALSE,664767,en,"After the vicious slaughter of his family by stone-cold mercenary Sub-Zero, Hanzo Hasashi is exiled to the torturous Netherrealm. There, in exchange for his servitude to the sinister Quan Chi, he’s given a chance to avenge his family – and is resurrected as Scorpion, a lost soul bent on revenge. Back on Earthrealm, Lord Raiden gathers a team of elite warriors – Shaolin monk Liu Kang, Special Forces officer Sonya Blade and action star Johnny Cage – an unlikely band of heroes with one chance to save humanity. To do this, they must defeat Shang Tsung’s horde of Outworld gladiators and reign over the Mortal Kombat tournament.",6.5386,4/12/2020,Mortal Kombat Legends: Scorpion's Revenge,8.102,1403,TRUE,0,"['Animation', 'Action', 'Fantasy']",['US'],['Warner Bros. Animation'],0,80,1,0.45286627906976723
FALSE,470044,en,"Raised in a poverty-stricken slum, a 16-year-old girl named Starr now attends a suburban prep school. After she witnesses a police officer shoot her unarmed best friend, she's torn between her two very different worlds as she tries to speak her truth.",3.9117,10/19/2018,The Hate U Give,8.1,2150,FALSE,23000000,"['Crime', 'Drama']",['US'],['Temple Hill Entertainment'],34934009,133,1,0.19915568366793268
FALSE,411088,es,"Barcelona, Spain. Adrián Doria, a young and successful businessman accused of murder, meets one night with Virginia Goodman, an expert interrogation lawyer, in order to devise a defense strategy.",9.4667,1/6/2017,The Invisible Guest,8.099,4657,FALSE,4000000,"['Drama', 'Mystery', 'Thriller']",['ES'],"['Think Studio', 'Nostromo Pictures', 'Colosé Producciones', 'ICEC', 'Movistar+', 'TV3', 'Atresmedia', 'Orange', 'Cosmopolitan TV']",30000000,107,1,-0.229288052
FALSE,146233,en,"Keller Dover is facing every parent’s worst nightmare. His six-year-old daughter, Anna, is missing, together with her young friend, Joy, and as minutes turn to hours, panic sets in. The only lead is a dilapidated RV that had earlier been parked on their street.",25.977,9/19/2013,Prisoners,8.098,12147,FALSE,46000000,"['Drama', 'Thriller', 'Crime']",['US'],"['Alcon Entertainment', '8:38 Productions', 'Madhouse Entertainment']",122126687,153,1,-0.153344431
FALSE,11878,ja,"A nameless ronin, or samurai with no master, enters a small village in feudal Japan where two rival businessmen are struggling for control of the local gambling trade. Taking the name Sanjuro Kuwabatake, the ronin convinces both silk merchant Tazaemon and sake merchant Tokuemon to hire him as a personal bodyguard, then artfully sets in motion a full-scale gang war between the two ambitious and unscrupulous men.",2.6494,4/25/1961,Yojimbo,8.099,1526,TRUE,0,"['Drama', 'Thriller']",['JP'],['TOHO'],0,110,1,0.3067654484287788
FALSE,10681,en,"What if mankind had to leave Earth and somebody forgot to turn the last robot off? After hundreds of years doing what he was built for, WALL•E discovers a new purpose in life when he meets a sleek search robot named EVE. EVE comes to realize that WALL•E has inadvertently stumbled upon the key to the planet's future, and races back to space to report to the humans. Meanwhile, WALL•E chases EVE across the galaxy and sets into motion one of the most imaginative adventures ever brought to the big screen.",15.4263,6/22/2008,WALL·E,8.098,19184,FALSE,180000000,"['Animation', 'Family', 'Science Fiction']",['US'],"['Pixar', 'Walt Disney Pictures']",521311860,98,1,0.22541005336876244
FALSE,239,en,"Two musicians witness a mob hit and struggle to find a way out of the city before they are found by the gangsters. Their only opportunity is to join an all-girl band as they leave on a tour. To make their getaway they must first disguise themselves as women, then keep their identities secret and deal with the problems this brings - such as an attractive bandmate and a very determined suitor.",5.0022,3/19/1959,Some Like It Hot,8.1,3579,FALSE,2883848,"['Comedy', 'Romance', 'Crime']",['US'],['The Mirisch Company'],25000000,122,1,0.6442303329223181
FALSE,46738,fr,"A mother's last wishes send twins Jeanne and Simon on a journey to Middle East in search of their tangled roots. Adapted from Wajdi Mouawad's acclaimed play, Incendies tells the powerful and moving tale of two young adults' voyage to the core of deep-rooted hatred, never-ending wars and enduring love.",11.9133,9/17/2010,Incendies,8.095,2908,FALSE,6800000,"['Drama', 'War', 'Mystery']",['CA'],"['TS Productions', 'Phi Group', 'micro_scope']",6788659,131,3,0.4232670165889062
FALSE,698687,en,"The untold origin story of Optimus Prime and Megatron, better known as sworn enemies, but once were friends bonded like brothers who changed the fate of Cybertron forever.",24.9541,9/11/2024,Transformers One,8.094,1217,FALSE,75000000,"['Animation', 'Science Fiction', 'Adventure', 'Family']",['US'],"['Paramount Animation', 'di Bonaventura Pictures', 'DeSanto/Murphy Productions', 'Bay Films', 'New Republic Pictures', 'Hasbro Entertainment']",128888103,104,1,0.28278858182479766
FALSE,103663,da,"A teacher lives a lonely life, all the while struggling over his son’s custody. His life slowly gets better as he finds love and receives good news from his son, but his new luck is about to be brutally shattered by an innocent little lie.",4.3767,6/13/2012,The Hunt,8.093,4345,FALSE,3800000,['Drama'],['DK'],"['Zentropa International Sweden', 'Zentropa Entertainments', 'Film i Väst']",18300000,116,3,0.1875247396588733
FALSE,655,en,"A man wanders out of the desert not knowing who he is. His brother finds him, and helps to pull his memory back of the life he led before he walked out on his family and disappeared four years earlier.",7.4473,7/16/1984,"Paris, Texas",8.093,1960,FALSE,1750000,['Drama'],['DE'],"['Road Movies', 'Argos films', 'WDR', 'Channel Four Films', 'Pro-ject Filmproduktion']",2181987,145,2,0.4543800430725055
FALSE,762975,en,"An aspiring musician agrees to a marriage of convenience with a soon-to-deploy Marine, but a tragedy soon turns their fake relationship all too real.",9.1757,7/29/2022,Purple Hearts,8.1,2662,FALSE,0,"['Romance', 'Drama']",['US'],"['Alloy Entertainment', 'Embankment Films', 'Gidden Media']",0,122,1,-0.052589509
FALSE,38,en,"Joel Barish, heartbroken that his girlfriend underwent a procedure to erase him from her memory, decides to do the same. However, as he watches his memories of her fade away, he realises that he still loves her, and may be too late to correct his mistake.",13.0655,3/19/2004,Eternal Sunshine of the Spotless Mind,8.1,15418,FALSE,20000000,"['Science Fiction', 'Drama', 'Romance']",['US'],"['Focus Features', 'Anonymous Content', 'This is that']",72258126,108,1,0.46467761949712527
FALSE,149871,ja,"Found inside a shining stalk of bamboo by an old bamboo cutter and his wife, a tiny girl grows rapidly into an exquisite young lady. The mysterious young princess enthrals all who encounter her. But, ultimately, she must confront her fate.",3.8922,11/23/2013,The Tale of The Princess Kaguya,8.089,1831,FALSE,49300000,"['Animation', 'Drama', 'Fantasy']",['JP'],"['Studio Ghibli', 'Hakuhodo DY Media Partners', 'KDDI', 'Mitsubishi Shoji', 'Nippon Television Network Corporation', 'TOHO', 'T2 Studio']",24366656,137,1,-0.579508089
FALSE,406,fr,"After a chaotic night of rioting in a marginal suburb of Paris, three young friends, Vinz, Hubert and Saïd, wander around unoccupied waiting for news about the state of health of a mutual friend who has been seriously injured when confronting the police.",7.2351,5/31/1995,La Haine,8.089,4200,FALSE,2600000,['Drama'],['FR'],"['Kasso Productions', 'La Sept Cinéma', 'Les Productions Lazennec', 'Canal+', 'StudioCanal']",15300000,98,1,-0.234793365
FALSE,12445,en,"Harry, Ron and Hermione continue their quest to vanquish the evil Voldemort once and for all. Just as things begin to look hopeless for the young wizards, Harry discovers a trio of magical objects that endow him with powers to rival Voldemort's formidable skills.",19.3349,7/12/2011,Harry Potter and the Deathly Hallows: Part 2,8.087,20996,TRUE,125000000,"['Fantasy', 'Adventure']",['GB'],"['Warner Bros. Pictures', 'Heyday Films']",1341511219,130,1,-0.008622809
FALSE,755812,fr,"Marinette’s class is headed to New York, the city of superheroes, for French-American Friendship Week. The whole class is there...except Adrien, whose father refuses to let him go!",6.1464,9/25/2020,"Miraculous World: New York, United HeroeZ",8.085,1108,TRUE,0,"['Animation', 'TV Movie', 'Fantasy', 'Action']",['FR'],"['Zagtoon', 'Method Animation', 'SAMG Entertainment', 'TF1', 'Gloob', 'Norman Studio', 'Télé-Québec', 'The Walt Disney Company EMEA', 'Morena Films', 'Toei Animation']",0,61,1,
FALSE,387,de,"A German submarine hunts allied ships during the Second World War, but it soon becomes the hunted. The crew tries to survive below the surface, while stretching both the boat and themselves to their limits.",5,9/17/1981,Das Boot,8.083,2287,FALSE,14000000,"['Drama', 'History', 'War']",['DE'],"['Radiant Film GmbH', 'Süddeutscher Rundfunk', 'Bavaria Film', 'Twin Bros. Productions', 'Columbia Pictures', 'WDR', 'PSO']",85000000,150,3,0.4395325397619285
FALSE,705,en,"From the moment she glimpses her idol at the stage door, Eve Harrington is determined to take the reins of power away from the great actress Margo Channing. Eve maneuvers her way into Margo's Broadway role, becomes a sensation and even causes turmoil in the lives of Margo's director boyfriend, her playwright and his wife. Only the cynical drama critic sees through Eve, admiring her audacity and perfect pattern of deceit.",3.4401,11/9/1950,All About Eve,8.08,1574,FALSE,1400000,['Drama'],['US'],['20th Century Fox'],8400000,139,2,0.2227666666666666
FALSE,832,de,"In this classic German thriller, Hans Beckert, a serial killer who preys on children, becomes the focus of a massive Berlin police manhunt. Beckert's heinous crimes are so repellant and disruptive to city life that he is even targeted by others in the seedy underworld network. With both cops and criminals in pursuit, the murderer soon realizes that people are on his trail, sending him into a tense, panicked attempt to escape justice.",4.641,5/11/1931,M,8.1,2252,FALSE,0,"['Drama', 'Thriller', 'Crime']",['DE'],['Nero-Film AG'],35274,111,1,0.13691774887558048
FALSE,397567,ko,"Having died unexpectedly, firefighter Ja-hong is taken to the afterlife by 3 afterlife guardians. Only when he passes 7 trials over 49 days and proves he was innocent in human life, he’s able to reincarnate, and his 3 afterlife guardians are by his side to defend him in trial.",8.5605,12/20/2017,Along with the Gods: The Two Worlds,8.074,1086,TRUE,18300000,"['Action', 'Adventure', 'Drama', 'Fantasy', 'Thriller']",['KR'],"['Lotte Entertainment', 'Dexter Studios', 'Realies Pictures', 'Korean Film Council', 'Alpha Pictures', 'kth', 'Union Investment Partners']",125983972,139,1,0.644604082
FALSE,7345,en,"Ruthless silver miner, turned oil prospector, Daniel Plainview, moves to oil-rich California. Using his son to project a trustworthy, family-man image, Plainview cons local landowners into selling him their valuable properties for a pittance. However, local preacher Eli Sunday suspects Plainview's motives and intentions, starting a slow-burning feud that threatens both their lives.",12.5475,12/26/2007,There Will Be Blood,8.072,6813,FALSE,25000000,['Drama'],['US'],"['Paramount Vantage', 'Miramax', 'JoAnne Sellar Productions', 'Ghoulardi Film Company']",77208711,158,1,0.13041113840050064
FALSE,8392,ja,"Two sisters move to the country with their father in order to be closer to their hospitalized mother, and discover the surrounding trees are inhabited by Totoros, magical spirits of the forest. When the youngest runs away from home, the older sister seeks help from the spirits to find her.",16.1086,4/16/1988,My Neighbor Totoro,8.071,8224,FALSE,3700000,"['Fantasy', 'Animation', 'Family']",['JP'],"['Studio Ghibli', 'Nibariki', 'Tokuma Shoten']",41000000,86,1,0.051273052655850394
FALSE,439,it,"Episodic journey of journalist Marcello who struggles to find his place in the world, torn between the allure of Rome's elite social scene and the stifling domesticity offered by his girlfriend, all the while searching for a way to become a serious writer.",4.211,2/5/1960,La Dolce Vita,8.071,1913,FALSE,0,"['Comedy', 'Drama']",['IT'],"['Cinecittà Studios', 'Pathé Consortium Cinéma', 'Riama Film']",19647000,176,4,0.10238923512747874
FALSE,548,ja,"Brimming with action while incisively examining the nature of truth, ""Rashomon"" is perhaps the finest film ever to investigate the philosophy of justice. Through an ingenious use of camera and flashbacks, Kurosawa reveals the complexities of human nature as four people recount different versions of the story of a man's murder and the rape of his wife.",4.9928,8/26/1950,Rashomon,8.07,2303,FALSE,250000,"['Crime', 'Drama', 'Mystery']",['JP'],['Daiei Film'],117668,88,1,0.05448811
FALSE,1091,en,"In the winter of 1982, a twelve-man research team at a remote Antarctic research station discovers an alien buried in the snow for over 100,000 years. Soon unfrozen, the form-changing creature wreaks havoc, creates terror... and becomes one of them.",35.425,6/25/1982,The Thing,8.069,7268,TRUE,15000000,"['Horror', 'Mystery', 'Science Fiction']",['US'],"['Universal Pictures', 'The Turman-Foster Company']",19629760,109,2,0.062611942
FALSE,359940,en,"After seven months have passed without a culprit in her daughter's murder case, Mildred Hayes makes a bold move, painting three signs leading into her town with a controversial message directed at Bill Willoughby, the town's revered chief of police. When his second-in-command Officer Jason Dixon, an immature mother's boy with a penchant for violence, gets involved, the battle between Mildred and Ebbing's law enforcement is only exacerbated.",12.4727,12/1/2017,"Three Billboards Outside Ebbing, Missouri",8.068,10313,FALSE,15000000,"['Crime', 'Drama']","['GB', 'US']","['Blueprint Pictures', 'Cutting Edge Group', 'Fox Searchlight Pictures', 'Film4 Productions']",162729321,115,1,0.17693305362695413
FALSE,4348,en,"A story of love and life among the landed English gentry during the Georgian era. Mr. Bennet is a gentleman living in Hertfordshire with his overbearing wife and five daughters, but if he dies their house will be inherited by a distant cousin whom they have never met, so the family's future happiness and security is dependent on the daughters making good marriages.",22.7132,9/16/2005,Pride & Prejudice,8.066,8230,FALSE,28000000,"['Drama', 'Romance']",['GB'],"['StudioCanal', 'Working Title Films', 'Scion Films', 'Focus Features']",124604345,127,1,0.20853863028357414
FALSE,62,en,"Humanity finds a mysterious object buried beneath the lunar surface and sets off to find its origins with the help of HAL 9000, the world's most advanced super computer.",13.4237,4/2/1968,2001: A Space Odyssey,8.065,11813,TRUE,12000000,"['Science Fiction', 'Mystery', 'Adventure']","['US', 'GB']","['Stanley Kubrick Productions', 'Metro-Goldwyn-Mayer']",71923560,149,2,0.10239103115753238
FALSE,437068,ko,"May, 1980. Man-seob is a taxi driver in Seoul who lives from hand to mouth, raising his young daughter alone. One day, he hears that there is a foreigner who will pay big money for a drive down to Gwangju city. Not knowing that he’s a German journalist with a hidden agenda, Man-seob takes the job.",4.1552,8/2/2017,A Taxi Driver,8.064,1044,FALSE,12820005,"['Action', 'Drama', 'History']",['KR'],"['The LAMP', 'Showbox']",81927980,138,4,0.45463926499032875
FALSE,992,en,"A film projectionist longs to be a detective, and puts his meagre skills to work when he is framed by a rival for stealing his girlfriend's father's pocketwatch.",2.8874,4/17/1924,Sherlock Jr.,8.064,1036,FALSE,0,"['Action', 'Comedy', 'Mystery']",['US'],['Metro Pictures Corporation'],0,45,1,0.065027242
FALSE,555604,en,"During the rise of fascism in Mussolini's Italy, a wooden boy brought magically to life struggles to live up to his father's expectations.",7.3068,11/9/2022,Guillermo del Toro's Pinocchio,8.063,3038,FALSE,35000000,"['Animation', 'Fantasy', 'Adventure']",['US'],"['The Jim Henson Company', 'ShadowMachine', 'Double Dare You']",0,117,1,-0.010081491
FALSE,872585,en,The story of J. Robert Oppenheimer's role in the development of the atomic bomb during World War II.,41.0292,7/19/2023,Oppenheimer,8.061,10188,FALSE,100000000,"['Drama', 'History']",['US'],"['Syncopy', 'Universal Pictures', 'Atlas Entertainment', 'Breakheart Films', 'Peters Creek Entertainment']",952000000,181,2,0.22190827931768892
FALSE,11423,ko,"During the late 1980s, two detectives in a South Korean province attempt to solve the nation's first series of rape-and-murder cases.",9.1861,4/25/2003,Memories of Murder,8.06,4019,FALSE,2800000,"['Crime', 'Drama', 'Thriller']",['KR'],"['CJ Entertainment', 'Muhan Investment', 'Sidus']",26000000,131,2,-0.599151658
FALSE,522518,en,A dog finds the meaning of his own existence through the lives of the humans he meets.,4.7664,5/3/2019,A Dog's Journey,8.059,1546,TRUE,16000000,"['Family', 'Adventure', 'Drama']",['US'],"['Amblin Entertainment', 'Reliance Entertainment', 'Walden Media', 'Alibaba Pictures Group', 'Pariah', 'DreamWorks Pictures', 'Amblin Partners']",78871079,109,1,0.634807333
FALSE,11645,ja,"With Ran, legendary director Akira Kurosawa reimagines Shakespeare's King Lear as a singular historical epic set in sixteenth-century Japan. Majestic in scope, the film is Kurosawa's late-life masterpiece, a profound examination of the folly of war and the crumbling of one family under the weight of betrayal, greed, and the insatiable thirst for power.",3.4747,6/1/1985,Ran,8.1,1614,FALSE,11500005,"['Action', 'Drama', 'History']",['JP'],"['Nippon Herald Films', 'Greenwich Film Production', 'Herald Ace']",11859533,160,1,0.11405040071960873
FALSE,7347,pt,"In 1997, before the visit of the pope to Rio de Janeiro, Captain Nascimento from BOPE (Special Police Operations Battalion) is assigned to eliminate the risks of the drug dealers in a dangerous slum nearby where the pope intends to be lodged.",5.4292,10/12/2007,Elite Squad,8.1,2497,TRUE,4000000,"['Drama', 'Action', 'Crime']",['BR'],"['Universal Pictures do Brasil', 'The Weinstein Company', 'Zazen Produções', 'Estúdios Mega', 'Quanta Centro de Produções Cinematográficas', 'Costa Films', 'Posto 9', 'Feijão Filmes']",14759148,115,1,0.18976354625550665
FALSE,381284,en,"The untold story of Katherine G. Johnson, Dorothy Vaughan and Mary Jackson – brilliant African-American women working at NASA and serving as the brains behind one of the greatest operations in history – the launch of astronaut John Glenn into orbit. The visionary trio crossed all gender and race lines to inspire generations to dream big.",14.4045,12/10/2016,Hidden Figures,8.055,9933,FALSE,25000000,"['Drama', 'History']",['US'],"['Fox 2000 Pictures', 'Levantine Films', 'Chernin Entertainment']",235957472,127,1,0.49753771608832814
FALSE,1955,en,"A Victorian surgeon rescues a heavily disfigured man being mistreated by his ""owner"" as a side-show freak. Behind his monstrous façade, there is revealed a person of great intelligence and sensitivity. Based on the true story of Joseph Merrick (called John Merrick in the film), a severely deformed man in 19th century London.",9.2465,10/9/1980,The Elephant Man,8.049,3634,FALSE,5000000,"['Drama', 'History']",['US'],"['Brooksfilms', 'Paramount Pictures']",26000000,124,1,0.095835506
FALSE,334543,en,"A five-year-old Indian boy gets lost on the streets of Calcutta, thousands of kilometers from home. He survives many challenges before being adopted by a couple in Australia; 25 years later, he sets out to find his lost family.",8.8156,11/24/2016,Lion,8.047,6685,FALSE,12000000,['Drama'],['AU'],"['The Weinstein Company', 'See-Saw Films', 'Screen Australia', 'Aquarius Films', 'Sunstar Entertainment']",140312928,118,3,-0.005262776
FALSE,120467,en,"The Grand Budapest Hotel tells of a legendary concierge at a famous European hotel between the wars and his friendship with a young employee who becomes his trusted protégé. The story involves the theft and recovery of a priceless Renaissance painting, the battle for an enormous family fortune and the slow and then sudden upheavals that transformed Europe during the first half of the 20th century.",12.3199,2/26/2014,The Grand Budapest Hotel,8.043,15141,FALSE,30000000,"['Comedy', 'Drama']",['US'],"['Fox Searchlight Pictures', 'Scott Rudin Productions', 'Studio Babelsberg', 'Indian Paintbrush', 'TSG Entertainment', 'American Empirical Pictures']",174600318,100,2,0.5750802203554172
FALSE,26022,hi,"Rizwan Khan, a Muslim from the Borivali section of Mumbai, has Asperger's syndrome. He marries a Hindu single mother, Mandira, in San Francisco. After 9/11, Rizwan is detained by authorities at LAX who treat him as a terrorist because of his condition and his race.",4.8677,2/10/2010,My Name Is Khan,8,1347,FALSE,12000000,"['Drama', 'Romance']",['IN'],"['Dharma Productions', 'Fox Searchlight Pictures', 'Red Chillies Entertainment', 'Fox Star Studios', 'Image Nation Abu Dhabi', 'Fox International Productions', 'Mandate International', 'Star China Media']",42345360,165,2,0.31243
FALSE,582,de,"In 1983 East Berlin, dedicated Stasi officer Gerd Wiesler begins spying on a famous playwright and his actress-lover Christa-Maria. Wiesler becomes unexpectedly sympathetic to the couple, and faces conflicting loyalties when his superior takes a liking to Christa-Maria.",7.4945,3/23/2006,The Lives of Others,8.035,3786,FALSE,2000000,"['Drama', 'Thriller']",['DE'],"['Creado Film', 'Wiedemann & Berg Film', 'ARTE', 'BR']",77672685,137,1,0.750353102
FALSE,538362,it,"The incredible true story behind the most controversial Italian court cases in recent years. Stefano Cucchi was arrested for a minor crime and mysteriously found dead during his detention. In one week's time, a family is changed forever.",1.553,9/12/2018,On My Skin,8.031,1860,FALSE,0,['Drama'],['IT'],"['Cinemaundici', 'Lucky Red']",0,100,2,
FALSE,106646,en,"A New York stockbroker refuses to cooperate in a large securities fraud case involving corruption on Wall Street, corporate banking world and mob infiltration. Based on Jordan Belfort's autobiography.",24.7399,12/25/2013,The Wolf of Wall Street,8.029,24573,FALSE,100000000,"['Crime', 'Drama', 'Comedy']",['US'],"['Red Granite Pictures', 'Appian Way', 'Sikelia Productions', 'EMJAG Productions']",407038432,180,2,0.2692085807011163
FALSE,9277,en,A novice con man teams up with an acknowledged master to avenge the murder of a mutual friend by pulling off the ultimate big con and swindling a fortune from a big-time mobster.,6.505,12/25/1973,The Sting,8.028,2697,TRUE,5500000,"['Comedy', 'Crime', 'Drama']",['US'],"['Universal Pictures', 'The Zanuck/Brown Company', 'David Brown Productions']",159616327,129,1,0.29510249066002486
FALSE,43949,en,"When Juli meets Bryce in the second grade, she knows it's true love. After spending six years trying to convince Bryce the same, she's ready to give up - until he starts to reconsider.",20.799,8/6/2010,Flipped,8.025,3119,FALSE,14000000,"['Romance', 'Drama']",['US'],['Reiner / Greisman Productions'],4324817,89,1,-0.089467244
FALSE,279,en,Disciplined Italian composer Antonio Salieri becomes consumed by jealousy and resentment towards the hedonistic and remarkably talented young Viennese composer Wolfgang Amadeus Mozart.,36.9494,9/19/1984,Amadeus,8,4395,FALSE,18000000,"['History', 'Music', 'Drama']",['US'],['The Saul Zaentz Company'],90007557,160,4,0.2339162837577446
FALSE,147,fr,"For young Parisian boy Antoine Doinel, life is one difficult situation after another. Surrounded by inconsiderate adults, including his neglectful parents, Antoine spends his days with his best friend, Rene, trying to plan for a better life. When one of their schemes goes awry, Antoine ends up in trouble with the law, leading to even more conflicts with unsympathetic authority figures.",2.0194,6/3/1959,The 400 Blows,8.025,2191,TRUE,0,['Drama'],['FR'],"['Les Films du Carrosse', 'Sédif Productions']",0,99,2,0.335390625
FALSE,638507,en,"It's been ten years since the dragons moved to the Hidden World, and even though Toothless doesn't live in New Berk anymore, Hiccup continues the holiday traditions he once shared with his best friend. But the Vikings of New Berk were beginning to forget about their friendship with dragons. Hiccup, Astrid, and Gobber know just what to do to keep the dragons in the villagers' hearts. And across the sea, the dragons have a plan of their own...",8.3847,12/3/2019,How to Train Your Dragon: Homecoming,8.024,1007,FALSE,0,"['Animation', 'Fantasy', 'Adventure', 'Action', 'Family']",['US'],['DreamWorks Animation'],0,22,1,0.13601651785714283
FALSE,521,en,"An ex-tennis pro carries out a plot to have his wealthy wife murdered after discovering she is having an affair, and assumes she will soon leave him for the other man anyway.",3.6288,5/29/1954,Dial M for Murder,8,2665,FALSE,1400000,"['Thriller', 'Crime']",['US'],['Warner Bros. Pictures'],3000000,105,1,-0.384054412
FALSE,938,it,"Two bounty hunters both pursue the brutal and sadistic bandit, El Indio, who has a large bounty on his head.",7.8209,12/18/1965,For a Few Dollars More,8.017,4114,FALSE,600000,['Western'],['IT'],"['PEA', 'Constantin Film', 'Arturo González PC']",15000000,132,1,0.2551207233004559
FALSE,641,en,The drug-induced utopias of four Coney Island residents are shattered when their addictions run deep.,6.6688,10/6/2000,Requiem for a Dream,8.016,10260,FALSE,4500000,"['Crime', 'Drama']",['US'],"['Artisan Entertainment', 'Thousand Words', 'Protozoa Pictures']",7390108,102,1,0.268218367
FALSE,789708,en,"When Hilda wakes up in the body of a troll, she must use her wits and courage to get back home, become human again — and save the city of Trolberg.",1.0561,12/30/2021,Hilda and the Mountain King,7.5,165,FALSE,0,"['Animation', 'Adventure', 'Fantasy', 'Family', 'TV Movie']","['CA', 'US', 'GB']",['Silvergate Media'],0,84,1,
FALSE,260234,en,"When Draculaura is led to believe she's the rightful heir to the vampire throne, she and her best ghoulfriends are whisked away to Transylvania for a royal coronation to die for. But they soon discover the hunt for the queen is not over yet. The Ghouls must locate an ancient artifact known as the Vampire's Heart in order to discover the identity of the true Vampire Queen. It's a fangtastic adventure that will lead them from the Tower of Londoom, to a haunted river boat in New Goreleans and finally to the glamorous boo-vie lots of Hauntlywood. Could this be the moment when Draculara finally receives her vampire powers and discovers screams really can come true?",2.5912,3/25/2014,"Monster High: Frights, Camera, Action!",7.5,138,TRUE,0,"['Family', 'Animation', 'Fantasy']",['US'],"['Nerd Corps Entertainment', 'Mattel']",0,72,1,
FALSE,42170,ja,"A thief, a murderer, and a charming lady-killer, Iwao Enokizu is on the run from the police.",1.559,4/21/1979,Vengeance Is Mine,7.5,136,FALSE,0,"['Crime', 'Drama']",['JP'],"['Imamura Productions', 'Shochiku']",0,140,1,0.10505714285714285
FALSE,25468,en,"Wally, a struggling playwright and actor, reluctantly agrees to catch up with his old friend Andre, a theater director who disappeared several years prior in order to travel the world. Meeting at a posh Manhattan restaurant, the two share life stories, anecdotes and philosophical musings over the course of an evening meal.",2.7245,10/11/1981,My Dinner with Andre,7.5,410,FALSE,475000,['Drama'],['US'],"['The Andre Company', 'Saga Productions Inc.']",5250000,110,1,0.3324555161305384
FALSE,21712,ja,"Nishi is a loser who has a crush on his childhood girlfriend. After an encounter with the Japanese mafia, he journeys to heaven and back, and ends up trapped in an even more unlikely place.",2.7719,8/7/2004,Mind Game,7.5,289,FALSE,0,"['Animation', 'Romance', 'Comedy', 'Drama', 'Fantasy']",['JP'],"['STUDIO4℃', 'Asmik Ace Entertainment', 'Rentrak Japan', 'Beyond C.']",36613,103,1,0.059123567839195965
FALSE,15318,ja,"A spell of time in the life of a family in rural Tochigi prefecture. Yoshiko is not an ordinary housewife, instead working on an animated film project. Uncle Ayano, a successful music producer, is looking to get his head together after living in Tokyo. Meanwhile, Sachiko is concerned with why she seems to be followed by a giant version of herself. As the lazy days pass by, each member of the family is followed in a series of episodic vignettes.",2.6515,7/17/2004,The Taste of Tea,7.5,152,FALSE,0,"['Comedy', 'Drama']",['JP'],"['AOI Pro.', 'Rentrak Japan', 'THE KLOCKWORX', 'Grasshoppa!']",0,143,1,
FALSE,10604,el,An uptight English writer traveling to Crete on a matter of business finds his life changed forever when he meets the gregarious Alexis Zorba.,1.8777,12/14/1964,Zorba the Greek,7.5,351,FALSE,783000,['Drama'],"['US', 'GR']",['20th Century Fox'],9000000,142,2,-0.301921772
FALSE,8342,bs,"Two soldiers from opposite sides get stuck between the front lines in the same trench. The UN is asked to free them and both sides agree on a ceasefire, but will they stick to it?",1.769,5/12/2001,No Man's Land,7.5,456,FALSE,1012153,"['Action', 'History', 'War']",['BA'],"['Noé Productions', 'Fabrica Cinema', ""Man's Films"", 'Counihan Villiers Productions', 'Studio Maj']",4858869,98,6,0.14919166666666664
FALSE,1786,fr,"Au revoir les enfants tells a heartbreaking story of friendship and devastating loss concerning two boys living in Nazi-occupied France. At a provincial Catholic boarding school, the precocious youths enjoy true camaraderie—until a secret is revealed. Based on events from writer-director Malle’s own childhood, the film is a subtle, precisely observed tale of courage, cowardice, and tragic awakening.",1.8099,10/7/1987,Au Revoir les Enfants,7.5,670,FALSE,105,"['Drama', 'War']",['FR'],"['Nouvelles Éditions de Films', 'MK2 Films', 'Stella Film', 'N.E.F. Filmproduktion und Vertriebs (I)']",4542825,105,5,0.56494
FALSE,822,bn,"An aging, decadent landlord’s passion for music becomes the undoing of his legacy as he sacrifices his wealth in order to compete with the opulent music room of his younger, richer neighbour.",0.7199,10/10/1958,The Music Room,7.5,145,FALSE,0,"['Drama', 'Music']",['IN'],['Arora'],0,100,1,
FALSE,786,en,"In 1973, 15-year-old William Miller's unabashed love of music and aspiration to become a rock journalist lands him an assignment from Rolling Stone magazine to interview and tour with the up-and-coming band, Stillwater.",6.6216,9/15/2000,Almost Famous,7.5,2847,FALSE,60000000,"['Drama', 'Music']",['US'],"['DreamWorks Pictures', 'Columbia Pictures', 'Vinyl Films']",47386287,124,1,0.3400801829704101
FALSE,614934,en,"The life story of Elvis Presley as seen through the complicated relationship with his enigmatic manager, Colonel Tom Parker.",9.0277,6/22/2022,Elvis,7.5,3551,FALSE,85000000,"['Drama', 'Music', 'History']","['AU', 'US']","['Warner Bros. Pictures', 'Bazmark', 'The Jackal Group']",288670284,159,1,-0.050619595
FALSE,487558,en,"Colorado Springs, late 1970s. Ron Stallworth, an African American police officer, and Flip Zimmerman, his Jewish colleague, run an undercover operation to infiltrate the Ku Klux Klan.",6.4955,8/9/2018,BlacKkKlansman,7.498,7661,FALSE,15000000,"['Crime', 'Comedy', 'Drama', 'History']",['US'],"['Focus Features', 'Legendary Pictures', 'QC Entertainment', 'Blumhouse Productions', 'Monkeypaw Productions', '40 Acres and a Mule Filmworks', 'Perfect World Pictures']",93411426,136,1,0.1558023198958773
FALSE,332562,en,"Seasoned musician Jackson Maine discovers — and falls in love with — struggling artist Ally. She has just about given up on her dream to make it big as a singer — until Jack coaxes her into the spotlight. But even as Ally's career takes off, the personal side of their relationship is breaking down, as Jack fights an ongoing battle with his own internal demons.",8.0411,10/3/2018,A Star Is Born,7.498,11816,FALSE,36000000,"['Music', 'Drama', 'Romance']",['US'],"['Warner Bros. Pictures', 'Live Nation Productions', 'Metro-Goldwyn-Mayer', 'Peters Entertainment', 'Gerber Pictures', 'Joint Effort']",436388866,136,1,0.40025532122266283
FALSE,283317,es,"His teachers, coaches, childhood friends and Barça teammates, together with journalists, writers and prominent figures from the history of football, come together in a restaurant to analyze and pick apart Messi's personality both on and off the field, and to look back at some of the most significant moments in his life. Viewed from Álex de la Iglesia's unique perspective, Messi recreates the player's childhood and teenage years, from his very first steps, with a football always at his feet, through to the decision to leave Rosario for Barcelona, the separation from his family, and the role played in his career by individuals such as Ronaldinho, Rijkaard, Rexach and Guardiola.",1.9109,9/6/2014,Messi,7.498,232,FALSE,0,['Documentary'],['ES'],[],0,93,1,0.8504131355932204
FALSE,63311,es,A brilliant plastic surgeon creates a synthetic skin that withstands any kind of damage. His guinea pig: a mysterious and volatile woman who holds the key to his obsession.,8.2751,8/17/2011,The Skin I Live In,7.498,4327,FALSE,13000000,"['Drama', 'Horror', 'Mystery', 'Thriller']",['ES'],['El Deseo'],33750478,120,2,0.029510211
FALSE,11970,en,"Bestowed with superhuman strength, a young mortal named Hercules sets out to prove himself a hero in the eyes of his father, the great god Zeus. Along with his friends Pegasus, a flying horse, and Phil, a personal trainer, Hercules is tricked by the hilarious, hotheaded villain Hades, who's plotting to take over Mount Olympus!",11.1758,6/13/1997,Hercules,7.498,7560,TRUE,85000000,"['Animation', 'Family', 'Fantasy', 'Adventure', 'Comedy', 'Romance']",['US'],"['Walt Disney Pictures', 'Walt Disney Feature Animation']",252712101,93,3,0.20934522448333198
FALSE,8073,fr,"Cinephile slackers Franz and Arthur spend their days mimicking the antiheroes of Hollywood noirs and Westerns while pursuing the lovely Odile. The misfit trio upends convention at every turn, be it through choreographed dances in cafés or frolicsome romps through the Louvre. Eventually, their romantic view of outlaws pushes them to plan their own heist, but their inexperience may send them out in a blaze of glory -- which could be just what they want.",1.4139,8/5/1964,Band of Outsiders,7.5,577,FALSE,120000,"['Crime', 'Drama', 'Comedy']",['FR'],"['Orsay Films', 'Anouchka Films']",182857,97,2,-0.271883333
FALSE,79,zh,"During China's Warring States period, a district prefect arrives at the palace of Qin Shi Huang, claiming to have killed the three assassins who had made an attempt on the king's life three years ago.",6.8605,7/22/2002,Hero,7.498,2307,FALSE,31000000,"['Drama', 'Adventure', 'Action', 'History']","['CN', 'HK']","['Beijing New Picture Film Co. Ltd.', 'China Film Co-Production Corp.', 'Elite Group Enterprises', 'Edko Films', 'Sil-Metropole Organisation', 'Zhang Yimou Studio']",177394432,99,1,0.20942274249445125
FALSE,668408,it,"In early 20th-century Naples, a theatrical parody lands beloved thespian and playwright Eduardo Scarpetta in court, facing a malicious lawsuit that could compromise his freedom of expression and the economic security of his extended family—including his son's, young Eduardo De Filippo.",1.5956,9/9/2021,The King of Laughter,7.497,192,FALSE,0,"['Drama', 'History']",['IT'],"['Indigo Film', 'Tornasol Media', 'RAI Cinema']",0,133,1,
FALSE,470878,en,"Growing up in Greenville, Texas, Bart Millard suffers physical and emotional abuse at the hands of his father, Arthur. When Arthur becomes terminally ill, he finds redemption by embracing his faith and rediscovering his love for his son. Years later, Bart's troubled childhood and mended relationship with his dad inspires him to write the hit song ""I Can Only Imagine"" as singer of the Christian band MercyMe.",3.4295,2/14/2018,I Can Only Imagine,7.5,478,TRUE,7000000,"['Music', 'Drama']",['US'],"['Kevin Downes Productions', 'Mission Pictures International', 'City on a Hill Productions', 'Imagine Rights', 'LD Entertainment']",86086881,110,2,0.6700885435168734
FALSE,468284,fr,"After an emotional exchange between a Lebanese Christian and a Palestinian refugee escalates, the men end up in a court case that gets national attention.",1.1016,9/14/2017,The Insult,7.497,458,FALSE,3000000,"['Drama', 'Crime']","['FR', 'LB']","['Ezekiel Films', 'Rouge International', 'Tessalit Productions', 'SCOPE Pictures', 'Douri Films']",1001305,112,1,-0.299142857
FALSE,400728,fi,"The film follows Finnish army machine gun company in Continuation War against Soviet Union, 1941–1944. Based on Väinö Linna's best selling novel Tuntematon Sotilas (The Unknown Soldier) and the novel's uncensored version, Sotaromaani (A War Novel).",1.0026,10/27/2017,Unknown Soldier,7.5,196,FALSE,8000000,"['War', 'Drama']",['FI'],"['SCOPE Pictures', 'Elokuvaosakeyhtiö Suomi 2017', 'Kvikmyndafélag Íslands']",15550000,179,1,-3.07E-05
FALSE,345938,en,"A grieving man receives a mysterious, personal invitation to meet with God at a place called 'The Shack'.",7.7474,3/3/2017,The Shack,7.497,2174,FALSE,20000000,"['Drama', 'Family']","['CA', 'US']","['Summit Entertainment', 'Netter Productions', 'TIK Films', 'Lionsgate']",96942115,132,1,0.3552083177570091
FALSE,258480,en,"In 1950s New York, a department-store clerk who dreams of a better life falls for an older, married woman.",5.1805,11/20/2015,Carol,7.5,3764,FALSE,11800000,"['Romance', 'Drama']",['US'],"['Killer Films', 'Number 9 Films', 'Film4 Productions']",40272135,118,1,0.5343125782971538
FALSE,92499,ko,A magician meets a weird girl and offers her to work together in his magic show. It's only until a year later that he starts to know her personally and develops a feeling towards her despite her own problems.,1.2708,12/1/2011,Spellbound,7.5,199,FALSE,0,"['Horror', 'Comedy', 'Fantasy', 'Romance']",['KR'],"['Sang Sang Film', 'CJ Entertainment']",0,114,1,0.21913202479338836
FALSE,85350,en,"The film tells a story of a divorced couple trying to raise their young son. The story follows the boy for twelve years, from first grade at age 6 through 12th grade at age 17-18, and examines his relationship with his parents as he grows.",5.3493,6/5/2014,Boyhood,7.5,5252,FALSE,4000000,['Drama'],['US'],"['IFC Productions', 'Detour Filmproduction']",48137666,166,2,0.047342488
FALSE,11906,it,An American newcomer to a prestigious German ballet academy comes to realize that the school is a front for something sinister amid a series of grisly murders.,5.8929,2/1/1977,Suspiria,7.497,2987,FALSE,0,['Horror'],['IT'],['Seda Spettacoli'],2900000,99,5,-0.077811508
FALSE,3001,en,A woman must steal a statue from a Paris museum to help conceal her father's art forgeries.,2.5165,7/13/1966,How to Steal a Million,7.497,605,FALSE,6400000,"['Comedy', 'Crime', 'Romance']",['US'],"['World Wide Productions', '20th Century Fox']",4400000,123,1,-0.181035135
FALSE,474433,en,This revealing portrait of Cuba follows the lives of Fidel Castro and three Cuban families affected by his policies over the last four decades.,1.3771,9/8/2017,Cuba and the Cameraman,7.5,112,FALSE,0,['Documentary'],['US'],[],0,113,2,0
FALSE,12837,en,"Set in South Carolina in 1964, this is the tale of Lily Owens a 14 year-old girl who is haunted by the memory of her late mother. To escape her lonely life and troubled relationship with her father, Lily flees with Rosaleen, her caregiver and only friend, to a South Carolina town that holds the secret to her mother's past.",3.4006,9/17/2008,The Secret Life of Bees,7.5,529,FALSE,11000000,"['Family', 'Adventure', 'Drama']",['US'],"['Dune Entertainment III', 'Fox Searchlight Pictures', ""The Donners' Company"", 'Overbrook Entertainment']",38105395,114,1,0.23416666666666666
FALSE,693467,en,The Jester is the titular main antagonist of the horror/thriller analogy short films of the same name.  He is an enigmatic and malevolent being who enjoys inducing suffering to individuals he comes across who don't appreciate his own tricks or break the rules of Halloween.,0.507,10/28/2016,The Jester,7.495,108,FALSE,500,"['Mystery', 'Horror']",['US'],['MakeDo Entertainment'],0,10,1,
FALSE,676701,es,"Tad accidentally unleashes an ancient spell, endangering the lives of his friends Mummy, Jeff, and Belzoni. With everyone against him and only helped by Sara, he sets off on an adventure to end the Curse of the Mummy.",3.0712,8/24/2022,"Tad, the Lost Explorer and the Emerald Tablet",7.5,314,TRUE,11983950,"['Animation', 'Adventure', 'Family', 'Comedy', 'Fantasy']",['ES'],"['Lightbox Animation Studios', '4 Cats Pictures', 'Ikiru Films', 'Telecinco Cinema']",32800000,89,1,
FALSE,500664,en,"A brutal mugging leaves Grey Trace paralyzed in the hospital and his beloved wife dead. A billionaire inventor soon offers Trace a cure — an artificial intelligence implant called STEM that will enhance his body. Now able to walk, Grey finds that he also has superhuman strength and agility — skills he uses to seek revenge against the thugs who destroyed his life.",11.8623,5/31/2018,Upgrade,7.495,4548,FALSE,5000000,"['Action', 'Thriller', 'Science Fiction']","['AU', 'US']","['Goalpost Pictures', 'Automatik Entertainment', 'Blumhouse Productions', 'Nervous Tick Productions', 'Film Victoria', 'BH Tilt', 'Fulcrum Media Finance']",16706680,100,1,0.32398499662129565
FALSE,483983,de,"Two families attempt a daredevil plan to escape the GDR with a homemade hot air balloon, but it crashes just before the border. The Stasi finds traces of this attempt to escape and immediately starts investigations, while the two families are forced to build a new escape balloon. With each passing day the Stasi is closer on their heels – a nerve-wracking race against time begins.",2.5706,9/27/2018,Balloon,7.501,437,FALSE,0,"['Thriller', 'Drama', 'History']",['DE'],"['herbX Film', 'Sat.1', 'SevenPictures Film', 'StudioCanal']",11859396,125,2,-0.039517232
FALSE,25934,en,"A British Guianese engineer starts a job as a high school teacher in London’s East End, where his uninterested and delinquent pupils are in desperate need of attention and care.",2.69,6/14/1967,"To Sir, with Love",7.495,322,TRUE,625000,['Drama'],['GB'],['Columbia British Productions'],42432803,105,1,0.6869611570247933
FALSE,14284,en,"Archival material from the original NASA film footage – much of it seen for the first time – plus interviews with the surviving astronauts, including Jim Lovell, Dave Scott, John Young, Gene Cernan, Mike Collins, Buzz Aldrin, Alan Bean, Edgar Mitchell, Charlie Duke and Harrison Schmitt.",0.5281,1/19/2007,In the Shadow of the Moon,7.495,105,FALSE,2000000,"['Documentary', 'History']","['US', 'GB']","['Discovery Films', 'Passion Pictures', 'Film4 Productions', 'DOX Productions', 'Polyband']",0,109,1,0.15544554371002137
FALSE,10843,en,"Desperate to escape his mind-numbing routine, uptown Manhattan office worker Paul Hackett ventures downtown for a hookup with a mystery woman.",2.7537,9/13/1985,After Hours,7.495,1547,FALSE,4500000,"['Comedy', 'Thriller', 'Drama']",['US'],"['Double Play', 'Geffen Pictures']",10609321,97,1,0.3977933077830189
FALSE,192,en,"14th-century Franciscan monk William of Baskerville and his young novice arrive at a conference to find that several monks have been murdered under mysterious circumstances. To solve the crimes, William must rise up against the Church's authority and fight the shadowy conspiracy of monastery monks using only his intelligence; which is considerable.",5.3783,9/24/1986,The Name of the Rose,7.495,3098,FALSE,18000000,"['Drama', 'Thriller', 'Mystery']","['FR', 'IT', 'DE']","['Cristaldifilm', 'Les Films Ariane', 'ZDF', 'RAI', 'Constantin Film']",77200000,130,4,-0.155804022
FALSE,921655,en,"Chasing his dream to join an elite K-9 unit, a state trooper partners with a fellow underdog: clever but naughty shelter pup Ruby. Based on a true story.",2.6289,3/17/2022,Rescued by Ruby,7.494,317,FALSE,0,"['Family', 'Drama']",['US'],['Fezziwig Studios'],0,93,1,0.8476386363636365
FALSE,671318,en,"Thomas is a meek man on the verge of a nervous breakdown. Despite his situation he decides to fake a work trip to go to Vallarta to confront Jero, a taxi driver who is sleeping with his wife.",0.7246,4/7/2022,¿Y Cómo Es Él?,7.494,259,FALSE,0,"['Comedy', 'Drama']",['US'],"['Pantelion Films', 'Circle of Confusion', 'Alcon Entertainment', '3Pas Studios', 'Videocine']",1478358,95,2,
FALSE,330459,en,A rogue band of resistance fighters unite for a mission to steal the Death Star plans and bring a new hope to the galaxy.,16.6247,12/14/2016,Rogue One: A Star Wars Story,7.494,15554,FALSE,200000000,"['Action', 'Adventure', 'Science Fiction']",['US'],['Lucasfilm Ltd.'],1056057273,133,1,-0.330571412
FALSE,40022,it,"Just out of prison, ex-con Ugo Piazza meets his former employer, a psychopathic gangster Rocco who enjoys sick violence and torture. Both the gangsters and the police believe Ugo has hidden $300,000 that should have gone to an American drug syndicate boss.",1.2993,2/15/1972,Caliber 9,7.494,251,FALSE,0,"['Crime', 'Thriller', 'Action']",['IT'],['Cineproduzioni Daunia 70'],0,102,1,0.73558
FALSE,11841,zh,"The anti-Ching patriots, under the guidance of Ho Kuang-han, have secretly set up their base in Canton, disguised as school masters. During a brutal Manchu attack, Lui manages to escape, and devotes himself to learning the martial arts in order to seek revenge.",2.5895,2/2/1978,The 36th Chamber of Shaolin,7.5,444,TRUE,0,"['Action', 'Adventure']",['HK'],['Shaw Brothers'],0,115,1,0.055170951
FALSE,10377,en,"Two carefree pals from Brooklyn traveling through rural Alabama on their way back to college are mistakenly arrested, and charged with murder. Fortunately, one of them has a cousin who's a lawyer - Vincent Gambini, a former auto mechanic from Brooklyn who just passed his bar exam after his sixth try. When he arrives with his leather-clad girlfriend, to try his first case, it's a real shock - for him and the Deep South!",4.7351,3/13/1992,My Cousin Vinny,7.494,1654,FALSE,11000000,['Comedy'],['US'],"['Palo Vista Productions', 'Peter V. Miller Investment Corp.', '20th Century Fox', 'Dale Launer Production']",64088552,120,1,0.5281826487775235
FALSE,916405,ga,"A quiet, neglected girl is sent away from her dysfunctional family to live with relatives for the summer. She blossoms in their care, but in this house where there are meant to be no secrets, she discovers one.",3.027,5/12/2022,The Quiet Girl,7.495,456,FALSE,1,['Drama'],['IE'],"['Inscéal', 'Broadcasting Authority of Ireland', 'Fís Éireann/Screen Ireland', 'TG4']",6,94,2,0.4354081606217614
FALSE,586810,fr,"In 2200, private detective Aline Ruby and her android partner Carlos Rivera are hired by a wealthy businessman to track down a notorious hacker. On Mars, they descend deep into the underbelly of the planet's capital city where they uncover a darker story of brain farms, corruption, and a missing girl who holds a secret about the robots that threatens to change the face of the universe.",11.1231,11/22/2023,Mars Express,7.5,382,FALSE,7900000,"['Animation', 'Science Fiction', 'Action', 'Mystery']",['FR'],"['Gébéka Films', 'Je suis bien content', 'Les Productions de la Plume', 'Amopix', 'France 3 Cinéma', 'Everybody on Deck', 'Ev.L Prod', 'Shine Conseils']",1455713,89,1,-8.96E-05
FALSE,364137,fr,"An Iranian family survives the shah and the ayatollah and moves to France. This story follows the family through it all. Despite the politics, revolution, prison, beatings, assassinations and suicides this is a comedy.",0.8637,11/4/2015,All Three of Us,7.493,494,FALSE,0,"['Drama', 'Comedy']",['FR'],"['Adama Pictures', 'M6', 'Gaumont', ""Ali'n Productions""]",0,102,3,
FALSE,1051,en,Tough narcotics detective 'Popeye' Doyle is in hot pursuit of a suave French drug dealer who may be the key to a huge heroin-smuggling operation.,6.0088,10/9/1971,The French Connection,7.493,1944,TRUE,1800000,"['Action', 'Crime', 'Thriller']",['US'],"[""D'Antoni Productions"", 'Schine-Moore Productions', '20th Century Fox']",41200000,104,2,-0.031772584
FALSE,620,en,"After losing their academic posts at a prestigious university, a team of parapsychologists goes into business as proton-pack-toting ""ghostbusters"" who exterminate ghouls, hobgoblins and supernatural pests of all stripes. An ad campaign pays off when a knockout cellist hires the squad to purge her swanky digs of demons that appear to be living in her refrigerator.",11.223,6/8/1984,Ghostbusters,7.5,9177,TRUE,30000000,"['Comedy', 'Fantasy']",['US'],"['Columbia Pictures', 'Delphi Films', 'Black Rhino Productions']",296578797,107,1,0.040130612
FALSE,587429,es,A fat woman attempts to lose weight in order to use her mother's wedding dress with the help of  her evil sisters and needy fiancé.,0.5025,5/10/2019,Sweet Family,7.492,126,FALSE,0,['Comedy'],['MX'],"['Tiki Pictures', 'BH5', 'Videocine']",0,101,1,
FALSE,203833,en,"While subjected to the horrors of WWII Germany, young Liesel finds solace by stealing books and sharing them with others. Under the stairs in her home, a Jewish refugee is being sheltered by her adoptive parents.",2.8346,11/8/2013,The Book Thief,7.492,4380,FALSE,19000000,['Drama'],['US'],"['Studio Babelsberg', 'Fox 2000 Pictures', 'Sunswept Entertainment']",76586316,131,2,-0.075615221
FALSE,152042,ja,"Madoka Kaname, an ordinary middle-schooler, along with her best friend Sayaka Miki, are offered the chance to have any wish they want granted by the mysterious Kyubey, and become magical girls and fight witches. However, fellow magical girl Homura Akemi seems intent on stopping Madoka from becoming a magical girl at any cost. Puella Magi Madoka Magica the Movie Part I: Beginnings is a retelling of the first half of the TV anime series.",1.4237,10/5/2012,Puella Magi Madoka Magica the Movie Part I: Beginnings,7.5,123,TRUE,0,"['Thriller', 'Animation', 'Fantasy']",['JP'],['SHAFT'],5816330,131,1,
FALSE,31767,en,"In 17th-century France, Father Urbain Grandier seeks to protect the city of Loudun from the corrupt establishment of Cardinal Richelieu. Hysteria occurs within the city when he is accused of witchcraft by the sexually repressed Sister Jeanne.",2.7506,7/16/1971,The Devils,7.5,390,FALSE,2000000,"['Drama', 'History']",['GB'],['Russo Productions'],11000000,114,2,0.00370326
FALSE,12169,fr,A sprawling drama centered on five key days in a family's life.,1.3435,7/23/2008,The First Day of the Rest of Your Life,7.492,478,FALSE,5900000,['Drama'],['FR'],"['StudioCanal', 'TPS Star', 'Canal+', 'France 2 Cinéma', 'Mandarin Cinéma']",13200000,114,1,-0.593
FALSE,776,fr,A weekend at a marquis’ country château lays bare some ugly truths about a group of haut bourgeois acquaintances.,1.9401,7/9/1939,The Rules of the Game,7.492,602,FALSE,8847685,"['Drama', 'Comedy', 'Romance']",['FR'],"['La Nouvelle Edition Francaise', 'Franco London Films']",273520,106,1,0.5063763157894736
FALSE,475,en,"In the 1930s, bored waitress Bonnie Parker falls in love with an ex-con named Clyde Barrow and together they start a violent crime spree through the country, stealing cars and robbing banks.",6.0605,8/13/1967,Bonnie and Clyde,7.5,1660,FALSE,2500000,"['Crime', 'Drama']",['US'],"['Tatira-Hiller Productions', 'Warner Bros.-Seven Arts']",50700000,111,1,0.055269902805389876
FALSE,319076,en,"With exclusive access to his extraordinary unseen and unheard personal archive including hundreds of hours of audio recorded over the course of his life, this is the definitive Marlon Brando cinema documentary. Charting his exceptional career as an actor and his extraordinary life away from the stage and screen with Brando himself as your guide, the film will fully explore the complexities of the man by telling the story uniquely from Marlon's perspective, entirely in his own voice. No talking heads, no interviewees, just Brando on Brando and life.",0.7883,7/29/2015,Listen to Me Marlon,7.5,159,FALSE,0,['Documentary'],"['US', 'GB']","['Passion Pictures', 'Cutler Productions']",0,103,1,0.39056111111111114
FALSE,250766,en,"The surprising and entertaining life of renowned film critic and social commentator Roger Ebert (1942-2013): his early days as a freewheeling bachelor and Pulitzer Prize winner, his famously contentious partnership with Gene Siskel, his life-altering marriage, and his brave and transcendent battle with cancer.",0.6839,7/4/2014,Life Itself,7.491,350,FALSE,0,['Documentary'],['US'],"['Kartemquin Films', 'CNN Films', 'Film Rites', 'KatLei Productions']",0,121,1,0.19885402860132548
FALSE,62382,it,"Enrico Mattei helped change Italy’s future, first as freedom-fighter against the Nazis, then as an investor in methane gas through a public company, A.G.I.P., and ultimately as the head of ENI, a state body formed for the development of oil resources. On October 27, 1962, he died when his private airplane crashed during a flight to Milan. Officially, it is declared an accident, but many journalists explore other plausible reasons for Mattei's untimely death.",0.3741,1/26/1972,The Mattei Affair,7.5,108,FALSE,0,['Drama'],['IT'],"['Vides Cinematografica', 'Verona Produzione']",0,116,2,
FALSE,48617,xx,"A father says goodbye to his young daughter. In time the daughter grows old, but within her there is always a deep longing for her father.",0.6611,4/19/2001,Father and Daughter,7.491,173,FALSE,0,"['Animation', 'Drama']","['BE', 'NL', 'GB']","['Dutch Film Fund', 'UK Film Council', 'Dutch Cultural Broadcasting Promotional Fund', 'CinéTé Filmproduktie B.V.', 'VPRO']",0,8,1,-0.368519942
FALSE,10949,en,"When 9-year-old orphan Oliver Twist dares to ask his cruel taskmaster, Mr. Bumble, for a second serving of gruel, he's hired out as an apprentice. Escaping that dismal fate, young Oliver falls in with the street urchin known as the Artful Dodger and his criminal mentor, Fagin. When kindly Mr. Brownlow takes Oliver in, Fagin's evil henchman Bill Sikes plots to kidnap the boy.",1.3559,6/28/1948,Oliver Twist,7.491,235,FALSE,0,"['Drama', 'Adventure', 'Crime', 'Comedy']",['GB'],"['Cineguild', 'J. Arthur Rank Organisation']",0,116,1,0.14303828715365238
FALSE,8321,en,"Ray and Ken, two hit men, are in Bruges, Belgium, waiting for their next mission. While they are there they have time to think and discuss their previous assignment. When the mission is revealed to Ken, it is not what he expected.",8.1974,2/8/2008,In Bruges,7.491,5316,FALSE,15000000,"['Comedy', 'Drama', 'Crime']","['US', 'GB']","['Twins Financing', 'Blueprint Pictures', 'Focus Features', 'Scion Films', 'Film4 Productions']",34533783,108,1,0.1917186880970005
FALSE,3478,en,"Historical evocation of Ludwig, king of Bavaria, from his crowning in 1864 until his death in 1886, as a romantic hero. Fan of Richard Wagner, betrayed by him, in love with his cousin Elisabeth of Austria, abandoned by her, tormented by his homosexuality, he will little by little slip towards madness.",1.5069,3/7/1973,Ludwig,7.5,164,FALSE,0,"['Drama', 'History']",['IT'],"['Cinétel', 'Mega Film', 'Divina-Film', 'Dieter Geissler Filmproduktion', 'Taurus Film', 'Metro-Goldwyn-Mayer']",0,238,5,0.068047986
FALSE,923,en,"During an ever-growing epidemic of zombies that have risen from the dead, two Philadelphia SWAT team members, a traffic reporter, and his television-executive girlfriend seek refuge in a secluded shopping mall.",5.2742,9/2/1978,Dawn of the Dead,7.5,2137,TRUE,650000,['Horror'],['US'],"['Dawn Associates', 'Laurel Entertainment']",55000000,127,1,-0.270617999
FALSE,828613,en,"Two strangers believe in love but never seem to be able to find its true meaning. In a wild twist of events, fate puts each in the other's path on one stormy New Year's Eve.",4.0541,9/8/2022,About Fate,7.5,448,FALSE,0,"['Romance', 'Comedy']",['US'],"['Aldamisa Entertainment', 'American International Pictures', 'Contentious Media', 'Vincent Newman Entertainment']",504843,100,1,-0.235221441
FALSE,586940,fr,"A story of Naoufel, a young man who is in love with Gabrielle. In another part of town, a severed hand escapes from a dissection lab, determined to find its body again.",1.7238,11/6/2019,I Lost My Body,7.49,1274,FALSE,0,"['Animation', 'Drama', 'Fantasy']",['FR'],"['Studio Xilam', 'Auvergne-Rhône-Alpes Cinéma']",0,81,1,0.36958174999999993
FALSE,383498,en,Wisecracking mercenary Deadpool battles the evil and powerful Cable and other bad guys to save a boy's life.,25.4511,5/15/2018,Deadpool 2,7.49,18347,TRUE,110000000,"['Action', 'Comedy', 'Adventure']",['US'],"['Maximum Effort', 'Genre Films', '20th Century Fox', 'Marvel Entertainment']",785896632,120,4,-0.173422936
FALSE,11610,en,"A neurotic film critic obsessed with the movie Casablanca (1942) attempts to get over his wife leaving him by dating again with the help of a married couple and his illusory idol, Humphrey Bogart.",1.0014,5/4/1972,"Play It Again, Sam",7.494,600,FALSE,0,"['Comedy', 'Romance']",['US'],['Paramount Pictures'],0,85,1,0.20750179211469538
FALSE,667935,fa,"Set against the backdrop of Iran's strict and oppressive legal system, this anthology film tells the stories of four men who each face a moral crisis when having to deal with death penalties.",1.2717,10/22/2020,There Is No Evil,7.5,136,FALSE,0,['Drama'],['IR'],"['Cosmopol-Film GmbH', 'Europe Media Nest', 'Filminiran']",54967,151,2,0.21055151515151516
FALSE,437586,en,"In 1990s Los Angeles, a 13-year-old spends his summer navigating between a troubled home life and a crew of new friends he meets at a skate shop.",6.1277,10/19/2018,mid90s,7.489,1647,FALSE,1700000,"['Drama', 'Comedy']",['US'],"['A24', 'Waypoint Entertainment']",9303022,86,1,0.36951365693168287
FALSE,255413,ja,"A year has passed since Menma's ghostly return to the Super Peace Busters. Although the time they spent together during that summer was short, the five members reminisce about what happened as they each write a letter to their lost friend.",3.2568,8/31/2013,anohana: The Flower We Saw That Day - The Movie,7.5,176,FALSE,0,"['Animation', 'Drama']",['JP'],['A-1 Pictures'],0,99,1,
FALSE,16858,en,"Joe Gideon is at the top of the heap, one of the most successful directors and choreographers in musical theater. But he can feel his world slowly collapsing around him - his obsession with work has almost destroyed his personal life, and only his bottles of pills keep him going.",1.9628,12/16/1979,All That Jazz,7.5,525,FALSE,12000000,['Drama'],['US'],"['Columbia Pictures', '20th Century Fox']",37823676,123,1,0.4821707133058985
FALSE,1368,en,"When former Green Beret John Rambo is harassed by local law enforcement and arrested for vagrancy, he is forced to flee into the mountains and wage an escalating one-man war against his pursuers.",8.4778,10/22/1982,First Blood,7.489,6443,TRUE,15000000,"['Action', 'Adventure', 'Thriller', 'War']",['US'],"['Carolco Pictures', 'Anabasis N.V.', 'Elcajo Productions', 'Cinema 84', 'Orion Pictures']",125212904,93,1,-0.060766636
FALSE,737802,es,What does a thrill-seeker tween girl do when her mom forbids her to enter a BMX race? Cast an actor with nothing to lose to play her approving dad.,1.1957,9/11/2020,Dad Wanted,7.488,168,FALSE,0,['Drama'],['MX'],['Nopal Army Films'],0,102,2,
FALSE,436969,en,"Supervillains Harley Quinn, Bloodsport, Peacemaker and a collection of nutty cons at Belle Reve prison join the super-secret, super-shady Task Force X as they are dropped off at the remote, enemy-infused island of Corto Maltese.",60.3668,7/28/2021,The Suicide Squad,7.488,8871,TRUE,185000000,"['Action', 'Comedy', 'Adventure']",['US'],"['DC Films', 'Atlas Entertainment', 'The Safran Company', 'Warner Bros. Pictures']",168717425,132,3,-0.32712781
FALSE,42164,pl,"Filip buys an 8mm movie camera when his first child is born. Because it's the first camera in town, he's named official photographer by the local Party boss. His horizons widen when he is sent to regional film festivals with his first works but his focus on movie making also leads to domestic strife and philosophical dilemmas.",1.6212,11/16/1979,Camera Buff,7.5,169,FALSE,0,['Drama'],['PL'],['Zespół Filmowy Tor'],0,112,1,
FALSE,3529,en,A husband and wife detective team takes on the search for a missing inventor and almost get killed for their efforts.,2.3756,5/25/1934,The Thin Man,7.488,480,TRUE,226408,"['Comedy', 'Mystery', 'Crime']",['US'],"['Metro-Goldwyn-Mayer', 'Cosmopolitan Productions']",1423000,91,1,0.5103653061224491
FALSE,1600,fr,"Véronique is a beautiful young French woman who aspires to be a renowned singer; Weronika lives in Poland, has a similar career goal and looks identical to Véronique, though the two are not related. The film follows both women as they contend with the ups and downs of their individual lives, with Véronique embarking on an unusual romance with Alexandre Fabbri, a puppeteer who may be able to help her with her existential issues.",1.8661,5/15/1991,The Double Life of Véronique,7.5,812,FALSE,0,['Drama'],"['FR', 'NO', 'PL']","['Sidéral Productions', 'Norsk Film', 'Studio Filmowe Tor', 'Le Studio Canal+']",1999955,98,3,
FALSE,522,en,"The mostly true story of the legendary ""worst director of all time"", who, with the help of his strange friends, filmed countless B-movies without ever becoming famous or successful.",5.2258,9/28/1994,Ed Wood,7.488,2370,FALSE,18000000,"['Comedy', 'Drama', 'History']",['US'],['Touchstone Pictures'],5900000,127,1,0.46655602846585464
FALSE,1134433,th,"When a remote village is plagued by a deadly curse, one brother must fight to save his family from a terrifying supernatural threat.",5.8643,10/25/2023,Death Whisperer,7.48,200,TRUE,0,"['Horror', 'Thriller']",['TH'],"['Minds@Work', 'M Studio']",15150000,121,1,
FALSE,430214,ja,"As a group of university students go out for a night on the town, a sophomore known only as ""The Girl with Black Hair"" experiences a series of surreal encounters with the local nightlife – all the while unaware of the romantic longings of ""Senpai"", a senior student who has been creating increasingly fantastic and contrived reasons to run into her in an effort to win her heart.",2.9212,4/7/2017,"Night Is Short, Walk On Girl",7.487,224,FALSE,0,"['Comedy', 'Romance', 'Animation', 'Fantasy']",['JP'],"['Science SARU', 'Fuji Television Network', 'TOHO', 'BS Fuji', 'KADOKAWA']",3878208,93,1,0.05149533
FALSE,283984,ja,"Shiro Emiya is a young magus who attends Homurahara Academy in Fuyuki City. One day after cleaning the Archery Dojo in his school, he catches a glimpse of a fight between superhuman beings, and he gets involved in the Holy Grail War, a ritual where magi called Masters fight each other with their Servants to win the Holy Grail. Shiro joins the battle to stop an evildoer from winning the Grail and to save innocent people, but everything goes wrong when a mysterious ""Shadow"" begins to indiscriminately kill people in Fuyuki...",4.4304,10/14/2017,Fate/stay night: Heaven's Feel I. Presage Flower,7.5,236,TRUE,0,"['Action', 'Animation', 'Drama', 'Fantasy', 'Romance']",['JP'],"['ufotable', 'Aniplex', 'Tokyo TV Center', 'TYPE-MOON', 'KADOKAWA']",17422935,120,1,
FALSE,176983,ja,"Zephyr, now known as Z, rides the seas with only one goal: Destroy all pirates and their dreams at becoming King of Pirates. When Luffy and his crew encounter him at sea, not only are they utterly defeated by the man with an arm made of Seastone, Nami, Robin, and Chopper are turned 10 years younger due to Z's minion Ain. Luffy is so determined to win against him that he does not even notice Z's master plan that could sacrifice thousands of lives.",2.7194,12/15/2012,One Piece Film: Z,7.5,525,TRUE,0,"['Animation', 'Fantasy', 'Action', 'Adventure']",['JP'],"['Toei Animation', 'Yasahi-Mation Productions', 'Toei Company']",74223861,108,1,
FALSE,40823,pt,"A young photocopier operator becomes infatuated with his neighbor and, unable to afford anything from her shop, turns to shady schemes to make money.",0.499,6/13/2003,The Man Who Copied,7.487,350,FALSE,514059,"['Comedy', 'Drama', 'Romance', 'Crime']",['BR'],"['Casa de Cinema de Porto Alegre', 'Globo Filmes']",24391,123,1,
FALSE,32488,en,"An alcoholic falls in love with and gets married to a young woman, whom he systematically addicts to booze so they can share his ""passion"" together.",2.1896,2/4/1963,Days of Wine and Roses,7.487,197,FALSE,0,"['Drama', 'Romance']",['US'],"['Jalem Productions', 'Warner Bros. Pictures']",0,117,1,0.15586551724137931
FALSE,29263,es,"Buenos Aires, Argentina, 1983. In the last and turbulent days of the military dictatorship, Alicia, a high school history teacher, begins to ask uncomfortable questions about the dark origins of Gaby, her adopted daughter.",1.6306,4/3/1985,The Official Story,7.5,188,FALSE,0,"['Drama', 'History']","['AR', 'ES']","['Progress Communications', 'Historias Cinematográficas', 'Cinemanía']",0,112,2,
FALSE,22538,en,"As bass guitarist for a garage-rock band, Scott Pilgrim has never had trouble getting a girlfriend; usually, the problem is getting rid of them. But when Ramona Flowers skates into his heart, he finds she has the most troublesome baggage of all: an army of ex-boyfriends who will stop at nothing to eliminate him from her list of suitors.",6.9305,8/12/2010,Scott Pilgrim vs. the World,7.487,8051,FALSE,85000000,"['Action', 'Comedy', 'Romance']",['US'],"['Marc Platt Productions', 'Big Talk Studios', 'Closed on Mondays Entertainment', 'dentsu']",51691156,113,1,0.25825675999743064
FALSE,15097,fr,"A second-class horror movie has to be shown at Cannes Film Festival, but, before each screening, the projectionist is killed by a mysterious fellow, with hammer and sickle, just as it happens in the film to be shown.",2.1625,3/9/1994,Fear City: A Family-Style Comedy,7.487,1274,FALSE,0,['Comedy'],['FR'],"['TF1 Studio', 'StudioCanal', 'France 3 Cinéma', 'M6 Films']",0,100,3,
FALSE,14919,en,"Andrea Beaumont leaves her father to return to Gotham, rekindling an old romance with Bruce Wayne. At the same time, a mysterious figure begins to hunt down Gotham's criminals, wrongly implicating Batman in the murders. Now on the run from the law, Batman must find and stop the culprit, while also navigating his relationship with Andrea.",3.1832,12/25/1993,Batman: Mask of the Phantasm,7.487,1145,TRUE,6000000,"['Action', 'Animation', 'Crime', 'Mystery', 'Drama']",['US'],['Warner Bros. Family Entertainment'],5617391,76,1,0.086109758
FALSE,11202,en,"""Patton"" tells the tale of General George S. Patton, famous tank commander of World War II. The film begins with Patton's career in North Africa and progresses through the invasion of Germany and the fall of the Third Reich. Side plots also speak of Patton's numerous faults such his temper and habit towards insubordination.",2.1537,1/25/1970,Patton,7.487,1122,TRUE,12000000,"['War', 'Drama', 'History']",['US'],['20th Century Fox'],89800000,172,6,0.518886974
FALSE,10787,en,"After experimenting on himself and becoming invisible, scientist Jack Griffin, now aggressive due to the drug's effects, seeks a way to reverse the experiment at any cost.",1.8516,11/3/1933,The Invisible Man,7.487,870,TRUE,328000,"['Horror', 'Science Fiction']",['US'],['Universal Pictures'],27105,71,1,-0.131050499
FALSE,8703,cs,"Popelka, a resourceful and independent young girl, is a servant in her stepmother's house and confides in her closest friend the owl. When she comes across three magical acorns, she's granted a single wish for each one of them.",1.7956,11/16/1973,Three Wishes for Cinderella,7.5,352,FALSE,580000,"['Fantasy', 'Family', 'Romance']",['XC'],"['DEFA', 'Filmové studio Barrandov']",0,82,1,
FALSE,7735,de,A school teacher discusses types of government with his class. His students find it too boring to repeatedly go over national socialism and believe that dictatorship cannot be established in modern Germany. He starts an experiment to show how easily the masses can become manipulated.,5.8241,3/13/2008,The Wave,7.487,3409,FALSE,7500000,"['Drama', 'Thriller']","['FR', 'DE']","['Rat Pack Filmproduktion', 'Medienfonds GFP', 'B.A. Produktion', 'Constantin Film', 'Celluloid Dreams']",32350637,107,1,0.05482906
FALSE,345,en,"After Dr. Bill Harford's wife, Alice, admits to having sexual fantasies about a man she met, Bill becomes obsessed with having a sexual encounter. He discovers an underground sexual group and attends one of their meetings -- and quickly discovers that he is in over his head.",13.3985,7/16/1999,Eyes Wide Shut,7.487,6404,FALSE,65000000,"['Drama', 'Thriller', 'Mystery']","['GB', 'US']","['Warner Bros. Pictures', 'Stanley Kubrick Productions', 'Pole Star', 'Hobby Films']",162100000,159,1,0.09901581
FALSE,466532,en,An astronomer becomes obsessed with searching the cosmos for signs of life beyond Earth which leads to a shocking discovery.,1.4662,11/30/2018,Clara,7.486,214,FALSE,0,"['Science Fiction', 'Drama', 'Romance']","['CA', 'US']",['Serendipity Point Films'],0,106,2,0.1624097116843703
FALSE,426203,en,"Bridger is a young outsider who's always wanted more. He and his mother flee an abusive home, eventually finding a small town in the middle of nowhere. Once there, Bridger finds true acceptance with another misfit.",0.6439,11/14/2016,Love Everlasting,7.5,181,FALSE,0,"['Drama', 'Romance']",['US'],['Rob Diamond Films'],0,92,1,0.6339
FALSE,38580,en,"An animated short based on Hans Christian Andersen's tale about a poor young girl with a burning desire to find comfort and happiness in her life. Desperate to keep warm, the girl lights the matches she sells, and envisions a very different life for herself in the fiery flames filled with images of loving relatives, bountiful food, and a place to call home.",0.6596,9/7/2006,The Little Matchgirl,7.486,185,FALSE,0,"['Animation', 'Drama', 'Family', 'Fantasy']",['US'],"['Walt Disney Pictures', 'Walt Disney Feature Animation']",0,7,1,
FALSE,13377,en,"Bitter and hateful, the Grinch is irritated at the thought of a nearby village having a happy time celebrating Christmas. Disguised as Santa Claus, with his dog made to look like a reindeer, he decides to raid the village to steal all the Christmas things.",2.0782,12/18/1966,How the Grinch Stole Christmas!,7.5,1057,FALSE,315000,"['Animation', 'Family', 'Comedy']",['US'],"['The Cat in the Hat Productions', 'MGM Television', 'MGM Animation/Visual Arts', 'Metro-Goldwyn-Mayer']",0,26,1,0.28741300757054367
FALSE,1566,de,"A group of German boys are ordered to protect a small bridge in their home village during the waning months of the second world war. Truckloads of defeated, cynical Wehrmacht soldiers flee the approaching American troops, but the boys, full of enthusiasm for the ""blood and honor"" Nazi ideology, stay to defend the useless bridge. The film is based on a West German anti-war novel of the same name, written by Gregor Dorfmeister.",2.0398,10/21/1959,The Bridge,7.486,174,FALSE,0,"['Drama', 'History', 'War']",['DE'],"['Fono Film', 'Taurus Produktion']",0,103,1,-0.377453319
FALSE,724885,ko,"Following a brutal murder case, the police are baffled to find out that the assailant, whose body was found on the scene with the victim, had already been dead for three months. Meanwhile, journalist Jin-hee sets up a live interview with an anonymous caller claiming he is the true killer behind the mysterious murder. When the man announces three more murders will occur in the hands of the undead, Jin-hee must face the sinister forces beyond understanding.",1.9177,7/28/2021,The Cursed: Dead Man's Prey,7.485,136,FALSE,0,"['Thriller', 'Mystery', 'Horror']",['KR'],"['Climax Studios', 'Studio Dragon', 'CJ Entertainment', 'KEYEAST', 'CJ ENM']",1875549,110,1,
FALSE,551332,en,"Frustrated with the direction of the church, Cardinal Bergoglio requests permission to retire in 2012 from Pope Benedict. Instead, facing scandal and self-doubt, the introspective Pope Benedict summons his harshest critic and future successor to Rome to reveal a secret that would shake the foundations of the Catholic Church.",13.8888,11/27/2019,The Two Popes,7.485,2935,FALSE,0,"['Drama', 'History']","['AR', 'GB', 'IT', 'US']",['Rideback'],232638,125,7,0.16307380504453517
FALSE,19119,en,"Londoner Harry Fabian is a second-rate con man looking for an angle. After years of putting up with Harry's schemes, his girlfriend, Mary, becomes fed up when he taps her for yet another loan.",1.9486,6/15/1950,Night and the City,7.5,262,FALSE,0,"['Drama', 'Crime']",['GB'],['20th Century Fox'],0,95,1,-0.358614286
FALSE,11978,en,"Against formidable odds -- and an old-school diving instructor embittered by the U.S. Navy's new, less prejudicial policies -- Carl Brashear sets his sights on becoming the Navy's first African-American master diver in this uplifting true story. Their relationship starts out on the rocks, but fate ultimately conspires to bring the men together into a setting of mutual respect, triumph and honor.",5.2824,9/13/2000,Men of Honor,7.485,2350,FALSE,32000000,['Drama'],['US'],['Fox 2000 Pictures'],82300000,129,1,0.30083846153846155
FALSE,196,en,"The final installment finds Marty digging the trusty DeLorean out of a mineshaft and looking for Doc in the Wild West of 1885. But when their time machine breaks down, the travelers are stranded in a land of spurs. More problems arise when Doc falls for pretty schoolteacher Clara Clayton, and Marty tangles with Buford Tannen.",6.0314,5/25/1990,Back to the Future Part III,7.485,10812,TRUE,40000000,"['Adventure', 'Comedy', 'Science Fiction']",['US'],"['Universal Pictures', 'Amblin Entertainment']",244527583,119,1,0.07554794
FALSE,786892,en,"As the world falls, young Furiosa is snatched from the Green Place of Many Mothers into the hands of a great biker horde led by the warlord Dementus. Sweeping through the wasteland, they encounter the citadel presided over by Immortan Joe. The two tyrants wage war for dominance, and Furiosa must survive many trials as she puts together the means to find her way home.",18.7622,5/22/2024,Furiosa: A Mad Max Saga,7.5,4114,TRUE,168000000,"['Action', 'Science Fiction', 'Adventure']","['AU', 'US']","['Warner Bros. Pictures', 'Kennedy Miller Mitchell', 'Domain Entertainment']",174287546,149,2,0.021194894
FALSE,517093,ru,"After the NATO bombing of Yugoslavia in 1999, the Yugoslav army pulls out of Kosovo region, leaving Serbian people at the mercy of the Albanian UCK. A small band of soldiers must take over the Slatina airport, and hold it until the Russian peacekeepers arrive.",3.9703,3/21/2019,Balkan Line,7.484,542,FALSE,3500000,"['Drama', 'Action', 'War']","['RS', 'RU']","['Archangel Studios', 'Upgrade Vision', 'Bless Film']",4944386,130,3,
FALSE,389015,en,"Competitive ice skater Tonya Harding rises amongst the ranks at the U.S. Figure Skating Championships, but her future in the sport is thrown into doubt when her ex-husband intervenes.",3.7276,12/8/2017,"I, Tonya",7.484,5905,FALSE,11000000,"['Drama', 'Comedy']",['US'],"['LuckyChap Entertainment', 'Clubhouse Pictures']",53900000,120,1,0.009114022
FALSE,284293,en,"Alice Howland, happily married with three grown children, is a renowned linguistics professor who starts to forget words. When she receives a devastating diagnosis, Alice and her family find their bonds tested.",3.0839,12/5/2014,Still Alice,7.484,3127,FALSE,5000000,['Drama'],['US'],"['Shriver Films', 'Killer Films', 'Big Indie Pictures', 'BSM Studio', 'Lutzus-Brown']",44779195,100,1,-0.213561135
FALSE,37698,en,"After World War I, Armistice Lloyd Hart goes back to practice law, former saloon keeper George Hally turns to bootlegging, and out-of-work Eddie Bartlett becomes a cab driver. Eddie builds a fleet of cabs through delivery of bootleg liquor and hires Lloyd as his lawyer. George becomes Eddie's partner and the rackets flourish until love and rivalry interfere.",2.1761,10/28/1939,The Roaring Twenties,7.484,244,FALSE,0,"['Crime', 'Drama', 'Thriller']",['US'],['Warner Bros. Pictures'],0,104,1,0.43546444444444454
FALSE,17809,zh,"Chen Zhen, a Chinese engineering student in Kyoto, who braves the insults and abuse of his Japanse fellow students for his local love Mitsuko Yamada, daughter of the director, returns in 1937 to his native Shangai, under Japanse protectorate -in fact military occupation- after reading about the death of his kung-fu master Hou Ting-An in a fight against the Japanese champion Ryuichi Akutagawa.",2.953,12/22/1994,Fist of Legend,7.5,554,FALSE,0,['Action'],['HK'],"['Eastern Productions', 'Orange Sky Golden Harvest']",1907743,103,3,-0.154528571
FALSE,145,da,"In a small and conservative Scottish village, a woman's paralytic husband convinces her to have extramarital intercourse so she can tell him about it and give him a reason for living.",1.7067,7/5/1996,Breaking the Waves,7.484,1014,FALSE,7500000,"['Drama', 'Romance']",['DK'],"['Zentropa Entertainments', 'Liberator Productions', 'Trust Film Svenska', 'Argus Film Produktie', 'Northern Lights', 'SVT Drama', 'Nordisk Film & TV Fond', 'La Sept Cinéma', 'VPRO', 'Media Investment Club']",23000000,158,1,0.10498008595988537
FALSE,338544,en,"The life of Mr. Spock, as well as that of Leonard Nimoy, the actor who played him for almost fifty years, written and directed by his son: Adam.",2.1881,9/9/2016,For the Love of Spock,7.5,179,FALSE,0,['Documentary'],"['CA', 'US']",['455 Films'],0,105,1,0.4424629120879121
FALSE,54433,ja,"A ship runs aground on a mysterious atoll leading to an investigation by insurance representative Kusanagi, who discovers an ancient bead that he gives to his daughter Asagi. Meanwhile, ornithologist Nagamine investigates reports of a new species of large bird named Gyaos. As the Gyaos begin to attack, an ancient guardian with a bond to Asagi emerges.",1.9188,3/11/1995,Gamera: Guardian of the Universe,7.483,150,TRUE,4500000,"['Fantasy', 'Science Fiction', 'Action', 'Horror']",['JP'],"['Nippon Television Network Corporation', 'Daiei Film', 'Hakuhodo']",16000000,96,1,
FALSE,36162,ru,"Another Russian Winnie-the-Pooh story. This time the donkey, known from the Pooh stories as Eeyore, is sad because he has no tail. Pooh goes in search of one and finds it attached to a bell that hangs from the treehouse of one Owl.",0.3235,7/13/1972,Winnie-the-Pooh and a Busy Day,7.483,115,TRUE,0,"['Family', 'Animation']",['SU'],['Soyuzmultfilm'],0,21,1,
FALSE,34106,en,"Alice, the only relatively normal member of the eccentric Sycamore family, falls in love with Tony Kirby, but his wealthy banker father and snobbish mother strongly disapprove of the match. When the Kirbys are invited to dinner to become better acquainted with their future in-laws, things don't turn out the way Alice had hoped.",1.9913,9/1/1938,You Can't Take It with You,7.483,415,FALSE,1644736,"['Comedy', 'Romance']",['US'],['Columbia Pictures'],7433101,126,2,0.5719
FALSE,16958,en,"Recently paroled from prison, legendary burglar ""Doc"" Riedenschneider, with funding from Alonzo Emmerich, a crooked lawyer, gathers a small group of veteran criminals together in the Midwest for a big jewel heist.",1.9255,5/12/1950,The Asphalt Jungle,7.5,489,FALSE,1232000,"['Crime', 'Drama']",['US'],['Metro-Goldwyn-Mayer'],0,112,2,
FALSE,293863,en,"After 29-year-old Adaline recovers from a nearly lethal accident, she inexplicably stops growing older. As the years stretch on and on, Adaline keeps her secret to herself  until she meets a man who changes her life.",7.2851,4/16/2015,The Age of Adaline,7.482,6778,FALSE,25000000,"['Romance', 'Fantasy', 'Drama']",['US'],"['Lakeshore Entertainment', 'Sidney Kimmel Entertainment', 'Lionsgate']",65663276,112,1,0.3738283523008412
FALSE,25037,en,"General Candy, who's overseeing an English squad in 1943, is a veteran leader who doesn't have the respect of the men he's training and is considered out-of-touch with what's needed to win the war. But it wasn't always this way. Flashing back to his early career in the Boer War and World War I, we see a dashing young officer whose life has been shaped by three different women, and by a lasting friendship with a German soldier.",0.6536,7/26/1943,The Life and Death of Colonel Blimp,7.5,251,FALSE,0,"['War', 'Drama', 'Romance', 'Comedy']",['GB'],"['The Archers', 'J. Arthur Rank Organisation']",0,163,3,0.20104501845018444
FALSE,18900,en,"After a botched robbery results in the brutal murder of a rural family, two drifters elude police, in the end coming to terms with their own mortality and the repercussions of their vile atrocity.",1.3831,12/15/1967,In Cold Blood,7.5,393,FALSE,3500000,"['Crime', 'Drama', 'Thriller', 'History']",['US'],"['Pax Enterprises', 'Columbia Pictures']",13007551,134,1,-0.497880352
FALSE,252,en,"When eccentric candy man Willy Wonka promises a lifetime supply of sweets and a tour of his chocolate factory to five lucky kids, penniless Charlie Bucket seeks the golden ticket that will make him a winner.",6.8672,6/29/1971,Willy Wonka & the Chocolate Factory,7.482,3702,FALSE,3000000,"['Family', 'Fantasy', 'Comedy']",['US'],['Wolper Pictures'],4000000,99,4,0.24114260690365788
FALSE,186,en,"Slevin is mistakenly put in the middle of a personal war between the city’s biggest criminal bosses. Under constant watch, Slevin must try not to get killed by an infamous assassin and come up with an idea of how to get out of his current dilemma.",5.9465,2/24/2006,Lucky Number Slevin,7.482,4167,FALSE,27000000,"['Drama', 'Thriller', 'Crime', 'Mystery']",['US'],"['The Weinstein Company', 'FilmEngine', 'Capitol Films', 'Ascendant Pictures', 'VIP Medienfonds 4', 'Lucky Number Slevin Productions Inc.', 'The Complex', 'Don Carmody Productions', 'Metro-Goldwyn-Mayer']",56300000,110,1,0.5935478571428568
FALSE,550988,en,"A bank teller discovers he is actually a background player in an open-world video game, and decides to become the hero of his own story. Now, in a world where there are no limits, he is determined to be the guy who saves his world his way before it's too late.",13.7988,8/11/2021,Free Guy,7.481,9062,TRUE,110000000,"['Comedy', 'Adventure', 'Science Fiction']",['US'],"['Berlanti Productions', '21 Laps Entertainment', 'Maximum Effort', 'Lit Entertainment Group', '20th Century Studios']",331526598,115,1,-0.000532845
FALSE,42512,de,"When Kriemhild, thirsty for revenge, marries to Etzel, king of the Huns, she invites King Gunther and his court to visit them, intending to finally take the life of the man responsible of her disgrace.",0.653,4/26/1924,Die Nibelungen: Kriemhild's Revenge,7.5,107,TRUE,0,"['Adventure', 'Drama', 'Fantasy']",['DE'],"['UFA', 'Decla-Bioscop']",0,129,1,
FALSE,530,en,"Wallace and Gromit have run out of cheese, and this provides an excellent excuse for the duo to take their holiday to the moon, where, as everyone knows, there is ample cheese.  Preserved by the Academy Film Archive.",2.9765,5/18/1990,A Grand Day Out,7.481,922,TRUE,17300,"['Family', 'Animation', 'Comedy']",['GB'],"['Aardman', 'NFTS']",40118,24,1,0.3734952380952381
FALSE,644089,en,"As a Korean-American man raised in the Louisiana bayou works hard to make a life for his family, he must confront the ghosts of his past as he discovers that he could be deported from the only country he has ever called home.",2.4149,9/10/2021,Blue Bayou,7.5,277,FALSE,0,['Drama'],"['CA', 'US']","['Entertainment One', 'MACRO', 'Focus Features']",750000,117,3,0.12846203037569942
FALSE,493099,en,"Justice Ruth Bader Ginsburg now 84, and still inspired by the lawyers who defended free speech during the Red Scare, Ginsburg refuses to relinquish her passionate duty, steadily fighting for equal rights for all citizens under the law. Through intimate interviews and unprecedented access to Ginsburg’s life outside the court, RBG tells the electric story of Ginsburg’s consuming love affairs with both the Constitution and her beloved husband Marty—and of a life’s work that led her to become an icon of justice in the highest court in the land.",1.6662,5/4/2018,RBG,7.48,294,FALSE,0,['Documentary'],['US'],"['CNN Films', 'Storyville Films']",2002767,98,4,0.038604173
FALSE,260516,ja,"Lupin & Jigen have their sights set on a treasure called the Little Comet, which is located in the heavily fortified country of East Doroa. During the heist, Jigen is almost killed by a sniper named Yael Okuzaki. His specialty is preparing tombstones for his targets before executing them. It's said that no one can survive after Yael makes their tombstone.",2.2075,6/21/2014,Lupin the Third: Jigen's Gravestone,7.5,124,TRUE,0,"['Animation', 'Adventure', 'Action', 'Crime', 'Drama']",['JP'],"['TMS Entertainment', 'Telecom Animation Film']",0,51,1,
FALSE,42279,ru,"This is the second silent (save for a song) slapstick comedy short about adventures of Worldly, Coward, and Fool. In a small hunting lodge three friends are making illegal moonshine. Bottled ""product"" fills shelves quickly. Life is good. But their dog Barbos doesn't understand that bringing a moonshine condenser coil to a police station is a bad idea...",0.6507,1/8/1962,Bootleggers,7.48,122,TRUE,0,['Comedy'],['SU'],['Mosfilm'],0,19,1,0.21695
FALSE,13528,en,A newlywed fears she's going mad when strange things start happening at the family mansion.,1.874,5/4/1944,Gaslight,7.5,501,FALSE,2068000,"['Thriller', 'Drama', 'Mystery', 'Crime']",['US'],['Metro-Goldwyn-Mayer'],0,114,1,-0.074606597
FALSE,11327,en,"Billy Hayes is caught attempting to smuggle drugs out of Turkey. The Turkish courts decide to make an example of him, sentencing him to more than 30 years in prison. Hayes has two opportunities for release: the appeals made by his lawyer, his family, and the American government, or the ""Midnight Express"".",2.4909,8/31/1978,Midnight Express,7.48,1744,FALSE,2300000,"['Drama', 'Crime']","['US', 'GB']","['Columbia Pictures', 'Casablanca Filmworks']",35000000,121,4,0.11680927777777778
FALSE,8333,en,"In New York, armed men hijack a subway car and demand a ransom for the passengers. Even if it's paid, how could they get away?",2.5205,10/2/1974,The Taking of Pelham One Two Three,7.48,551,FALSE,0,"['Crime', 'Thriller', 'Action']",['US'],"['Palomar Pictures International', 'Palladium Productions']",0,104,1,0.2524676946410516
FALSE,443129,en,Short film made with the help of the Sundance Film Institute and serving as a proof-of-concept for the subsequent feature film.,0.6977,6/1/1991,Reservoir Dogs,7.479,195,FALSE,0,['Crime'],['US'],['Sundance Institute'],0,12,1,-0.052338253
FALSE,374853,ja,"Love is blooming at Sakuragaoka High School. Natsuki Enomoto has finally mustered the courage to confess to her childhood friend, Yuu Setoguchi. However, in the final moments of her confession, an embarrassed Natsuki passes it off as a ""practice confession."" Oblivious to her true feelings and struggling with his own, Yuu promises to support Natsuki in her quest for love. While Natsuki deals with her failed confession, fellow classmate Koyuki Ayase struggles with his own feelings for Natsuki. Despite his timidness, he is determined to win over her heart.  This movie follows Natsuki as she dreams of one day ending her practices and genuinely confessing to Yuu. Meanwhile, close friends also find themselves entangled in their own webs of unrequited love and unspoken affections.",2.3698,4/23/2016,I've Always Liked You,7.5,142,TRUE,0,"['Animation', 'Drama', 'Romance']",['JP'],"['HoneyWorks', 'Qualia Animation']",0,63,1,
FALSE,13930,en,"One by one, a flock of small birds perches on a telephone wire. Sitting close together has problems enough, and then comes along a large dopey bird that tries to join them. The birds of a feather can't help but make fun of him - and their clique mentality proves embarrassing in the end.",1.6248,11/2/2000,For the Birds,7.479,1232,FALSE,0,"['Animation', 'Family', 'Comedy']",['US'],['Pixar'],0,4,1,0.012302904
FALSE,9559,en,"A kidnapped boy strikes up a friendship with his captor: an escaped convict on the run from the law, headed by an honorable U.S. Marshal.",4.5445,11/24/1993,A Perfect World,7.479,1711,FALSE,30000000,"['Drama', 'Crime']",['US'],"['Malpaso Productions', 'Warner Bros. Pictures']",135100000,138,1,0.4866636363636363
FALSE,3133,en,An impressionable teenage girl from a dead-end town and her older greaser boyfriend embark on a killing spree in the South Dakota badlands.,2.7279,1/5/1974,Badlands,7.479,1229,FALSE,300000,"['Crime', 'Drama', 'Romance']",['US'],"['Pressman-Williams', 'Jill Jakes Production', 'Warner Bros. Entertainment']",0,94,2,0.002757392
FALSE,470819,en,"Drawing from never-before-seen footage that has been tucked away in the National Geographic archives, director Brett Morgen tells the story of Jane Goodall, a woman whose chimpanzee research revolutionized our understanding of the natural world.",1.5299,12/28/2017,Jane,7.478,137,FALSE,0,['Documentary'],['US'],"['Public Road Productions', 'National Geographic', 'National Geographic Documentary Films']",1723379,90,1,0.027411771872382532
FALSE,106380,zh,"A young woman urgently seeks to navigate the maze of contemporary Taipei and find a future. She hopes that her boyfriend Lung is the key to the future, but Lung is stuck in a past that combines baseball and traditional loyalty that leads him to squander his nest egg bailing her father out of financial trouble.",1.4898,5/1/1985,Taipei Story,7.478,116,FALSE,0,['Drama'],['TW'],['Evergreen Film Company'],0,120,1,0.5126083333333333
FALSE,919207,ko,"After the assassination of President Park, martial law has been declared. A coup d'état bursts out by DefenseSecurity Commander Chun Doo-gwang and a private band of officers following him. Capital Defense Commander Lee Tae-shin, an obstinate soldier who believes the military should not take political actions, fights against Chun Doo-gwang to stop him. The conflict between the two grows while military leaders are holding their decision and Defense Minister is gone. In the midst of chaos, the spring of Seoul that everyone longed for heads to unexpected direction.",25.3161,11/22/2023,12.12: The Day,7.5,110,FALSE,0,"['Drama', 'History', 'Thriller', 'Crime', 'War', 'Action']",['KR'],"['Hive Media Corp', 'Plus M Entertainment']",0,142,1,-0.148493056
FALSE,651724,en,"Martin Scorsese, Robert De Niro, Joe Pesci, and Al Pacino in conversation about The Irishman.",0.8092,11/27/2019,The Irishman: In Conversation,7.477,110,FALSE,0,['Documentary'],['US'],[],0,23,1,
FALSE,431937,fr,"How did Sarah and Victor get along for more than 45 years? Who was this enigmatic woman living in the shadow of her husband? Love, ambition, betrayals and secrets feed the story of this extraordinary couple, as they experience both the large and small moments of the last century's history.",1.1203,3/8/2017,Mr & Mme Adelman,7.477,447,FALSE,5983685,"['Romance', 'Drama', 'Comedy']",['FR'],"['Le Pacte', 'Les Films du Kiosque', 'Canal+', 'France Télévisions', 'Ciné+', 'France 2 Cinéma', 'uFund', 'Orange Studio', 'Indéfilms 4', 'Cinéventure']",0,120,1,
FALSE,377273,pt,"Clara, a vibrant former music critic and widow with flowing tresses is the only remaining apartment owner in a beautiful older building targeted for demolition by ruthless luxury high-rise developers. Clara proves to be a force to be reckoned with as she thwarts the builders plans to kick her out of the apartment.",1.0514,9/1/2016,Aquarius,7.477,469,FALSE,762241,['Drama'],['BR'],"['SBS Productions', 'CinemaScópio', 'Globo Filmes', 'VideoFilmes']",285930,147,1,0.7237565217391304
FALSE,301528,en,"Woody has always been confident about his place in the world and that his priority is taking care of his kid, whether that's Andy or Bonnie. But when Bonnie adds a reluctant new toy called ""Forky"" to her room, a road trip adventure alongside old and new friends will show Woody how big the world can be for a toy.",11.0556,6/19/2019,Toy Story 4,7.477,9981,TRUE,175000000,"['Family', 'Adventure', 'Animation', 'Comedy', 'Fantasy']",['US'],"['Walt Disney Pictures', 'Pixar']",1073841394,100,1,0.15349549391945191
FALSE,37903,de,An aged tailor recalls his life as the schoolteacher of a small village in Northern Germany that was struck by a series of strange events in the year leading up to WWI.,3.2768,9/24/2009,The White Ribbon,7.477,1047,FALSE,21555450,"['Drama', 'Mystery']",['DE'],"['Lucky Red', 'Wega Film', 'Les Films du Losange', 'X Filme Creative Pool']",11652157,144,3,-0.167589947
FALSE,35172,fr,"A joinery instructor at a rehab center refuses to take a new teen as his apprentice, but then begins to follow the boy through the hallways and streets.",0.5807,5/23/2002,The Son,7.477,155,FALSE,0,['Drama'],['BE'],"['Archipel 33>35', 'Les Films du Fleuve', 'RTBF']",0,103,1,-0.267415963
FALSE,11798,en,"A story about a troubled boy growing up in England, set in 1983. He comes across a few skinheads on his way home from school, after a fight. They become his new best friends, even like family. Based on experiences of director Shane Meadows.",0.6593,4/27/2007,This Is England,7.477,1295,FALSE,2380000,"['Drama', 'Crime']",['GB'],"['EM Media', 'UK Film Council', 'Screen Yorkshire', 'Big Arty Productions', 'Film4 Productions']",8176544,101,1,0.073283159
FALSE,430,en,"C.R. MacNamara is a managing director for Coca Cola in West Berlin during the Cold War, just before the Wall is put up. When Scarlett, the rebellious daughter of his boss, comes to West Berlin, MacNamara has to look after her, but this turns out to be a difficult task when she reveals to be married to a communist.",2.2763,12/15/1961,"One, Two, Three",7.5,384,FALSE,3000000,['Comedy'],['US'],"['The Mirisch Company', 'United Artists']",4000000,109,3,0.25597532597793377
FALSE,42982,en,"Seth Green and Matthew Senreich serve up more hilarious Star Wars-inspired satire in this second compilation of sketches featuring the zany stop-motion animation of Adult Swim's ""Robot Chicken."" Gary the stormtrooper deals with irascible boss Darth Vader on Take Your Daughter to Work Day, while Anakin babysits a certain up-and-coming Jedi.",1.4267,11/16/2008,Robot Chicken: Star Wars Episode II,7.476,143,TRUE,0,"['Science Fiction', 'Animation', 'Comedy', 'Action', 'Adventure', 'Fantasy', 'TV Movie']",['US'],"['Lucasfilm Ltd.', 'Stoopid Monkey', 'Sony Pictures Digital', 'ShadowMachine']",0,23,2,
FALSE,4593,fr,"In Luis Buñuel’s deliciously satiric masterpiece, an upper-class sextet sits down to dinner but never eats, their attempts continually thwarted by a vaudevillian mixture of events both actual and imagined.",3.2334,9/15/1972,The Discreet Charm of the Bourgeoisie,7.476,828,FALSE,800000,['Comedy'],['FR'],['Greenwich Film Production'],103230,101,2,0.6376341708542714
FALSE,1251,en,"The story of the battle of Iwo Jima between the United States and Imperial Japan during World War II, as told from the perspective of the Japanese who fought it.",3.5328,12/9/2006,Letters from Iwo Jima,7.476,2104,TRUE,19000000,"['Action', 'Drama', 'War']",['US'],"['Warner Bros. Pictures', 'DreamWorks Pictures', 'Malpaso Productions', 'Amblin Entertainment']",68673228,141,1,-0.22884149
FALSE,256057,es,"Set amidst the 1999 student strikes in Mexico City, this coming-of-age tale finds two brothers venturing through the city in a sentimental search for an aging legendary musician. Shot in black-and-white, Güeros brims with youthful exuberance.",1.124,4/17/2014,Güeros,7.475,141,FALSE,0,"['Drama', 'Comedy']",['MX'],"['Instituto Mexicano de Cinematografía', 'Consejo Nacional para la Cultura y las Artes', 'Catatonia Films', 'Estudios Churubusco Azteca']",0,111,1,0.32168
FALSE,203101,ja,"In their efforts to find a safe haven from the zombie apocalypse, the gang find themselves on a deserted island. Now, they take advantage of the momentary respite to enjoy some surf, sand and bathing suits!",1.2004,4/25/2011,High School of the Dead: Drifters of the Dead,7.5,463,FALSE,0,"['Comedy', 'Animation', 'Adventure', 'Horror']",['JP'],"['AT-X', 'Madhouse']",0,18,2,
FALSE,86412,en,"After a hurricane levels his city, a young man wanders into a mysterious library where books literally come to life.",0.2587,2/10/2012,The Fantastic Flying Books of Mr. Morris Lessmore,7.475,122,FALSE,0,"['Adventure', 'Animation']",['US'],['Moonbot Studios'],0,15,1,0.77474
FALSE,18197,en,"The Popes are a family who haven't been able to use their real identity for years. In the late sixties, the parents set a weapons lab afire in an effort to hinder the government's Vietnam war campaign. Ever since then, the Popes have been on the run with the authorities never far behind. Their survival is threatened when their eldest son falls in love with a girl, and announces his wish to live his life on his own terms.",1.4246,9/9/1988,Running on Empty,7.5,317,FALSE,0,"['Drama', 'Romance', 'Crime']",['US'],"['Double Play', 'Lorimar Film Entertainment']",2835116,116,1,-0.260633212
FALSE,13384,en,"Bullied at school and ignored and abused at home by his indifferent mother and older brother, Billy Casper, a 15-year-old working-class Yorkshire boy, tames and trains his pet kestrel falcon whom he names Kes. Helped and encouraged by his English teacher and his fellow students, Billy finally finds a positive purpose to his unhappy existence.",1.1949,4/3/1970,Kes,7.5,397,FALSE,0,['Drama'],['GB'],"['Woodfall Film Productions', 'Kestrel Films']",0,111,1,0.001805
FALSE,9665,en,"Robert Gould Shaw leads the US Civil War's first all-black volunteer company, fighting prejudices of both his own Union army and the Confederates.",5.7403,12/15/1989,Glory,7.475,1669,FALSE,18000000,"['Drama', 'History', 'War']",['US'],"['Freddie Fields Productions', 'TriStar Pictures']",26800000,122,1,0.3373946593876099
FALSE,983,en,"A robust adventure about two British adventurers who take over primitive Kafiristan as ""godlike"" rulers, meeting a tragic end through their desire for a native girl. Based on a short story by Rudyard Kipling.",3.0918,12/3/1975,The Man Who Would Be King,7.479,652,FALSE,8000000,"['Adventure', 'Drama']",['GB'],"['Persky-Bright Productions', 'Devon']",12678,129,3,0.48444999999999994
FALSE,507089,en,"Recently fired and desperate for work, a troubled young man named Mike agrees to take a position as a night security guard at an abandoned theme restaurant: Freddy Fazbear's Pizzeria. But he soon discovers that nothing at Freddy's is what it seems.",16.2266,10/25/2023,Five Nights at Freddy's,7.473,4322,TRUE,20000000,"['Horror', 'Thriller']",['US'],"['Blumhouse Productions', 'Scott Cawthon Productions']",297144130,110,1,-0.030035991
FALSE,43824,en,"On the eve of World War II, a British officer revisits Waterloo Bridge and recalls the young man he was at the beginning of World War I and the young ballerina he met just before he left for the front.",1.9411,5/17/1940,Waterloo Bridge,7.474,156,FALSE,1200000,"['Drama', 'Romance']",['US'],['Metro-Goldwyn-Mayer'],2500000,109,1,0.4225846153846154
FALSE,19460,es,"At age 42, Rafael Belvedere is having a crisis. He lives in the shadow of his father, he feels guilty about rarely visiting his aging mother, his ex-wife says he doesn't spend enough time with their daughter and he has yet to make a commitment to his girlfriend. At his lowest point, a minor heart attack reunites him with Juan Carlos, a childhood friend, who helps Rafael to reconstruct his past.",1.1073,8/16/2001,Son of the Bride,7.474,211,FALSE,0,"['Comedy', 'Drama', 'Romance']","['AR', 'ES']","['Tornasol Media', 'JEMPSA', 'Pol-Ka Producciones', 'INCAA', 'Patagonik']",0,123,1,-0.73875616
FALSE,14968,ko,"Based on the long running play by Jang Jin, the story is set in Korea during the Korean War in 1950. Soldiers from both the North and South, as well as an American pilot, find themselves in a secluded and naively idealistic village, its residents unaware of the outside world, including the war.",1.4304,8/4/2005,Welcome to Dongmakgol,7.5,189,FALSE,8000000,"['Comedy', 'Drama', 'War']",['KR'],"['Film It Suda', 'Showbox']",33579813,133,2,
FALSE,13823,en,"PK, an English orphan terrorized for his family's political beliefs in Africa, turns to his only friend, a kindly world-wise prisoner, Geel Piet. Geel teaches him how to box with the motto “fight with your fists and lead with your heart”. As he grows to manhood, PK uses these words to take on the system and the injustices he sees around him - and finds that one person really can make a difference.",1.3534,3/27/1992,The Power of One,7.5,141,FALSE,18000000,['Drama'],"['US', 'AU']","['Warner Bros. Pictures', 'Regency Enterprises', 'Alcor Films', 'Village Roadshow Pictures', 'Arnon Milchan Productions', 'Le Studio Canal+']",2827107,127,1,0.041472727272727265
FALSE,12276,zh,"Prompted by the death of his father and the grief of his mother, a man recalls the story of how they met in flashback.",1.2986,10/16/1999,The Road Home,7.474,208,FALSE,0,"['Drama', 'Romance']",['CN'],"['Guangxi Film Studio', 'Beijing New Picture Film Co. Ltd.', 'Columbia Pictures', 'Sony Pictures Classics', 'CP Film Production Asia']",0,89,1,0.21852745098039214
FALSE,11344,ko,"Kim Sun-woo is an enforcer and manager for a hotel owned by a cold, calculative crime boss, Kang who assigns Sun-woo to a simple errand while he is away on a business trip; to shadow his young mistress, Hee-soo, for fear that she may be cheating on him with a younger man with the mandate that he must kill them both if he discovers their affair.",2.489,4/1/2005,A Bittersweet Life,7.5,896,FALSE,0,"['Action', 'Drama', 'Crime']",['KR'],"['Bom Film Productions', 'CJ Entertainment']",7600000,119,2,0.17053896907216484
FALSE,8341,bo,A love story situated in the Himalayas. A Buddhist monk can't choose between life and the way of the Buddha.,1.2933,10/10/2002,Samsara,7.474,117,FALSE,3000000,"['Adventure', 'Drama', 'Romance']",['BO'],['Fandango'],0,138,1,0.3196808605341247
FALSE,517062,de,"17-year-old Cyril is funny, smart and an all-round good guy. Just his somewhat overlarge nose spoils the picture. On a school trip to Berlin with Roxy, a stunning new classmate, Cyril is not the only one taken with her. Benno, the class Casanova has his eye on the girl too and makes a nasty wager. Roxy is more interested in the introverted Rick, who is not only shy but also slow. Cyril hastens with his spoken word skills to Rick's aid, and falls head over heels in love with Roxy himself. So whose brave heart will win the fair lady?",0.7486,9/6/2018,The Most Beautiful Girl in the World,7.473,112,FALSE,0,"['Comedy', 'Romance', 'Drama', 'Music']",['DE'],"['Telepool', 'Rialto Film', 'Tobis Film', 'Sat.1']",0,102,1,
FALSE,74879,tr,"A group of men lead a search for a victim of a murder to whom a suspect named Kenan and his mentally challenged brother confessed. However, the search is proving more difficult than expected as Kenan is fuzzy as to the body's location. As the group continues looking, its members can't help but chat among themselves about everyday life, which ultimately leads to conversations about their deepest existential concerns and secrets.",1.6453,9/23/2011,Once Upon a Time in Anatolia,7.473,493,FALSE,0,"['Drama', 'Crime']","['BA', 'TR']","['1000 Volt', 'Zeynofilm', '2006 Produkcija']",138730,163,1,0.627184
FALSE,54898,fr,A lonely Parisian woman comes to terms with her isolation and anxieties during a long summer vacation.,1.403,8/29/1986,The Green Ray,7.5,259,FALSE,0,"['Drama', 'Romance']",['FR'],['Les Films du Losange'],0,99,4,
FALSE,46918,ja,"When a theater troupe's master visits his old flame, he unintentionally sets off a chain of unexpected events with devastating consequences.",1.7677,11/17/1959,Floating Weeds,7.5,185,FALSE,0,['Drama'],['JP'],['Daiei Film'],0,115,1,0.07066338
FALSE,15165,en,"In her first animated musical featuring seven original songs, Barbie comes to life in this modern re-telling of a classic tale of mistaken identity and the power of friendship. Based on the story by Mark Twain.",4.0904,9/28/2004,Barbie as The Princess & the Pauper,7.5,1491,FALSE,0,"['Animation', 'Family', 'Comedy']","['CA', 'US']","['Mainframe Entertainment', 'Mattel', 'Lionsgate Home Entertainment']",0,86,1,
FALSE,219,es,"Three generations of women survive the east wind, fire, insanity, superstition and even death by means of goodness, lies and boundless vitality.",1.9006,3/17/2006,Volver,7.473,1766,FALSE,12899867,"['Comedy', 'Drama', 'Romance']",['ES'],['El Deseo'],85582407,121,1,0.18872694610778445
FALSE,520763,en,"Following the events at home, the Abbott family now face the terrors of the outside world. Forced to venture into the unknown, they realize that the creatures that hunt by sound are not the only threats that lurk beyond the sand path.",12.2544,5/21/2021,A Quiet Place Part II,7.472,6791,TRUE,55000000,"['Science Fiction', 'Thriller', 'Horror']",['US'],"['Paramount Pictures', 'Platinum Dunes', 'Sunday Night Productions']",297372261,96,1,-0.014913103
FALSE,56828,en,"After Dexter is confronted with robots who wish to ""destroy the one who saved the future,"" he uses his time machine to see how he saved it. They declare that they are here to destroy the one who saved the future, and make ready to attack Dexter. Dexter easily destroys them with the use of various tools and gadgets from his lab. However, news that he is ""The One Who Saved the Future"" intrigues him, and he decides to travel through time to discover how cool he is. In the first time period he visits, Dexter finds a tall, skinny, weak version of himself working in office-designing cubicles, with Mandark as his rich, successful boss. The child Dexter unwittingly reveals the existence of blueprints regarding the ""Neurotomic Protocore"", and Mandark steals it after the two Dexters move forward in time.",1.6035,12/17/1999,Dexter's Laboratory: Ego Trip,7.5,109,FALSE,0,"['Animation', 'Comedy', 'Family', 'Science Fiction', 'TV Movie', 'Action', 'Drama']",['US'],['Hanna-Barbera Productions'],0,50,2,0.1673729618163055
FALSE,9299,es,"While doing a thesis about violence, Ángela finds a snuff video where a girl is tortured to death. Soon she discovers that the girl was a former student at her college...",2.6366,4/11/1996,Thesis,7.472,850,FALSE,0,"['Horror', 'Thriller']",['ES'],"['Sogepaq', 'Las Producciones del Escorpión S.L.']",2647055,125,1,0.2293441706161137
FALSE,2000,de,"A few decades after the destruction of the Inca Empire, a Spanish expedition led by the infamous Aguirre leaves the mountains of Peru and goes down the Amazon River in search of the lost city of El Dorado. When great difficulties arise, Aguirre’s men start to wonder whether their quest will lead them to prosperity or certain death.",1.8686,12/29/1972,"Aguirre, the Wrath of God",7.472,1137,FALSE,370000,"['History', 'Adventure', 'Drama']","['DE', 'MX']","['Werner Herzog Filmproduktion', 'HR']",37041,95,3,0.6365716803760284
FALSE,905,de,"Lulu is a young woman so beautiful and alluring that few can resist her siren charms. The men drawn into her web include respectable newspaper publisher Dr. Ludwig Schön, his musical producer son Alwa, circus performer Rodrigo Quast, and seedy old Schigolch. When Lulu's charms inevitably lead to tragedy, the downward spiral encompasses them all.",1.7178,1/30/1929,Pandora's Box,7.5,233,FALSE,0,"['Drama', 'Crime', 'Romance']",['DE'],['Nero-Film AG'],885533,133,1,0.067054396
FALSE,1263421,ja,"It's the ultimate showdown. The toughest fighters from ""Baki Hanma"" and ""Kengan Ashura"" clash in this unprecedented, hard-hitting martial arts crossover.",5.9515,6/5/2024,Baki Hanma VS Kengan Ashura,7.5,294,FALSE,0,"['Animation', 'Action', 'Fantasy']",['JP'],['TMS Entertainment'],0,60,1,-0.273566667
FALSE,720748,en,This documentary captures the extraordinary twists and turns in the journeys of Rubik's Cube-solving champions Max Park and Feliks Zemdegs.,1.0969,7/28/2020,The Speed Cubers,7.471,102,FALSE,0,['Documentary'],['US'],"['Romano Films', 'Wieden+Kennedy', 'Saltwater Productions']",0,40,1,0.8340875000000001
FALSE,78237,es,"Mariano is a psychologist who must fulfill community service after losing a lawsuit by a traffic accident. He is forced to provide therapeutic support to Alfredo, a policeman depressed over his wife cheating on him. Mariano is then accidentally involved in a double homicide investigation being conducted by Alfredo.",0.5612,9/29/2005,On Probation,7.471,120,FALSE,0,"['Mystery', 'Crime', 'Action', 'Comedy', 'Drama']",['AR'],"['INCAA', '20th Century Fox', 'Chemo', 'K & S Films', 'OK Films', 'Shok Films Argentina']",2083516,112,1,-0.46698
FALSE,32909,zh,"When barbarian hordes threaten her homeland, the brave and cunning Mulan disguises herself as a male soldier to swell the ranks in her aging father's stead. The warrior's remarkable courage drives her through powerful battle scenes and brutal wartime strategy. Mulan loses dear friends to the enemy's blade as she rises to become one of her country's most valuable leaders — but can she win the war before her secret is exposed?",2.1385,11/26/2009,Mulan: Rise of a Warrior,7.5,429,FALSE,12000000,"['Adventure', 'Drama', 'Action']",['CN'],"['Starlight International Media', 'Shanghai Film Group', 'Bona Film Group', 'TIK Films', 'Beijing Gallop Horse Film & TV Production']",13380561,115,2,
FALSE,26280,fr,"Hubert, a brash 17-year-old, is confused and torn by a love-hate relationship with his mother that consumes him more and more each day. After distressing ordeals and tragic episodes, Hubert will find his mother on the banks of Saint Lawrence river, where he grew up, and where a murder will be committed: the murder of childhood.",1.9652,6/5/2009,I Killed My Mother,7.5,1115,FALSE,0,['Drama'],['CA'],['Mifilifilms'],0,96,1,-0.4939
FALSE,16619,en,"Beth, Calvin, and their son Conrad are living in the aftermath of the death of the other son. Conrad is overcome by grief and misplaced guilt to the extent of a suicide attempt. He is in therapy. Beth had always preferred his brother and is having difficulty being supportive to Conrad. Calvin is trapped between the two trying to hold the family together.",2.1524,9/19/1980,Ordinary People,7.471,638,FALSE,6000000,['Drama'],['US'],"['Paramount Pictures', 'Wildwood Enterprises']",54766923,124,1,0.43664272986844005
FALSE,11016,en,"A hurricane swells outside, but it's nothing compared to the storm within the hotel at Key Largo. There, sadistic mobster Johnny Rocco holes up - and holds at gunpoint hotel owner James Temple, his widowed daughter-in-law Nora, and ex-GI Frank McCloud.",1.454,7/16/1948,Key Largo,7.471,543,FALSE,0,"['Crime', 'Thriller']",['US'],['Warner Bros. Pictures'],0,100,2,0.6705
FALSE,8740,nl,"Rex and Saskia, a young couple in love, are on vacation. They stop at a busy service station and Saskia is abducted. After three years and no sign of Saskia, Rex begins receiving letters from the abductor.",2.7721,10/27/1988,The Vanishing,7.5,680,FALSE,0,"['Thriller', 'Mystery']",['NL'],['MGS Film'],0,106,3,-0.082339563
FALSE,1076364,en,"Carl Fredricksen reluctantly agrees to go on a date with a lady friend—but admittedly has no idea how dating works these days. Ever the helpful friend, Dug steps in to calm Carl's pre-date jitters and offer some tried-and-true tips for making friends—if you're a dog.",5.9911,6/15/2023,Carl's Date,7.47,416,FALSE,0,"['Animation', 'Adventure', 'Family', 'Comedy']",['US'],['Pixar'],0,9,1,
FALSE,660120,no,"The chronicles of four years in the life of Julie, a young woman who navigates the troubled waters of her love life and struggles to find her career path, leading her to take a realistic look at who she really is.",6.6144,10/13/2021,The Worst Person in the World,7.47,1480,FALSE,5000000,"['Drama', 'Romance', 'Comedy']",['NO'],"['Oslo Pictures', 'MK2 Films', 'Film i Väst', 'Snowglobe', 'B-Reel Films', 'ARTE France Cinéma']",12687507,128,1,0.32830088888888875
FALSE,239571,en,A pair of former high school sweethearts reunite after many years when they return to visit their small hometown.,2.8868,10/15/2014,The Best of Me,7.47,2607,FALSE,26000000,"['Drama', 'Romance']",['US'],['Relativity Media'],35926213,117,1,0.068444828
FALSE,41585,it,"A teacher discovers his calling. Marco relocates to Palermo from Milan and takes a job teaching in a reform school while he waits for a high school position. He tries to understand and motivate his handful of students, reading them colloquial poetry, encouraging them to stand up for their rights, finding out about their histories. Natale, in for murder, enamoured of the Mafia, the King Rat within the group; Mery, a drag queen, arrested for assault when defending himself, in love with Mario and, in daylight, rejected by all; Pietro, illiterate, muscular, believing his destiny is set; the callow Claudio, vulnerable, learning to harden himself. What can Mario learn and do in such a short time?",1.0293,5/4/1989,Mary Forever,7.47,232,FALSE,0,"['Crime', 'Drama']",['IT'],['Numero Uno International'],0,102,1,
FALSE,38396,it,"Con man Aldo breaks out of jail and seizes a car at gunpoint, taking its passengers—bumbling police officer Giacomo and nitpicking civilian Giovanni—hostages. An unlikely friendship blossoms.",0.8458,12/18/1998,That's Life,7.47,1333,FALSE,0,['Comedy'],['IT'],"['Medusa Film', 'A.Gi.Di.', 'Kubla Khan', 'Rodeo Drive']",0,108,1,
FALSE,19354,de,"Taken from The Arabian Nights, the film tells the story of a wicked sorcerer who tricks Prince Achmed into mounting a magical flying horse and sends the rider off on a flight to his death. But the prince foils the magician’s plan, and soars headlong into a series of wondrous adventures.",1.4127,9/3/1926,The Adventures of Prince Achmed,7.5,216,FALSE,0,"['Animation', 'Adventure', 'Fantasy', 'Romance']",['DE'],['Comenius-Film GmbH'],0,66,1,0.22947234408317768
FALSE,3035,en,"Tampering with life and death, Henry Frankenstein pieces together salvaged body parts to bring a human monster to life; the mad scientist's dreams are shattered by his creation's violent rage as the monster awakens to a world in which he is unwelcome.",3.8466,11/21/1931,Frankenstein,7.47,1632,TRUE,291000,"['Drama', 'Horror', 'Science Fiction']",['US'],['Universal Pictures'],12000000,70,2,0.081306362
FALSE,1567,fr,"After completing jail time for beating up a man who tried to seduce his mentally-handicapped teenage daughter, The Butcher wants to start life anew. He institutionalizes his daughter and moves to the Lille suburbs with his mistress, who promises him a new butcher shop. Learning that she lied, The Butcher returns to Paris to find his daughter.",1.0794,5/16/1998,I Stand Alone,7.47,528,TRUE,0,"['Drama', 'Thriller']",['FR'],"['Les Cinémas de la Zone', 'Love Streams Productions', 'Canal+']",0,89,1,0.12367058823529417
FALSE,666243,en,"Escaping from poverty to become a witcher, Vesemir slays monsters for coin and glory, but when a new menace rises, he must face the demons of his past.",4.4774,8/22/2021,The Witcher: Nightmare of the Wolf,7.469,996,FALSE,0,"['Animation', 'Action', 'Fantasy']",['US'],"['Studio Mir', 'Hivemind', 'Little Schmidt Productions', 'Platige Films']",0,83,1,0.016763097
FALSE,337703,fr,"The dialogue-less film follows the major life stages of a castaway on a deserted tropical island populated by turtles, crabs and birds.",3.0211,3/27/2016,The Red Turtle,7.469,1291,FALSE,0,"['Animation', 'Drama', 'Fantasy', 'Family']","['BE', 'FR']","['Wild Bunch', 'Studio Ghibli', 'Why Not Productions', 'CN4 Productions', 'Belvision', 'ARTE France Cinéma', 'Prima Linéa Productions']",921974,80,1,0.082025319
FALSE,32761,de,"Chronicles three years of a middle class family seemingly caught up in their daily routines, only troubled by minor incidents. Behind their apparent calm and repetitive existence however, they are actually planning something sinister.",1.9822,10/20/1989,The Seventh Continent,7.469,319,FALSE,0,['Drama'],['AT'],['Wega Film'],0,107,1,0.19031379310344826
FALSE,9428,en,"Royal Tenenbaum and his wife Etheline had three children and then they separated. All three children are extraordinary --- all geniuses. Virtually all memory of the brilliance of the young Tenenbaums was subsequently erased by two decades of betrayal, failure, and disaster. Most of this was generally considered to be their father's fault. ""The Royal Tenenbaums"" is the story of the family's sudden, unexpected reunion one recent winter.",6.5163,10/5/2001,The Royal Tenenbaums,7.469,4654,FALSE,21000000,"['Comedy', 'Drama']",['US'],"['Touchstone Pictures', 'American Empirical Pictures']",71441250,110,2,0.23054424178154823
FALSE,8055,en,"The story of Michael Berg, a German lawyer who, as a teenager in the late 1950s, had an affair with an older woman, Hanna, who then disappeared only to resurface years later as one of the defendants in a war crimes trial stemming from her actions as a concentration camp guard late in the war. He alone realizes that Hanna is illiterate and may be concealing that fact at the expense of her freedom.",8.6895,12/10/2008,The Reader,7.469,3191,FALSE,32000000,"['Drama', 'Romance']",['US'],"['The Weinstein Company', 'Mirage Enterprises', 'Studio Babelsberg']",108902486,124,4,0.3349841968911917
FALSE,2501,en,"Wounded to the brink of death and suffering from amnesia, Jason Bourne is rescued at sea by a fisherman. With nothing to go on but a Swiss bank account number, he starts to reconstruct his life, but finds that many people he encounters want him dead. However, Bourne realizes that he has the combat and mental skills of a world-class spy—but who does he work for?",10.4709,6/14/2002,The Bourne Identity,7.469,9480,TRUE,60000000,"['Action', 'Drama', 'Mystery', 'Thriller']","['DE', 'US', 'CZ']","['Universal Pictures', 'Hypnotic', 'Kalima Productions', 'Stillking Films', 'The Kennedy/Marshall Company']",214034224,119,5,-0.243079928
FALSE,1813,en,"Aspiring Florida defense lawyer Kevin Lomax accepts a job at a New York law firm. With the stakes getting higher every case, Kevin quickly learns that his boss has something far more evil planned.",12.7654,10/17/1997,The Devil's Advocate,7.469,6204,FALSE,57000000,"['Drama', 'Mystery', 'Thriller', 'Horror']",['US'],"['Monarchy Enterprises B.V.', 'Regency Enterprises', 'Kopelson Entertainment', 'New Regency Pictures', 'Taurus Film', 'Warner Bros. Pictures']",153000000,144,5,-0.043246344
FALSE,116977,en,The evil Brand X joins a supermarket that becomes a city after closing time.,1.1925,6/15/2012,Foodfight!,1.892,144,FALSE,65000000,"['Adventure', 'Comedy', 'Action', 'Animation', 'Family', 'War']",['US'],"['Threshold Entertainment', 'C47 Productions', 'Natural Image', 'StoryArk Media', 'Threshold Animation Studios']",73706,91,1,-0.119549777
FALSE,22293,en,"A family gets lost on the road and stumbles upon a hidden, underground, devil-worshiping cult led by the fearsome Master and his servant Torgo.",3.5625,11/15/1966,Manos: The Hands of Fate,2.085,217,TRUE,19000,['Horror'],['US'],"['Norm-Iris', 'Emerson Film Enterprises', 'Sun City Films']",0,70,1,0.2329814285714286
FALSE,188489,en,"A platoon of eagles and vultures attack Hollywood, California. Why did the eagles and vultures attack? Who will survive?",1.3602,4/9/2013,Birdemic 2: The Resurrection,2.1,115,TRUE,0,"['Horror', 'Thriller']",['US'],"['I Got a Fish Productions', 'Moviehead Pictures']",0,82,1,0.33246538461538466
FALSE,40016,en,"A platoon of eagles and vultures attacks the residents of a small town. Many people die. It's not known what caused the flying menace to attack. Two people manage to fight back, but will they survive Birdemic?",1.0054,2/27/2010,Birdemic: Shock and Terror,2.19,347,TRUE,10000,"['Romance', 'Horror', 'Thriller']",['US'],['Moviehead Pictures'],0,93,1,-0.150753846
FALSE,19157,en,A struggling young comedian takes a menial job on a cruise ship where he hopes for his big chance to make it in the world of cruise ship comedy.,1.1128,5/11/1989,Going Overboard,2.337,144,FALSE,200000,['Comedy'],['US'],"['Theater Technologies', 'L.A. Dreams Productions']",0,97,1,-0.156315894
FALSE,120846,en,"When an oil company unwittingly unleashes a prehistoric shark from its icy  prison, the Jurassic killer maroons a group of art thieves and a group of  college students on an abandoned island",2.8328,9/21/2012,Jurassic Shark,2.5,102,TRUE,0,"['Horror', 'Science Fiction', 'Action', 'Adventure', 'Thriller']","['CA', 'US']",['Dudez Productions'],0,75,1,0.10870735294117646
FALSE,203351,en,"When monsters suddenly appear from the bottom of the Atlantic Ocean, a special team pilots giant robots to combat the new threat.",0.0427,7/9/2013,Atlantic Rim,2.6,119,TRUE,500000,"['Action', 'Science Fiction']",['US'],"['The Asylum', 'Tiki Terrors']",0,85,1,0.3579344329896906
FALSE,535488,es,A shocking assault inspires horrific violence when a group of teens encounters a girl from their school while camping in a remote spot.,0.4352,7/13/2018,Romina,2.746,177,FALSE,0,"['Horror', 'Thriller']",['MX'],[],0,74,1,
FALSE,10838,en,"In the year 3000, the deep space salvage ship Mother III locates the vanished starship Demeter in the Carpathian System. Captain Abraham Van Helsing and his crew composed of the blonde assistant Aurora Ash; the crippled navigator Arthur ""The Professor"" Holmwood, who believes that he is a genius; the strong and dumb Humvee; the intern Mina Murry; and the drug addicted 187, decide to claim the possession of Demeter. While exploring the spacecraft, they see a tape of fifty years ago of Captain Varna telling that he was locked in his cabin since his crew was acting weird after getting a cargo of coffins in Transylvania station. When 187 decides to search in the coffins for some possible hidden dope, he cuts his hand and his blood awakes Count Orlock, a.k.a. Count Dracula. When Aurora discloses who Dracula is, the survivors try to find a way to destroy the vampire.",1.056,8/9/2004,Dracula 3000,2.8,139,FALSE,0,"['Horror', 'Science Fiction']","['ZA', 'DE', 'US']","['ApolloProMedia GmbH & Co. 1. Filmproduktion KG (I)', 'Fiction Film & Television', 'Film Afrika']",0,87,1,-0.398733333
FALSE,19213,en,"At popular South Beach University, filthy rich super-snob Victoria English is the absolute queen of leading Greek student club, Sigma Sigma. In order to achieve her crowning ambition, winning FHM Magazine's annual best sorority, she must recruit atypical 'Sigmies' to fulfill the diversity criteria. Ambitious sycophant pledge Kristen Haas helps her attract 'losers' (too poor, ugly, unfashionable), who are cruelly put through excruciating hazing, without intent to actually enroll them. Gloria, the brightest and most assertive pledge, wins the heart of Derek 'baby Dick', Victoria's ideal, yet constantly abused boyfriend, whose bitch-addiction is cured by this alternative lover. Together they lead the revolt of the not-even-nerds.",2.7251,2/8/2007,Pledge This!,2.803,114,FALSE,8300000,['Comedy'],['US'],"['Paris Hilton Entertainment', 'Pledge This Holdings']",1751460,91,1,
FALSE,31117,en,"Babies can communicate with each other using 'baby talk', and have innate knowledge of the secrets of the universe. The infant geniuses become involved in a scheme by media mogul Bill Biscane. Assisting the geniuses is a legendary superbaby named Kahuna, who joins up with several other babies in an attempt to stop Biscane, who intends to use a state-of-the-art satellite system to control the world's population.",2.7107,8/27/2004,Superbabies: Baby Geniuses 2,2.823,150,TRUE,0,"['Comedy', 'Family']","['GB', 'US']","['Columbia Pictures', 'ApolloMedia', 'Crystal Sky Pictures', 'Hador BG2 Productions Ltd.', 'Triumph Films']",9109322,88,1,0.6369
FALSE,76994,it,"An Italian parody of the biggest U.S. blockbusters such as ""Gladiator, "" ""Harry Potter"", ""Fast and Furious"" and ""The Da Vinci Code"".",0.6293,9/9/2011,Box Office 3D: The Filmest of Films,2.834,241,FALSE,5000000,['Comedy'],"['BG', 'IT']","['Mondo Home Entertainment', 'Wolf Pictures', 'Talents Factory']",2777000,102,1,
FALSE,63315,en,"Nate moves to L.A. to track down Cristabel, the woman he's been in love with since childhood, only to discover that his plan to woo her only has one hurdle to overcome: what to do with June, Cristabel's ever-present, not-so-hot best friend? What's even more complicating is Nate's growing feelings for June, whose true beauty starts to emerge.",1.6228,2/8/2008,The Hottie & The Nottie,2.861,209,FALSE,0,"['Comedy', 'Romance']",['US'],"['Purple Pictures', 'Regent Entertainment']",0,91,2,
FALSE,14164,en,"On his 18th birthday, Goku receives a mystical Dragonball as a gift from his grandfather. There are only six others like it in the whole world, and legend has it that whoever possesses all seven will be granted one perfect wish. When the arrival of a dark force triggers a tragedy, Goku and his companions are propelled into an epic quest to collect the seven Dragonballs and save the Earth from destruction.",2.5727,3/12/2009,Dragonball Evolution,2.901,2086,FALSE,30000000,"['Action', 'Adventure', 'Fantasy', 'Science Fiction', 'Thriller']",['US'],"['World Film Magic', 'Dune Entertainment', 'Star Overseas', 'Big Screen Productions', 'Ingenious Media', '20th Century Fox']",58228460,85,3,0.000597427
FALSE,369196,en,"Following her rape, Jennifer Hills wrote a bestselling account of her ordeal and of the controversial trial in which she was accused of taking the law into her own hands and brutally killing her assailants. In the small town where the rape and revenge took place, the relatives of the rapists she killed are furious that the court declared her not guilty and resolve to take justice into their own hands.",2.936,4/23/2019,I Spit on Your Grave: Déjà Vu,2.952,125,TRUE,0,"['Thriller', 'Horror']",['US'],['Deja Vu'],0,148,1,
FALSE,468221,it,"A 'greatest hits' clip show of 35 years of Cinepanettoni, paying homage to the genre and its protagonists as a whole.",0.4827,12/14/2017,Super vacanze di Natale,3,102,FALSE,0,['Comedy'],['IT'],['Filmauro'],0,86,1,
FALSE,368596,en,A young boxer is taken under the wing of a mob boss after his mother dies and his father is run out of town for being an abusive alcoholic.,0.9572,5/20/2016,Back in the Day,3.004,114,FALSE,0,['Drama'],['US'],[],0,121,1,0.10773127147766319
FALSE,653522,it,"Loving girlfriend, family fortune, breakout movie role: he's got it all. Until an app awakens a powerful new yearning. While in Rome to shoot his first movie, actor and industrial heir Niccolò becomes obsessed with the dating app ""US"" that sends him into a self-destructive spiral.",0.6937,12/26/2019,The App,3,122,FALSE,0,"['Drama', 'Science Fiction']",['IT'],['Indiana Production'],0,79,1,-0.405453387
FALSE,32307,en,"Martians fear their children have become lazy and joyless due to their newfound obsession with Earth TV shows. After ancient Martian leader Chochem suggests that the children of Mars need more fun—including their own Santa Claus—supreme leader Lord Kimar assembles an expedition to Earth. Once there, they kidnap two children who lead them to the North Pole, then capture the real Santa Claus, taking all three back to Mars in an attempt to bring the Martian children happiness.",1.1093,11/14/1964,Santa Claus Conquers the Martians,3.104,130,FALSE,200000,"['Comedy', 'Fantasy', 'Science Fiction']",['US'],"['Jalor Productions', 'Embassy Pictures Corporation']",0,81,1,-0.032088889
FALSE,11059,en,"Set on an island off the coast, a techno rave party attracts a diverse group of college coeds and a Coast Guard officer. Soon, they discover that their X-laced escapades are to be interrupted by zombies and monsters that attack them on the ground, from the air, and in the sea, ruled by an evil entity in the House of the Dead... Prequel to the House of the Dead video games.",1.1771,4/11/2003,House of the Dead,3.114,396,TRUE,12000000,"['Horror', 'Action', 'Thriller']","['US', 'DE', 'CA']","['Herold Productions', 'Boll Kino Beteiligungs GmbH & Co. KG', 'Mindfire Entertainment', 'Brightlight Pictures', 'Artisan Entertainment', 'SEGA']",13818181,90,1,0.10178471615720523
FALSE,39522,en,"When a science experiment goes horribly wrong, gigantic fish gain appetites for human flesh.",1.6448,4/10/2010,Mega Piranha,3.2,152,FALSE,3000000,"['Action', 'Adventure', 'Science Fiction']",['US'],['The Asylum'],0,92,2,-0.153211111
FALSE,13805,en,"Over the course of one evening, an unsuspecting group of twenty-somethings find themselves bombarded by a series of natural disasters and catastrophic events.",2.329,8/29/2008,Disaster Movie,3.169,1058,FALSE,25000000,['Comedy'],['US'],"['3 in the Box', 'Lionsgate', 'Grosvenor Park Media', 'Summit Entertainment', 'GTS Distribution']",34816824,87,1,-0.111930689
FALSE,17874,en,"Happy go-lucky teen Billy Duncan discovers an otherworldly laser gun in the southern California desert, making him the target of a pair of aliens who had recently executed its previous owner.",1.6733,3/1/1978,Laserblast,3.204,103,FALSE,0,"['Science Fiction', 'Horror']",['US'],"['Selected Pictures', 'Charles Band Productions', 'The Irwin Yablans Company', 'Full Moon Features']",0,83,1,0.003625749
FALSE,12142,en,"Edward Carnby is a private investigator specializing in unexplainable supernatural phenomena. His cases delve into the dark corners of the world, searching for truth in the occult remnants of ancient civilizations. Now, the greatest mystery of his past is about to become the most dangerous case he has ever faced.",1.5383,1/28/2005,Alone in the Dark,3.225,621,TRUE,20000000,"['Action', 'Fantasy', 'Horror']",['US'],"['Boll Kino Beteiligungs GmbH & Co. KG', 'Brightlight Pictures', 'Herold Productions', 'Infogrames Entertainment', 'AITD Productions']",12693645,98,1,-0.026060335
FALSE,11525,en,"Jobe is resuscitated by Jonathan Walker. He wants Jobe to create a special computer chip that would connect all the computers in the world into one network, which Walker would control and use. But what Walker doesn't realize is a group of teenage hackers are on to him and out to stop his plan.",2.5404,1/12/1996,Lawnmower Man 2: Beyond Cyberspace,3.25,158,TRUE,15000000,"['Science Fiction', 'Horror', 'Action', 'Thriller']",['US'],['New Line Cinema'],2409225,92,1,
FALSE,31246,en,"A waitress from Texas and a college student from Pennsylvania meet during spring break in Fort Lauderdale, Florida and come together through their shared love of singing.",1.6073,6/20/2003,From Justin to Kelly,3.255,102,FALSE,12000000,"['Comedy', 'Romance', 'Music']",['US'],"['19 Entertainment', '20th Century Fox']",4922166,81,1,0.5590565217391305
FALSE,727246,it,"We are in 2030, and on vacation we go to Mars!  Having made his wife and son Giulio lose his tracks for years, Fabio (Christian De Sica) is about to marry the wealthy Bea on Mars. But what could happen if during an excursion into space, something goes wrong and Giulio suddenly becomes a sprightly old man (Massimo Boldi)? Between hilarious unexpected events and amusing misunderstandings, Fabio will find himself dealing with a seventy-year-old son and a marriage that is in danger of jumping ...",0.9509,12/13/2020,Holiday on Mars,3.266,171,FALSE,0,"['Comedy', 'Science Fiction']",['IT'],"['Indiana Production', 'Cattleya', 'Warner Bros Pictures Italia', 'Miyagi Entertainment']",0,93,1,
FALSE,163433,fr,A parody of Paranormal Activity.,0.2294,1/29/2013,Not Very Normal Activities,3.3,104,FALSE,0,"['Comedy', 'Horror']",['FR'],['Source Films'],0,80,1,
FALSE,5491,en,"In the year 3000, man is no match for the Psychlos, a greedy, manipulative race of aliens on a quest for ultimate profit. Led by the powerful Terl, the Psychlos are stripping Earth clean of its natural resources, using the broken remnants of humanity as slaves. What is left of the human race has descended into a near primitive state. After being captured, it is up to Tyler to save mankind.",3.25,5/12/2000,Battlefield Earth,3.3,868,FALSE,44000000,"['Science Fiction', 'Action', 'Adventure']","['CA', 'US']","['Franchise Pictures', 'Jonathan D. Krane Productions', 'JTP Films', 'Warner Bros. Pictures', 'Morgan Creek Entertainment', 'Don Carmody Productions']",29725663,117,2,-0.237927524
FALSE,80384,en,"A comedic spoof based on the worldwide phenomenon ""The Twilight Saga.""",1.6433,3/27/2012,Breaking Wind,3.293,215,TRUE,0,"['Comedy', 'Fantasy']",['US'],"['Primary Pictures', 'Thunder Smoke Media']",0,83,1,0.1518
FALSE,292483,en,"Former prom king Scott returns home for Thanksgiving break and gets dumped by his long-term girlfriend. With his world turned upside down, Scott strikes an unlikely friendship with former classmate Tori, an ugly duckling who blossomed in her first semester of college, and they embark on an outrageous adventure through their hometown. But when Scott and Tori start falling in love, they realize that a few months away may have changed them more than they realized.",0.6051,9/23/2014,Not Cool,3.3,100,FALSE,800000,"['Comedy', 'Romance']",['US'],"['Steeltown Entertainment', 'Point Park University', 'Shaderville']",36026,93,1,-0.07379975
FALSE,16266,en,"On December 21, 2012 four strangers on a journey of faith are drawn to an ancient temple in the heart of Mexico. For the Mayans it is the last recorded day. For NASA scientists it is a cataclysmic polar shift. For the rest of us, it is Doomsday.",1.7756,2/12/2008,2012 Doomsday,3.3,118,FALSE,250000,"['Action', 'Adventure', 'Fantasy', 'Horror', 'Science Fiction', 'Thriller']",['US'],"['Faith Films', 'The Asylum']",0,86,1,-0.411702308
FALSE,249260,en,"A snow avalanche awakens humungous, prehistoric sharks that proceed to chomp on bikini clad co-eds.",0.7352,1/1/2014,Avalanche Sharks,3.343,102,FALSE,0,"['Horror', 'Action', 'Science Fiction', 'Adventure', 'Comedy']","['CA', 'US']","['Odyssey Media', 'Pulser Productions', 'Rogue State', 'The Cartel']",0,82,1,0.0258
FALSE,74849,en,"Luke Skywalker and Han Solo battle evil Imperial forces to help Chewbacca reach his imperiled family on the Wookiee planet - in time for Life Day, their most important day of the year!",4.1696,11/17/1978,The Star Wars Holiday Special,3.4,475,FALSE,1000000,"['Science Fiction', 'Family', 'TV Movie', 'Music']",['US'],"['20th Century Fox Television', 'Smith-Hemion Productions', 'Winters Hollywood Entertainment Holdings Corporation', 'Lucasfilm Ltd.', 'Nelvana']",0,97,1,0.23335878787878792
FALSE,955569,fr,Alex is an 18 year old young man. He has been a big fan of the Arthur and the Minimoys fantasy film saga for years. Then his group of friends suggests that he goes to the abandoned house where the film was shot. They are unaware that they are about to fall into a deadly plot.,1.1632,6/29/2022,Arthur: Malediction,3.4,124,FALSE,2400000,"['Horror', 'Thriller']",['FR'],"['Apollo Films', 'EuropaCorp', 'Kinology', 'Luc Besson Production']",0,87,1,-0.328138043
FALSE,15338,en,"""I will try to be normal"" 12-year-old Ace Ventura Jr. promises. Thats cool, except whats normal for him is finding missing mutts, kidnapped kitties or gone gators and creating hilarious chaos every step of the way.",1.9481,3/24/2009,Ace Ventura Jr: Pet Detective,3.4,185,TRUE,7500000,"['Comedy', 'Family', 'Adventure', 'Crime']",['US'],"['Morgan Creek Entertainment', 'Four Aces Productions']",0,93,1,
FALSE,31245,en,"A group of hobgoblins, who allow you to live out your fantasies but kill you in the process, escape from a studio vault, and a security guard and his friends must stop them before dawn.",1.1043,7/14/1988,Hobgoblins,3.441,128,TRUE,0,"['Horror', 'Comedy', 'Science Fiction']",['US'],['Rick Sloane Productions'],0,92,1,-0.040755866
FALSE,135812,en,"When Englishman Jonathan Harker visits the exotic castle of Count Dracula, he is entranced by the mysterious aristocrat. But upon learning that the count has sinister designs on his wife, Mina, Harker seeks help from vampire slayer Van Helsing.",1.002,11/9/2012,Dracula 3D,3.446,224,FALSE,7700000,['Horror'],"['FR', 'IT', 'ES']","[""Les Films de l'Astre"", 'Enrique Cerezo', 'Film Export Group']",0,110,1,0.19594166666666668
FALSE,14443,en,Seven disgusting kids but nevertheless of interesting personality are being made of the green mud coming out of garbage can. Once alive their master gives them rules to obey although they think that life is funnier without following stupid regulations like no television or no candy. Naturally this will cause some conflicts.,2.9155,8/22/1987,The Garbage Pail Kids Movie,3.477,107,FALSE,1000000,"['Adventure', 'Science Fiction', 'Comedy', 'Family']",['US'],"['Topps Chewing Gum', 'Atlantic Releasing Corporation', 'Atlantic Entertainment Group']",1576615,96,1,-0.332222191
FALSE,460024,en,"After a night out of partying and left behind by her friends, Ava wakes up and sneaks back home only to find that she's already safe in bed. But that's not Ava - it's someone who looks just like her. A time-traveling fugitive has stolen Ava's body, her identity, and her life. What's more -- she's not alone. There are others, hiding in the past, secretly living among us, plotting to alter the future. Without her body, Ava is a virtual ghost, silent and invisible to the world. And, so far as she knows, she's the only one who can stop them and put the timeline back on course.",0.7103,6/2/2017,Stasis,3.558,171,FALSE,0,"['Adventure', 'Science Fiction']",['US'],"['Vangard Productions', 'PraxiScope Productions']",0,84,2,0.34
FALSE,70584,en,"Two friends in Mexico discover the Lament Configuration and unleash Pinhead, but one decides to try to survive by swapping himself with someone else. Once they go missing, family members go in search of them, but find Pinhead instead.",1.936,10/18/2011,Hellraiser: Revelations,3.6,325,TRUE,350000,['Horror'],['US'],"['Neo Art & Logic', 'Puzzlebox Films', 'Dimension Extreme', 'Dimension Films']",0,75,2,0
FALSE,12683,en,"When the night falls, and the creatures of the dark are crawling out of the shadows, there is only one man who stands between us and evil: Edward Carnby.",1.3948,9/1/2008,Alone in the Dark 2,3.6,100,TRUE,4600000,"['Action', 'Fantasy', 'Horror']",['US'],['HJB Filmproduktion'],0,88,3,
FALSE,301325,en,"Inspired by actual events, a group of 12 year old girls face a night of horror when the compulsive addiction of an online social media game turns a moment of cyber bullying into a night of insanity.",1.1946,11/20/2015,#Horror,3.585,189,FALSE,1500000,"['Crime', 'Horror', 'Thriller']",['US'],"['AST Studios', 'Lowland Pictures', 'Ace Entertainment', 'Scream Factory', 'Spotlight Pictures']",0,90,1,-0.211134425
FALSE,59197,en,"In February 1942 US forces engaged an unidentified flying object above Los Angeles. Now almost 70 years later, the alien invaders have returned.",1.1299,3/12/2011,Battle of Los Angeles,3.6,106,FALSE,0,"['Science Fiction', 'Action']",['US'],['The Asylum'],0,90,1,-0.149583333
FALSE,16048,en,"Anna is a young costume designer, focused on her job and wary of getting caught in romantic relationships. She has just found a new apartment, and is tempted to let her latest boyfriend, Frank, move in with her. Instead, she finds a tenant: The flamboyant, fun-loving Camilla, who shares Anna’s views on love and commitment. For both of them, it’s all about fun.",3.6583,11/24/2005,All About Anna,3.6,117,FALSE,0,"['Comedy', 'Drama', 'Romance']",['DK'],"['Innocent Pictures', 'Zentropa Entertainments']",0,91,1,
FALSE,36259,en,"In an alternate futuristic society, a tough female police detective is paired with a talking dinosaur to find the killer of dinosaurs and other prehistoric animals leading them to a mad scientist bent on creating a new Armageddon.",1.9252,12/14/1995,Theodore Rex,3.633,109,FALSE,33500000,"['Fantasy', 'Science Fiction', 'Family', 'Comedy']",['US'],"['New Line Cinema', 'J&M Entertainment', 'Shooting Star Entertainment']",0,92,1,-0.00302674
FALSE,160070,en,A woman uncovers sinister secrets while investigating the apparent suicide of her sister.,1.2223,12/6/2012,Apartment 1303 3D,3.636,295,FALSE,5000000,['Horror'],"['CA', 'US']",['1303 Productions'],3377891,101,1,
FALSE,196830,en,"The Lunar Base Ark explores ore and unexpectedly is hit by a meteor shower and has severe damages. Colonel Gerard Brauchman sends the crewwoman Ava Cameron to repair a wing that is full of CO2. Dr. Lance Krauss warns that the gas may cause paranoia and hallucinations. Ava brings a sample of the meteor for analysis and Dr. Krauss finds that there are spores attached to the meteor. Ava accidentally cuts her finger in a sample but she hides the cut from the doctor. Soon Ava gets pregnant and delivers an alien offspring. However, neither Col. Brauchman nor Dr. Kraus believes in her words and they believe that Ava is delusional. He offspring bites the crewman Bruce Johns and the crew discovers that Bruce has been cloned by the alien. Soon they find how dangerous the clone is.",0.8662,5/22/2013,Stranded,3.6,141,FALSE,0,"['Horror', 'Science Fiction']","['CA', 'US', 'GB']","['Moving Pictures Media', 'Minds Eye Entertainment', 'International Pictures Three', 'Gloucester Place Films']",0,84,1,-0.366466464
FALSE,31002,en,"Ray Nettles, a detective of San Francisco, and his partner Fuzzy must take up to one of the most dangerous terrorist gangs of the city. When one of the terrorists, the beautiful scientist Claire Manning is arrested, Swan, the leader of the terrorists, claims he will detonate bombs throughout the city if she is not released. Because of the possible bloodshed, Nettles calls for the help of explosive expert Frank Glass...",1.8674,6/23/2001,Ticker,3.644,118,FALSE,7000000,"['Action', 'Adventure', 'Crime', 'Thriller']",['US'],['Nu Image'],379739,92,1,0.068690909
FALSE,484886,en,"When Elias van Dorne, CEO of the world's largest robotics company, introduces his most powerful invention, Kronos-a super-computer designed to end all wars-it determines that humans are the biggest threat and launches a worldwide attack on mankind. A small band of survivors must form an unlikely alliance to survive the greatest artificial intelligence threat man will ever know.",2.1998,11/24/2017,Singularity,3.6,213,FALSE,0,['Science Fiction'],"['CH', 'US']","['Vantis Pictures', 'Calanda Pictures', 'Voltage Pictures']",0,92,2,-0.154578622
FALSE,743888,it,"The film follows the story of two couples in crisis who are about to break up but who, due to the Lockdown, imposed to stop the spread of the coronavirus, will instead be forced into a forced coexistence. The protagonists, through smartkworking, household chores and sports activities, will find themselves living under the same roof, giving life to a comedy full of laughter but also of reflections.",0.3867,10/15/2020,Lockdown all'italiana,3.7,115,FALSE,0,['Comedy'],['IT'],"['Dean Film', 'New International', 'Medusa Film', 'Regione Lazio', 'MiC']",372000,94,1,
FALSE,228496,en,"From the director of CANDYMAN and the producers of PARANORMAL ACTIVITY comes a found-footage nightmare of lust, possession, and destruction. Jill's an artist. Ian's a filmmaker. And their love life is off the chain. There's no experience too wild, no dare too dangerous—not even when Jill lets Ian strap her to a gurney in the abandoned hospital they're scoping out for their next art show. But he shouldn't have left her alone. Not even as a joke. Now, Jill's hookup with horror has awakened something in that place. Something with a lust for more than flesh.",0.6398,10/10/2013,Sx_Tape,3.7,101,FALSE,600000,['Horror'],['US'],"['Aeroplano', 'La.Lune Entertainment']",0,85,1,-0.355533333
FALSE,10870,fr,"Joe and Averell are the eldest and youngest of the four Dalton brothers, the worst outlaws in Wild West history...",0.6348,11/8/2004,Lucky Luke and the Daltons,3.67,351,FALSE,0,"['Comedy', 'Western', 'Adventure']",['FR'],"['Castelao Productions', 'TF1 Films Production', 'Canal+', 'Integral Film', 'MEDIA Programme of the European Union', 'ICO', 'Eurimages', 'CNC', 'Sofica Valor 6', 'Filmstiftung Nordrhein-Westfalen', 'PROCIREP', 'UGC Films']",0,86,3,
FALSE,7916,en,"Jack Carver, a former member of the Special Forces takes the journalist Valerie Cardinal to an Island to visit her uncle Max who is working in a Military complex on the Island. As they arrive Valerie gets captured by the minions of Doctor Krüger. After the destruction of his boat Jack finds out about the true purpose of the Facilities on the Island, which is the creation of genetic soldiers.",2.1986,10/2/2008,Far Cry,3.671,304,FALSE,30000000,"['Action', 'Science Fiction', 'Thriller']",['CA'],"['Brightlight Pictures', 'Boll KG', 'Far Cry Productions', 'Splendid Film']",743,95,1,-0.247039366
FALSE,83896,en,"Just when you thought it was safe to go back to the beach, it appears that our large fishy friends have found a way to chomp on you when you're chilling out on the sand too!",1.9588,12/20/2011,Sand Sharks,3.684,144,FALSE,0,"['Comedy', 'Horror', 'Science Fiction']",['US'],"['Rogue State', 'Little Dragon Productions', 'Remember Dreaming Productions', 'The Cartel']",0,87,1,0.01544
FALSE,191619,en,Six high school seniors celebrating with day's excursion find themselves on rowboat attacked by man-eating fish and must decide who must be sacrificed as they fight their way back to shore.,0.9132,7/19/2013,Beneath,3.7,128,FALSE,0,['Horror'],['US'],"['Chiller Films', 'Glass Eye Pix']",0,90,1,0.1207343494423792
FALSE,485774,en,A teenager and his mother find themselves besieged by threatening forces when they move into a new house.,1.3246,1/19/2018,The Open House,3.701,1386,FALSE,100000,"['Horror', 'Thriller']",['US'],[],0,94,1,-0.423657951
FALSE,9544,en,"When four bodies are discovered among the industrial decay and urban grime of New York City, brash young detective Mike Reilly teams with ambitious Department of Health researcher Terry Huston to uncover the cause behind their violent and inexplicable deaths. The only common factor shared by the victims? Each died exactly 48 hours after logging onto a website called feardotcom.",1.8236,8/9/2002,FearDotCom,3.704,368,FALSE,40000000,"['Horror', 'Thriller', 'Crime']",['US'],"['MDP Worldwide', 'Franchise Pictures', 'ApolloMedia', 'Fear.com Productions', 'The Carousel Picture Company']",18902015,101,1,0.062644444
FALSE,296727,it,"Antonio and Giuseppe meet at the hospital, while awaiting the birth of their respective first children. The two leave together for a quick lunch, ending up involved against their will in an odyssey of amusing setbacks and bizarre characters.",0.2255,10/9/2014,Tutto molto bello,3.7,155,FALSE,0,['Comedy'],['IT'],"['Medusa Film', 'Colorado Film']",0,86,1,
FALSE,94365,en,"Taking inspiration from The Human Centipede films, the warden of a notorious and troubled prison looks to create a 500-person human centipede as a solution to his problems.",4.4548,5/22/2015,The Human Centipede 3 (Final Sequence),3.732,783,TRUE,0,['Horror'],"['US', 'NL']","['Six Entertainment', 'Six Entertainment Company']",16184,103,2,-0.084505882
FALSE,35885,it,"Come ogni 14enne Carolina, detta Caro,è impegnata a districarsi tra la scuola, gli amici e il rapporto spesso conflittuale con i genitori, si trova improvvisamente alle prese con i turbamenti legati al primo amore che ha il nome e il volto di Massimiliano. Ad aiutarla nel suo cammino verso la scoperta delle gioie e dei dolori sentimentali ci saranno le sue amiche del cuore e la sua famiglia",0.4269,10/30/2009,Amore 14,3.7,270,FALSE,0,"['Comedy', 'Romance']",['US'],"['Lotus Production', 'Medusa Film']",0,100,1,
FALSE,17911,en,The California coast is terrorized by two enormous prehistoric sea creatures as they battle each other for supremacy of the sea.,0.8487,5/19/2009,Mega Shark vs. Giant Octopus,3.74,250,TRUE,0,"['Horror', 'Science Fiction']",['US'],"['The Asylum', 'Giant Seafood']",722,90,1,-0.04412
FALSE,395883,en,"A group of people are plunged into a dark, claustrophobic maze, where they must fight to survive, as the outside world watches.",1.1549,11/8/2015,Andron,3.8,133,FALSE,0,"['Action', 'Science Fiction']","['US', 'GB']",['AMBI Group'],0,100,2,
FALSE,16456,en,"After ex-con Jimmy and his girlfriend are brutally murdered by a biker gang, he is resurrected by the power of The Crow to avenge their deaths and reunite with her in the afterlife.",1.6801,5/4/2005,The Crow: Wicked Prayer,3.8,226,TRUE,8000000,"['Action', 'Horror', 'Fantasy']",['US'],"['Dimension Films', 'Pressman Film', 'Jeff Most Productions', 'Fubu Films', 'Image Comics']",0,99,1,-0.217246193
FALSE,28070,en,"When a Black oil well worker is killed by a band of California neo-Nazis, his gun-wielding grandmother busts out of her retirement home to avenge him.",0.6211,7/3/1987,Surf Nazis Must Die,3.78,110,FALSE,20000,"['Action', 'Comedy', 'Horror']",['US'],"['Troma Entertainment', 'The Institute']",0,81,1,-0.23338
FALSE,425931,en,Paul and Jennifer Hemdale have just moved into their dream house. But their happy marriage is about to be put to the test as they slowly discover the secret behind the black room in the cellar. Something else is already living in their new home and it is growing stronger every day.,1.6469,4/28/2017,The Black Room,3.81,168,FALSE,0,"['Comedy', 'Horror']",['US'],"['The Black Room Cleopatra', 'Casual Productions']",0,91,2,
FALSE,98948,en,"As Abraham Lincoln labors over the Gettysburg address, the importance of which he is fully aware, he learns that a menace from his past has returned, threatening to tear the already fractured nation to pieces. He must journey behind enemy lines to face an foe far more fearsome than the Confederate army: the walking dead.",1.5191,5/29/2012,Abraham Lincoln vs. Zombies,3.8,130,FALSE,150000,"['Horror', 'Action', 'Thriller']",['US'],['The Asylum'],0,90,1,0.027191071428571433
FALSE,430128,pt,"In a convention of youtubers, the characters enter into various conflicts since they are all in search of fame at any price.",0.2975,2/23/2017,Internet - The Movie,3.8,158,FALSE,0,['Comedy'],['BR'],"['Paris Filmes', 'Paris Entretenimento']",0,90,1,
FALSE,80410,en,"Granger, an ex-Special Forces soldier gets thrown back to medieval times to fulfill an ancient prophecy. Venturing through the now war torn Kingdom of Ehb, he teams up with an unlikely band of allies with the goal of slaying the leader of the ""Dark Ones"". Fighting against all odds, they must free the land from the grasp of the evil tyrant Raven and save the world.",2.0934,11/3/2011,In the Name of the King 2: Two Worlds,3.8,139,TRUE,4500000,"['Adventure', 'Fantasy', 'Drama', 'Action']","['CA', 'US']","['Event Film Distribution', 'Pistoleros', 'Boll Kino Beteiligungs GmbH & Co. KG', 'Brightlight Pictures', 'Studio West Productions(VCC)']",0,96,1,
FALSE,15039,en,"When most of the population of Earth is infected by a virus and transformed into flesh eaters and blood drinking creatures, a group of hunters lead by Tao and his sword chase the vampire zombies to eliminate them. Six non-infected survivors try to find the exit of an abandoned hospital crowded of the infected creatures. Meanwhile, the military is ready to bomb the whole area.",0.8634,2/17/2009,Against the Dark,3.9,121,FALSE,9000000,"['Horror', 'Action', 'Thriller', 'Science Fiction']","['US', 'RO']","['Steamroller Productions', 'Castel Film']",0,93,1,0.3135714285714286
FALSE,18248,en,This story is about a freelance agent who is the courier of a package from France to Germany. He soon finds that many people want to get their hands on it.,1.34,6/1/2003,The Foreigner,3.9,152,TRUE,16700000,"['Action', 'Thriller']",['US'],"['Franchise Pictures', 'Foreign Productions', 'TriStar Pictures']",0,95,4,0.18934758336508486
FALSE,52454,en,"When the prehistoric warm-water beast the Crocosaurus crosses paths with that cold-water monster the Mega Shark, all hell breaks loose in the oceans as the world's top scientists explore every option to halt the aquatic frenzy. Swallowing everything in their paths -- including a submarine or two -- Croc and Mega lead an explorer and an oceanographer on a wild chase. Eventually, the desperate men turn to a volcano for aid.",1.3529,12/21/2010,Mega Shark vs. Crocosaurus,3.9,166,TRUE,100000,"['Action', 'Horror', 'Science Fiction']",['US'],['The Asylum'],0,90,3,0.072316484
FALSE,9760,en,"When the Pevensie siblings each follow their own path, they find themselves at Willy's Chocolate Factory. Walking through a wardrobe, they discover the world of Gnarnia, ruled by the White Bitch. Meeting up with characters such as Harry Potter and Captain Jack Swallows, the newly reunited family must team up with Aslo, a wise-but-horny lion to stop the White Bitch's army.",5.1785,1/25/2007,Epic Movie,3.866,1565,FALSE,20000000,"['Comedy', 'Adventure', 'Fantasy']",['US'],"['Regency Enterprises', 'New Regency Pictures', 'Paul Schiff Productions', '20th Century Fox']",87238158,85,1,0.17112687732657542
FALSE,467239,en,"Three American tourists follow a mysterious map deep into the jungles of Japan searching for an ancient temple. When spirits entrap them, their adventure quickly becomes a horrific nightmare.",1.0933,9/1/2017,Temple,3.868,178,FALSE,0,"['History', 'Horror']",['US'],"['Toneplus Animation Studios', 'Hooked Digital Media', 'Hemisphere Motion Picture Partners']",0,78,2,-0.051786951
FALSE,238930,it,Five friends forge their resumes and enroll to Oxford in orders to help one of them end up with the girl he's in love with.,0.3591,11/21/2013,Brain Drain,3.879,438,FALSE,0,['Comedy'],['IT'],"['Medusa Film', 'Colorado Film']",6804918,100,1,
FALSE,444513,en,"Comic sensation Amy Schumer riffs on sex, dating and the absurdities of fame in a bold and uncensored stand-up set at Denver's Bellco Theater.",0.3603,3/6/2017,Amy Schumer: The Leather Special,3.9,152,FALSE,0,['Comedy'],['US'],"[""It's So Easy Productions""]",0,57,1,
FALSE,25377,en,"Eight strangers engaged in an intense game of experts-only paintball find their friendly game taking a terrifying turn when one member of the team begins playing by a different set of rules. It started as a remote raw battle of wits and wiles set against the backdrop of majestic wilderness. With each shot fired, the stakes grew higher. But something horrible has happened, and what was once a team sport has become a relentless struggle for individual survival. The danger growing by the minute, the combatants gradually come to realize that their greatest adversary may be the very game they set out to play.",0.7253,4/24/2009,Paintball,3.886,105,FALSE,0,"['Thriller', 'Action', 'Horror']",['US'],['Castelao Productions'],0,86,1,-0.230156679
FALSE,12685,en,"Rayne fights against the Nazis in Europe during World War II, encountering Ekart Brand, a Nazi leader whose target is to inject Adolf Hitler with Rayne's blood in an attempt to transform him into a dhampir and attain immortality.",1.0112,6/10/2010,BloodRayne: The Third Reich,3.9,220,TRUE,10000000,"['Action', 'Adventure', 'Fantasy', 'Horror']","['DE', 'CA', 'US']","['Boll Kino Beteiligungs GmbH & Co. KG', 'Brightlight Pictures']",0,79,1,
FALSE,14912,en,"In a series of sexual mishaps, a high school senior tries to lose her virginity on the last night before graduation.",2.08,1/20/2009,18 Year Old Virgin,3.895,143,FALSE,0,['Comedy'],['US'],['The Asylum'],0,86,1,
FALSE,25753,en,"When calls to her grandmother go unanswered, Jamie Lowell uncovers the truth behind her mysterious disappearance.",0.6959,10/9/2001,Children of the Corn: Revelation,3.905,116,TRUE,2500000,['Horror'],"['US', 'CA']","['Neo Art & Logic', 'Creeper Films']",0,82,1,
FALSE,205321,en,"A freak hurricane hits Los Angeles, causing man-eating sharks to be scooped up in tornadoes and flooding the city with shark-infested seawater. Surfer and bar-owner Fin sets out with his friends Baz and Nova to rescue his estranged wife April and teenage daughter Claudia.",1.6309,7/11/2013,Sharknado,3.917,1596,TRUE,1000000,"['Science Fiction', 'Action', 'Comedy', 'Horror', 'TV Movie']",['US'],"['Syfy', 'The Asylum', 'Southward Films']",0,86,1,-0.05431683
FALSE,510452,fr,A man goes on an all-inclusive vacation to the Caribbean and finds out he must share his room with someone else.,0.9604,2/13/2019,All Inclusive,3.9,307,FALSE,0,['Comedy'],['FR'],['Warner Bros. Entertainment France'],0,92,1,-0.695731117
FALSE,26914,en,"When young Joshua learns that he will be going on vacation with his family to a small town called Nilbog, he protests adamantly. He is warned by the spirit of his deceased grandfather that goblins populate the town. His parents, Michael and Diana, dismiss his apprehensions, but soon learn to appreciate their son's warnings. Guided by his grandfather's ghost, will Joshua and his family stand a chance in fighting off these evil beings?",2.6464,10/12/1990,Troll 2,3.923,443,TRUE,65000,"['Horror', 'Fantasy']",['IT'],['Filmirage'],0,95,1,-0.018822198
FALSE,15439,fr,"Thirty-five years old and still a virgin, Cyprien is a shy, awkward young man until he discovers a magic deodorant that will transform him into a gorgeous and irresistible creature.",0.7015,2/25/2009,Cyprien,3.934,198,FALSE,0,['Comedy'],['FR'],['Mars Distribution'],0,98,1,
FALSE,241927,en,A teen faces a night of terror when three malevolent trick-or-treaters come knocking at her door.,0.5321,9/25/2015,Hellions,3.9,147,FALSE,0,['Horror'],"['CA', 'US']","['Storyteller Pictures', 'Whizbang Films']",0,80,1,
FALSE,240745,en,War erupts between dirty cops and outlaw bikers as a drug kingpin tries to protect his empire.,1.7105,9/3/2014,Cymbeline,3.939,114,FALSE,0,['Drama'],['US'],"['Benaroya Pictures', 'Keep Your Head Productions']",0,97,3,0.13965294117647062
FALSE,41848,en,"After purchasing a property in Amityville, New York, Debbie and her husband invite three of their closest friends to help renovate. Immediately uneasy in her new surroundings, she begins experiencing shockingly vivid nightmares.",0.8201,5/7/1990,The Amityville Curse,3.9,112,TRUE,750000,"['Horror', 'Thriller']","['CA', 'US']","['CFCF-TV', 'Allegro Films']",0,91,1,
FALSE,38570,en,"Follows Andy, who needs to hook up with a hottie, pronto, because he hasn't had sex in... well, forever - and his luck isn't the only thing that's hard. His equally horny teenage roommates also need it superbad, and with the help of their nerdy pal, McAnalovin' and his fake I.D., they may tap more than just a keg.",1.8452,6/8/2010,The 41–Year–Old Virgin Who Knocked Up Sarah Marshall and Felt Superbad About It,4,143,FALSE,1300000,['Comedy'],['US'],['Silver Nitrate'],0,82,1,
FALSE,353576,en,"In an effort to avoid paying off a massive gambling debt to a notorious mobster in England, a couple flees to Los Angeles and hatch a jewel theft plot.",2.4792,5/4/2018,The Con Is On,3.953,169,FALSE,13000000,"['Comedy', 'Crime']","['GB', 'US']","['Autumn Productions', 'BondIt', 'Buffalo 8', 'Fortitude International', 'Evolution Entertainment', 'Pelican Point Media', 'Lionsgate']",0,95,1,
FALSE,15434,en,"After surviving the electric chair, convicted serial killer Max Seed is buried alive. He digs himself out of the grave and goes on a killing spree. Taking revenge on the men who put him there and random unfortunates alike.",0.7976,11/3/2006,Seed,3.953,127,TRUE,10000000,['Horror'],"['CA', 'US']","['Boll Kino Beteiligungs GmbH & Co. KG', 'Pitchblack Pictures', 'Lighthouse Pictures']",155362,90,1,0.27019190191966447
FALSE,11535,en,"In this fast action-packed thriller, Jonathan, Marcus, and Aurora compete in a dangerous, fierce sport called Rollerball. Although, Johnathan and Marcus try to quit, cruel and vindictive promoter Alexi Petrovich encourages them to still participate.",1.1167,2/8/2002,Rollerball,3.955,474,FALSE,70000000,"['Action', 'Science Fiction', 'Thriller']",['US'],"['Atlas Entertainment', 'TOHO-TOWA', 'Mosaic Media Group', 'Yorktown Productions', 'Helkon Media', 'Metro-Goldwyn-Mayer']",25852764,98,7,0.1689250712250712
FALSE,13908,en,"After the patriarch of the Disguisey family is kidnapped by Devlin Bowman in an attempt to steal the most precious treasures from around the world, Italian waiter Pistachio Disguisey utilizes his supernatural ability to disguise himself in an attempt to stop him.",1.4489,8/2/2002,The Master of Disguise,3.956,306,FALSE,16000000,"['Comedy', 'Family', 'Fantasy', 'Adventure']",['US'],"['Columbia Pictures', 'Revolution Studios', 'Happy Madison Productions']",43400000,80,1,-0.065617623
FALSE,48916,fr,"In Baghdad the Magnificent reigns Haroun al Plassid, who is the Caliph. There also dwells Iznogoud, who wants to be the Caliph. The irascible Grand Vizier hatches plot after plot to remove his ruler and take his place—melting Djinn, invisibility spell, cursed diamond, voodoo doll… But no amount of cunning or obstinacy can make up for sheer, hilariously bad luck.",0.5238,1/19/2005,Iznogoud,3.959,258,FALSE,30456177,['Comedy'],['FR'],"['TF1 International', ""L'Arbre et la Colombe"", 'TPS Star', 'M6 Studio', 'Vertigo Productions']",0,95,2,
FALSE,248561,en,"Jeremy, a local police officer leads a life of a confusing past, spending his current time searching for his kidnapper as a child. After other children begin missing, Jeremy pieces together the truth and realizes that his childhood kidnapper could be a creature of ancient yuletide lore, Krampus, who is the brother of St. Nick, and punisher of children who perform acts of unspeakable evil without repercussion. Can Jeremy kill Krampus and prevent more missing children?",0.6616,8/17/2013,Krampus: The Christmas Devil,4,102,TRUE,7525000,"['Horror', 'Action', 'Thriller']",['US'],['Snowdog Studio'],0,83,2,
FALSE,613370,fr,"Faced with the tyranny of Caesar who acts as absolute master over Rome, Senators Rufus and Cassius form a plot to assassinate him.",0.8883,9/18/2020,Brutus vs Cesar,3.965,215,FALSE,5000000,"['Comedy', 'Adventure', 'History']",['FR'],"['Orange Studio', 'paiva films', 'Centaure']",0,87,1,
FALSE,419507,it,"Old and forgotten, comedian Aldo is brought by his sons into a nursing home called Reuma Park where he finds his old friends and partners Giovanni and Giacomo.",0.3491,12/15/2016,Escape From Reuma Park,3.973,458,FALSE,0,['Comedy'],['IT'],"['Medusa Film', 'Agidi Due']",0,86,1,
FALSE,30806,en,"An unsuspecting university professor is an unwitting accomplice in a foiled Chinese cocaine deal. Wrongly imprisoned, he escapes to take his revenge and prove his innocence.",1.4131,8/14/2003,Out for a Kill,4,144,FALSE,14000000,"['Action', 'Thriller']",['US'],"['Millennium Media', 'EFO Films', 'Luminocity Productions']",547333,89,1,
FALSE,11867,en,"A sexy nightclub owner, Barb Wire moonlights as a mercenary in Steel Harbor, one of the last free zones in the now fascist United States. When scientist Cora Devonshire wanders into Barb's establishment, she gets roped into a top-secret government plot involving biological weapons. Soon Barb is reunited with her old flame Axel Hood, who is now Cora's husband and a guerrilla fighter, resulting in plenty of tense action.",2.1582,5/2/1996,Barb Wire,3.985,437,FALSE,9000000,"['Science Fiction', 'Action', 'Adventure']",['US'],"['PolyGram Filmed Entertainment', 'Propaganda Films', 'Dark Horse Entertainment']",3793614,98,4,-0.038633133
FALSE,735716,fr,"After stealing a gaming console from migrants, Sébastien tries to sell it to Patrick, a good guy. So far, nothing too serious. But when a rapper straight out of jail, a TV host willing to do anything to go viral and click traffickers get involved... Sébastien and Patrick become France’s most wanted bad guys.",0.7461,9/8/2021,Fake News,3.986,104,FALSE,0,"['Comedy', 'Drama']",['FR'],"['Le Pacte', 'Srab Films', 'Rectangle Productions', 'MWA', 'Canal+', 'Ciné+', 'Cofinova 16', 'SofiTVciné 7', 'SG Image 2021']",1099943,81,1,0.2224264705882354
FALSE,19139,en,"Mexican footballer Santiago Muñez, along with his best friends and England national team players Charlie Braithwaite and Liam Adams, are selected for their respective national teams at the 2006 FIFA World Cup Finals in Germany.",2.8548,6/22/2009,Goal III: Taking on the World,4,204,TRUE,10000000,['Drama'],['US'],"['Impala', 'Milkshake Films', 'Lawrence Bender Productions', 'Scion Films']",7641,91,2,
FALSE,505423,en,Disturbing and mysterious things begin to happen to a bartender in New Orleans after he picks up a phone left behind at his bar.,2.0021,1/26/2019,Wounds,4.004,812,FALSE,0,"['Horror', 'Mystery', 'Thriller']","['US', 'GB']","['Annapurna Pictures', 'Two & Two Pictures', 'AZA Films']",0,95,1,-0.287785262
FALSE,681887,en,"In the year 2524, four centuries after humans started colonizing the outer planets, retired General James Ford gets called back into service when a hostile alien fleet attacks soldiers on a remote planet. The threat against mankind soon escalates into an interstellar war as Ford and a team of elite soldiers try to stop the imminent attack before it's too late.",3.4016,3/12/2021,Cosmic Sin,4.005,553,FALSE,20000000,"['Science Fiction', 'Action', 'Adventure']",['US'],"['308 Enterprises', 'BondIt Media Capital', 'Buffalo 8', 'The Exchange']",349757,88,1,-0.379103553
FALSE,17473,en,"Johnny is a successful banker with great respect for and dedication to the people in his life, especially his future wife Lisa. The happy-go-lucky guy sees his world being torn apart when his friends begin to betray him one-by-one.",31.4262,6/27/2003,The Room,4.015,1424,FALSE,6000000,"['Drama', 'Romance']",['US'],"['Chloe Productions', 'TPW Films', 'Wiseau-Films']",1752988,99,1,0.022965750162184273
FALSE,17456,en,"Rayne, a half-human half-vampire warrior, is in the America's 1880's Wild West to stop the vampired Billy the Kid and his posse of vampire cowboys.",1.7545,9/18/2007,BloodRayne II: Deliverance,4.016,243,TRUE,10000000,"['Action', 'Horror', 'Western']","['CA', 'DE']","['Boll Kino Beteiligungs GmbH & Co. KG', 'Brightlight Pictures', 'Pitchblack Pictures', 'Lighthouse Pictures']",167445,99,1,
FALSE,59883,en,"Age of the Dragons is an adaptation of Herman Melville's classic novel Moby Dick. Set in a medieval realm where Captain Ahab and crew hunt dragons for the vitriol that powers their world, Ishmael, a charismatic harpooner and his friend Queequeg join their quest. Ahab's adopted daughter Rachel, beautiful and tough, runs the hunting vessel. Ahab's obsession to seek revenge on a great White Dragon that slaughtered his family when he was young and left his body scarred and mauled, drives the crew deeper into the heart of darkness. In the White Dragon's lair Ahab's secrets are revealed and Rachel must choose between following him on his dark quest or escaping to a new life with Ishmael.",1.2709,3/21/2011,Age of the Dragons,4,101,FALSE,5000000,"['Adventure', 'Action', 'Fantasy']",['US'],[],0,91,1,-0.423733333
FALSE,13712,fr,"Georges, one morning, became uncontrollable despite himself. Something that has the donkey's voice in Shrek, can control his body.",0.3792,2/8/2006,Incontrôlable,4,151,FALSE,0,['Comedy'],['FR'],[],0,91,1,
FALSE,246594,en,"When another Mega Shark returns from the depths of the sea, world militaries go on high alert. Ocean traffic grinds to a standstill as everyone lives in fear of the insatiable beast. Out of options, the US government unleashes the top secret Mecha Shark project -- a mechanical shark built to have the same exact characteristics as Mega. A pair of scientists pilot the mechanical creature as they fight Mega in a pitched battle to save the planet. But when faulty mechanics cause the Mecha to go after humans, the scientists must somehow guide Mega to Mecha in hopes that the two titans will kill each other - or risk untold worldwide destruction.",0.7838,1/28/2014,Mega Shark vs. Mecha Shark,4,127,TRUE,0,"['Action', 'Science Fiction', 'Thriller']",['US'],['The Asylum'],0,86,1,0.1095262390670554
FALSE,13360,en,"The world is falling into chaos. As he roams a crumbling city, Duncan MacLeod, the Highlander, remembers happier times before the love of his life left... Hopeless and alone, MacLeod finds his way to a band of immortal companions, including his mysterious friend Methos, and a mortal, Watcher Joe Dawson. Together this small group sets out on a quest to find the origin of the first Immortal.",2.1038,9/15/2007,Highlander: The Source,4.034,207,TRUE,13000000,"['Action', 'Fantasy', 'Adventure']","['US', 'GB']","['Davis-Panzer Productions', 'Sequence Film', 'Lionsgate', 'Grosvenor Park Media', 'Katana Productions', 'Mandala Productions', 'Lietuvos Kinostudija', 'Highlander Productions Limited']",213205,86,1,
FALSE,57812,en,"Due to political pressure from the American public, the Air Force has decided to allow two well-known reporters limited access to the most secretive base on the planet. But when one of the base’s “long-term visitors” exploits this unprecedented visit as a chance to liberate himself and his fellow alien captives, Area 51 turns from a secure government base to a horrifying destination of terror.",1.4677,2/26/2011,51,4,100,FALSE,1000000,"['Science Fiction', 'Horror']",['US'],['After Dark Films'],0,87,2,-0.302322316
FALSE,25751,en,Six college students take a wrong turn and find themselves lost in a strangely deserted rural town... only to discover that this deceptively quiet place hides a murderous cult of children.,1.1149,6/21/1998,Children of the Corn V: Fields of Terror,4.043,164,TRUE,1650000,"['Horror', 'Thriller']",['US'],"['Dimension Films', 'Blue Rider Pictures']",0,83,1,
FALSE,60366,en,A homicidal turkey axes off college kids during Thanksgiving break.,0.4202,12/8/2008,ThanksKilling,4.045,101,TRUE,3500,"['Comedy', 'Horror']",['US'],['In Broad Daylight Films'],0,66,1,-0.267738716
FALSE,46364,en,"A crew of interplanetary archaeologists is threatened when an alien creature impregnates one of their members, causing her to turn homicidal and murder them one by one.",1.5764,1/23/1981,Inseminoid,4,109,FALSE,2000000,"['Horror', 'Science Fiction']",['GB'],['Jupiter Film Productions'],0,93,1,
FALSE,207475,en,"Based on true events, five friends who fall prey to the evil entities of the Ouija board. As they set about filming their experimental session, what starts out as bit of fun, soon escalates into a terrifying series of events as paranoia and personal demons are revealed…. and recorded.",0.6083,5/5/2011,The Ouija Experiment,4.047,148,TRUE,0,['Horror'],['US'],"['La Luna Entertainment', 'Out of Body Films']",0,88,2,
FALSE,15582,en,"Although awkward college student Todd Howard is particularly adept at science, he's paying for school with an athletic scholarship that he will lose should he not fare well in an upcoming boxing tournament. Luckily for Todd, he has inherited the same family curse that once turned his cousin into a werewolf. As he transforms into the hairy, fanged, howling monster, he finds both his physical agility and his popularity skyrocketing -- but at what cost?",2.809,11/20/1987,Teen Wolf Too,4.053,209,TRUE,3000000,"['Comedy', 'Fantasy', 'Family']",['US'],['Atlantic Entertainment Group'],7900000,95,1,0.048577777777777775
FALSE,536869,en,A tribe of cats called the Jellicles must decide yearly which one will ascend to the Heaviside Layer and come back to a new Jellicle life.,4.3295,12/19/2019,Cats,4.054,988,FALSE,95000000,"['Fantasy', 'Comedy', 'Drama']",['US'],"['Universal Pictures', 'Perfect World Pictures', 'Working Title Films', 'Amblin Entertainment', 'Monumental Pictures', 'The Really Useful Group']",77276321,110,1,-0.089587908
FALSE,157058,en,"After a stint in a psychiatric hospital, a young woman returns to the house where her father killed the entire cast of The Artist during his exorcism.",1.429,1/14/2013,30 Nights of Paranormal Activity With the Devil Inside the Girl With the Dragon Tattoo,4.058,121,FALSE,3000000,['Comedy'],['US'],['Silver Nitrate'],0,80,1,
FALSE,26325,en,"The Tarzan story from Jane's point of view. Jane Parker visits her father in Africa where she joins him on an expedition. A couple of brief encounters with Tarzan establish a (sexual) bond between her and Tarzan. When the expedition is captured by savages, Tarzan comes to the rescue",1.5759,8/7/1981,Tarzan the Ape Man,4.1,100,FALSE,0,"['Action', 'Adventure', 'Comedy']",['US'],"['Metro-Goldwyn-Mayer', 'Svengali Productions']",36565280,107,1,0.5800045977011494
FALSE,8046,en,"Gigli is ordered to kidnap the psychologically challenged younger brother of a powerful federal prosecutor. When plans go awry, Gigli's boss sends in Ricki, a gorgeous free-spirited female gangster who has her own set of orders to assist with the kidnapping. But Gigli begins falling for the decidedly unavailable Ricki, which could be a hazard to his occupation.",3.3233,8/1/2003,Gigli,4.06,468,FALSE,75600000,"['Comedy', 'Crime', 'Drama', 'Romance']",['US'],"['Casey Silver Productions', 'Revolution Studios', 'City Light Films', 'Columbia Pictures']",7266209,122,1,0.49167137713771364
FALSE,46728,fr,"Sami, Tacchini, Yaya and Kader are four small-time crooks from the suburbs of Paris. After a failed robbery, their boss, Carlito, sends them to Canada to spy on his fiancée. There, they are mistaken for a band of professional killers and are hired to assassinate the heiress Léonore de Segonzac...",0.5657,3/27/2002,The Race,4.1,101,FALSE,0,"['Action', 'Comedy', 'Drama', 'Family']",['FR'],"['Gaumont', 'Miroir Magique', 'Josy Films', 'Canal+', 'TF1 Films Production']",0,94,1,0.26104945848375444
FALSE,21435,fr,"After the Club Med and skiing, what happened to the Bronzés 27 years later? Early response: the same, and worse.",1.7342,2/1/2006,French Fried Vacations 3: Friends Forever,4.069,729,TRUE,35,['Comedy'],['FR'],"['Les Films Christian Fechner', 'TPS Cinéma', 'TF1 Films Production']",84,95,3,
FALSE,607383,en,"Thrills, Chills and Screwball-Comedy meet Tiny Bikinis and G o R y  dismemberment in this Chlorine & Blood drenched Murder-Mystery.",2.2735,7/29/2019,AquaSlash,4.071,175,FALSE,0,"['Horror', 'Comedy']","['CA', 'US']","['Rockzeline', 'La Guérilla']",0,72,2,0.071831423
FALSE,580,en,"After another deadly shark attack, Ellen Brody decides she has had enough of New England's Amity Island and moves to the Caribbean to join her son, Michael, and his family. But a great white shark has followed her there, hungry for more lives.",4.7093,7/17/1987,Jaws: The Revenge,4.1,1074,TRUE,23000000,"['Adventure', 'Thriller', 'Horror']",['US'],['Universal Pictures'],51881012,89,1,-0.292218884
FALSE,12177,en,"Born in America and raised in an Indian ashram, Pitka returns to his native land to seek his fortune as a spiritualist and self-help expert. His skills are put to the test when he must get a brokenhearted hockey player's marriage back on track in time for the man to help his team win the Stanley Cup.",1.8052,6/20/2008,The Love Guru,4.1,726,FALSE,62000000,"['Comedy', 'Romance']","['US', 'GB']","['Paramount Pictures', 'Internationale Filmproduktion Poseidon', 'LSG Productions', 'Love Guru Productions', 'Michael De Luca Productions', 'Nomoneyfun Films', 'Spyglass Entertainment']",40854735,87,1,0.14821845794392516
FALSE,7278,en,"The heroic Leonidas, armed with nothing but leather underwear and a cape, leads a ragtag group of thirteen Spartans to defend their homeland against the invading Persians (whose ranks include Ghost Rider, Rocky Balboa, the Transformers, and a hunchbacked Paris Hilton). No one is safe when the Spartans take on the biggest icons in pop culture!",5.6285,1/24/2008,Meet the Spartans,4.076,1731,FALSE,30000000,"['Comedy', 'Fantasy']",['US'],"['New Regency Pictures', 'Regency Enterprises', '3 in the Box', '20th Century Fox']",85897593,84,1,-0.198873055
FALSE,268229,en,The lives of a group of teenagers are turned upside down when their town is taken over by sinister forces.,0.247,5/3/2014,Hungerford,4.1,101,FALSE,40000,"['Action', 'Horror', 'Science Fiction']","['US', 'GB']",['Wildseed Studios'],0,79,2,
FALSE,168705,en,"In 18th-century Romania, after spending much of her life in a traveling circus, human-vampire hybrid Rayne escapes and plots to take down her father, Kagan, the evil vampire king. When she's discovered by three vampire hunters, she manages to convince them to spare her life and join her cause. But slaying a vampire as powerful as Kagan will be no easy task.",1.2078,10/22/2005,BloodRayne,4.085,568,TRUE,25000000,"['Fantasy', 'Horror']","['DE', 'US']","['Boll KG', 'Pitchblack Pictures', 'Herold Productions', 'Lighthouse Pictures']",3650275,95,1,0.19331778151731874
FALSE,608649,it,"From campy lies to sexy surprises, this collection of vignettes captures the follies of several men as they fumble with fidelity and relationships.",0.706,7/15/2020,The Players,4.1,167,FALSE,0,['Comedy'],['IT'],"['Lebowski', 'Indigo Film', 'HT Film', 'RAI']",0,88,1,0.3056210970464135
FALSE,17709,en,"Royal Canadian Mountie Dudley Do-right is busy keeping the peace in his small mountain town when his old rival, Snidely Whiplash, comes up with a plot to buy all the property in town, then start a phony gold rush by seeding the river with gold nuggets.",2.2991,8/27/1999,Dudley Do-Right,4.1,190,FALSE,70000000,"['Comedy', 'Family', 'Romance']",['US'],"['Universal Pictures', 'Joseph M. Singer Entertainment', 'Davis Entertainment']",10000000,77,1,0.39398999999999995
FALSE,244688,en,"Each year, drunk people are selected to participate in torturous games the morning after a big night out. There's no sunglasses, no water, and no headache medicine. ""The Hungover Games,"" a film that manages to merge the premises of both ""The Hunger Games"" and ""The Hangover"" and throw in references to ""Ted,"" ""Django Unchained,"" ""The Lord of the Rings,"" ""Carrie,"" ""The Real Housewives of Beverly Hills"" and whatever else crossed the writers' fevered brains during the probably very drunken ""development process.""",1.9961,2/1/2014,The Hungover Games,4.093,496,FALSE,0,['Comedy'],['US'],"['Sense and Sensibility Ventures', 'Silver Nitrate']",0,86,1,-0.075167188
FALSE,593035,en,A team of Navy Seals investigates a mysterious science outpost only to have to combat a squad of powerful alien soldiers.,1.3866,4/5/2019,Alien Warfare,4.1,149,FALSE,0,"['Action', 'Science Fiction', 'Thriller']",['US'],"['Actionhouse Pictures', 'Hollywood Media Bridge', 'Shadow Vale Productions']",0,88,2,0.22213428571428567
FALSE,70575,en,"Tim and Allie seek shelter in a remote desert compound after becoming lost and stranded. A strange Manson-like character, Preacher, reluctantly allows them inside with strict orders to be gone by morning and not wander ""where you are not invited.""",1.0096,8/30/2011,Children of the Corn: Genesis,4.094,139,TRUE,4500000,"['Horror', 'Thriller']",['US'],"['Dimension Films', 'Gatlin Films']",0,81,1,0
FALSE,287524,en,A doctor works to cure patients suffering from crippling phobias by placing them inside his invention which induces and controls hallucinations.,1.185,10/31/2014,Fear Clinic,4.1,111,FALSE,1000000,['Horror'],['US'],"['Anchor Bay Entertainment', 'Dry County Films', 'Movie Machine']",0,95,1,
FALSE,19766,en,"After capturing Claw, all the criminals have gone into hiding. Until Claw escapes! Gadget thinks he will get the case, but everyone else has other plans. A new version of the Gadget project is unveiled in the form of G2. Strict orders are given for Gadget to stay away from G2 and every crime scene, but Gadget feels he is needed more than anyone.",1.0746,3/11/2003,Inspector Gadget 2,4.1,376,TRUE,12000000,"['Action', 'Adventure', 'Comedy', 'Family']","['US', 'AU']","['Fountain Films', 'Walt Disney Home Video', 'DiC Entertainment', 'Kerner Entertainment Company']",0,89,1,-0.020769231
FALSE,42307,en,A supernatural thriller about a group of teenagers menaced by a driver-less train in the Australian outback.,0.9158,5/28/2010,Road Train,4.102,108,FALSE,0,"['Horror', 'Thriller', 'Science Fiction']",['AU'],"['Screen Australia', 'ProdigyMovies', 'Fulcrum Media Finance']",0,87,1,
FALSE,11511,en,"When Max fools a gang of local toughs, he finds himself in big trouble. Fleeing from the thugs, Max runs into an old warehouse and bumps into a boom box. By doing that, he manages to release Kazaam, a genie who has been held captive for thousands of years.",1.2795,7/17/1996,Kazaam,4.103,281,FALSE,20000000,"['Fantasy', 'Comedy', 'Family']",['US'],"['Touchstone Pictures', 'Interscope Communications', 'PolyGram Filmed Entertainment', 'Universal Pictures']",18937262,94,1,-0.106597734
FALSE,369779,fr,"Ernest Krakenkrick and Bachir Bouzouk are about to become pilots in the French army. But after the bad consequences of a test undertaken with the centrifuge, they are forced to give up their dream. They are eventually given the position of baggage handler at Orly-West Airport in Paris. But one night, there is a hostage-taking in the airport and the ""Moustachious"", a group of terrorists, take hold of the control tower.",0.3998,2/10/2016,La Tour 2 contrôle infernale,4.107,239,TRUE,0,['Comedy'],['FR'],['Cinéfrance Studios'],0,88,1,
FALSE,53080,en,"An underwater earthquake generates a tsunami that strikes Malibu, bringing a hunting pack of prehistoric-looking goblin sharks to the surface. Although the beach is evacuated before the big wave strikes, a group of lifeguards and a crew of construction workers are stranded in the high water and have to fight the sharks to get to dry land.",1.7359,7/25/2009,Malibu Shark Attack,4.1,101,TRUE,3000000,"['Horror', 'Action', 'TV Movie']","['AU', 'CA']","['Two 4 The Money Media', 'Insight Film Studios', 'Limelight International Media Entertainment', 'Voltage Pictures']",0,87,1,
FALSE,5227,en,"Hercules is sent from Mount Olympus to modern-day Manhattan, where he takes up professional wrestling before getting mixed up with a gang of mobsters.",2.094,2/23/1970,Hercules in New York,4.109,313,FALSE,300000,"['Comedy', 'Adventure', 'Fantasy']",['US'],['RAF Industries'],0,92,1,0.13292172011661801
FALSE,24836,en,"Imagine walking down the street and finding an unmarked VHS tape. Curiosity piqued, you take it home and pop it in. What starts off as two men screwing around with a video camera quickly transforms into an ultra-realistic torture sequence where the unidentified psychopaths tape their exploits as they torment and violate a woman tied to a chair. The devastation of your morals continues throughout the entirety of the footage, while subtly revealing the killer's shattered pasts via the interaction with their victims and each other. The most shockingly realistic portrait of a serial killer's existence is, Fred Vogel's AUGUST UNDERGROUND.",1.2311,1/1/2001,August Underground,4.1,104,TRUE,0,['Horror'],['US'],['Toetag Pictures'],0,70,1,-0.509388
FALSE,22345,en,"BabyCo is the world's leading manufacturer in baby products. However, what the public doesn't know, is that Drs Kinder and Heep, two of its most brilliant scientists, are tirelessly working in complete secrecy to crack the indecipherable code to 'baby talk': a highly sophisticated language, and the key to the secrets of the universe. Before long, problems arise when mischievous Sly, the smartest of the toddlers, escapes confinement, bent on uniting all babies to free those trapped in the laboratory. Now, Kinder and Heep must find Sly before it is too late.",2.4037,3/12/1999,Baby Geniuses,4.128,386,TRUE,12000000,"['Science Fiction', 'Comedy', 'Family']",['US'],"['Crystal Sky Worldwide', 'Triumph', 'TriStar Pictures']",36450736,97,1,0.046547436
FALSE,84907,en,"While digging into their town's infamous past, a group of high school students unwittingly unlock an even darker secret. Now, an evil spirit has been awakened and will stop at nothing to find his true heir.",0.9896,3/9/2012,Playback,4.1,100,FALSE,7500000,"['Horror', 'Thriller']",['US'],['Bennett-Robbins Productions'],0,95,1,-0.127791954
FALSE,570128,fr,"This is the story of a guy who goes too fast and a big guy who is too slow. Foster meets Taupin. All this would be trivial if one of them had a scary scenario, the scenario of their lives and their deaths. Just open the pages and shake.",0.4983,3/13/2019,Wide Load,4.131,107,FALSE,0,['Comedy'],['FR'],"['Versus Production', 'TSF Productions', 'Curiosa Films', 'Orange Studio', 'Les productions Chaocorp', 'Ouille Productions']",0,82,1,
FALSE,103112,it,Two quarreling teachers vie for the same woman. In the same time the two will have to accompany a class on a trip in Spain.,0.6666,12/15/2006,Olé,4.131,309,FALSE,2200000,['Comedy'],['IT'],"['Medusa Film', 'International Video 80', 'Sky Italia']",0,100,1,
FALSE,32308,en,"Jack Cooper could be a world-class baseball pitcher if he didn't keep buckling under the pressure. He tries to keep his spirits up after he's traded to a minor league team but loses all hope when he discovers that Ed, one of his teammates, is a chimp. Ed used to be the team mascot, but was promoted to third base when the owners realized he had a talent for baseball. As Jack struggles to get used to his new surroundings, Ed helps him regain his confidence on and off the field.",1.9069,3/15/1996,Ed,4.132,129,FALSE,24000000,"['Comedy', 'Family']",['US'],['Universal Pictures'],4400000,94,1,0.000969444
FALSE,10152,en,"This wacky prequel to the 1994 blockbuster goes back to the lame-brained Harry and Lloyd's days as classmates at a Rhode Island high school, where the unprincipled principal puts the pair in remedial courses as part of a scheme to fleece the school.",2.4818,4/14/2003,Dumb and Dumberer: When Harry Met Lloyd,4.134,850,TRUE,19000000,['Comedy'],['US'],['New Line Cinema'],39267515,85,1,
FALSE,248705,fr,"Stuck in the corridors of time, Godefroy de Montmirail and his faithful servant Jacquouille are projected to a time of profound political and social upheavals: the French Revolution... specifically, The Terror, time of great dangers, during which the descendants of Godefroy and Jacquouille had their castle and all their property confiscated by arrogant aristocrats, fleeing and lifes hanging by a thread.",1.2082,3/23/2016,The Visitors: Bastille Day,4.135,682,TRUE,25868826,"['Comedy', 'Fantasy']",['FR'],['Gaumont'],18552314,110,1,
FALSE,29159,it,"In Italy, a woman fears her sister has been kidnapped; Inspector Enzo Avolfi fears it's worse. They team up to rescue her from a sadistic killer known only as Yellow.",1.0501,3/13/2010,Giallo,4.1,163,FALSE,14000000,"['Crime', 'Horror', 'Mystery', 'Thriller']","['GB', 'IT']","['Giallo Production', 'Hannibal Pictures', 'Media Films', 'Footprint Investment']",50113,92,3,-0.379805151
FALSE,18509,en,"When a crass new-money tycoon's membership application is turned down at a snooty country club, he retaliates by buying the club and turning it into a tacky amusement park.",1.9614,7/22/1988,Caddyshack II,4.142,194,TRUE,0,['Comedy'],['US'],"['Warner Bros. Pictures', 'Guber/Peters Company']",0,98,1,0.048844720496894416
FALSE,39283,en,"After being driven to extinction, great bloodthirsty dinosaurs come back to life with the assistance of a demented genetic scientist. She plans to replace the human race with a super-race of dinosaurs who will not pollute the planet.",1.1254,5/21/1993,Carnosaur,4.2,107,TRUE,1000000,"['Horror', 'Science Fiction']",['US'],['New Horizons Picture'],1753979,83,1,0.069147368
FALSE,323660,en,"When Rumpelstiltskin destroys the Magic Mirror and escapes to the modern world, the four princesses of ""Once Upon a Time""-Cinderella, Sleeping Beauty, Snow White, and Rapunzel-are sucked through the portal too. Well-trained and endowed with magical powers, the four women must fight Rumpelstiltskin and his army of thralls before he enslaves everyone on Earth.",2.0251,3/17/2015,Avengers Grimm,4.2,130,TRUE,0,"['Action', 'Fantasy']",['US'],['The Asylum'],0,90,1,-0.237
FALSE,651571,en,"A hardened mechanic must stay awake and maintain an interstellar ark fleeing the dying planet Earth with a few thousand lucky souls on board... the last of humanity. Unfortunately, humans are not the only passengers. A shapeshifting alien creature has taken residence, its only goal is to kill as many people as possible. The crew must think quickly to stop this menace before it destroys mankind.",3.0374,12/17/2020,Breach,4.17,658,FALSE,0,"['Science Fiction', 'Action', 'Horror']","['CA', 'US']","['308 Enterprises', 'Almost Never Films', 'Aloe Entertainment', 'Screen Media Films', 'Saban Films']",39328,93,1,0.3315558728448275
FALSE,36239,en,The gruesome tapestry of psychological manifestations of a nineteen year old bulimic runaway stripper-turned prostitute as she descends into a hellish pit of satanic nightmares and hallucinations.,2.8725,2/14/2006,Slaughtered Vomit Dolls,4.2,109,TRUE,100000,"['Horror', 'Drama']","['CA', 'US']","['Kingdom of Hell Productions', 'Unearthed Films']",0,71,1,
FALSE,22049,it,"A pair of smugglers manage to pick up a castaway while running from the authorities, who turns out to be the only survivor from a secret mission to destroy a mysterious superweapon designed by the evil Count Zartharn. The smugglers are soon recruited by the Emperor to complete the mission, as well as to rescue the Emperor's son, who has gone missing.",1.7317,12/21/1978,Starcrash,4.2,191,TRUE,0,"['Fantasy', 'Science Fiction']",['IT'],"['Nat and Patrick Wachsberger Productions', 'New World Pictures']",0,94,2,-0.026693719
FALSE,10513,en,"In California, an old man grieves the loss of his wife and on the next day he also dies. However, the space soldier Eros and her mate Tanna use an electric device to resurrect them both and the strong Inspector Clay that was murdered by the couple. Their intention is not to conquest Earth but to stop mankind from developing the powerful bomb “Solobonite” that would threaten the universe. When the population of Hollywood and Washington DC sees flying saucers on the sky, a colonel, a police lieutenant, a commercial pilot, his wife and a policeman try to stop the aliens.",2.8501,7/22/1959,Plan 9 from Outer Space,4.198,550,FALSE,60000,"['Science Fiction', 'Horror']",['US'],['Reynolds Pictures'],0,79,1,0.10510578747628083
FALSE,449684,fr,"All girls volley ball team The Falcons end up stranded in the middle of nowhere after their mini-van breaks down. Little do they know they landed in degenerate hunters' territory and the hunt is on. Thus begins a very long night where they must run for their lives and test their team spirit. But the girls are more resourceful than it appears. In the heart of the forest, the tables are about to turn between hunter and hunted...",1.2915,7/26/2019,Girls with Balls,4.2,240,FALSE,0,"['Horror', 'Comedy']",['FR'],"['Volcano Films', 'C4 Productions', 'Noodles Production', 'Deal Productions', 'Saga Film', 'SCOPE Pictures']",0,77,1,
FALSE,460218,en,"A beautiful island is home to thousands of species of aquatic life. Now there is a new species: the 5-Headed Shark is all heads and teeth. Shaped like a demented starfish, this monster terrorizes the open ocean before invading the beaches of Puerto Rico, endangering the once peaceful island paradise.",1.8385,7/10/2017,5-Headed Shark Attack,4.2,112,TRUE,0,"['Horror', 'Science Fiction']",['US'],['The Asylum'],0,90,1,
FALSE,516784,en,"An estranged family take a trip to the desert in their used RV and become stranded and isolated in the scorching terrain. They soon learn their RV holds terrible, haunting secrets, and it starts killing them off one by one.",1.1093,9/14/2018,The Toybox,4.2,101,FALSE,0,"['Horror', 'Thriller']",['US'],"['ETA films', 'Steel House Productions', 'Millman Productions', 'Ron Lee Productions', 'Skyline Entertainment']",0,81,1,0.063238462
FALSE,46020,en,"The U.S. Navy's special group ""Blue Water"" builds a half-shark, half-octopus for combat. But the sharktopus escapes and terrorizes the beaches of Puerto Vallarta.",1.2907,9/25/2010,Sharktopus,4.2,188,TRUE,0,"['TV Movie', 'Horror', 'Science Fiction']",['US'],"['New Horizons Picture', 'Syfy']",0,89,1,0.1142087071240106
FALSE,37302,en,"After learning that millions have completely vanished, an airline pilot, a journalist, and others work together to unravel the mystery of those left behind.",1.5301,10/30/2000,Left Behind,4.2,125,TRUE,0,"['Drama', 'Fantasy', 'Science Fiction', 'Thriller']","['CA', 'US']","['Namesake Entertainment', 'Cloud Ten Pictures']",0,100,3,-0.440355565
FALSE,225703,en,"In this Hunger Games spoof, Kantmiss Evershot must fight for her life in the 75th annual Starving Games, where she could also win an old ham, a coupon for a foot-long sub, and a partially eaten pickle.",0.1568,11/7/2013,The Starving Games,4.212,652,FALSE,4500000,['Comedy'],['US'],"['The Safran Company', '3 in the Box']",0,83,1,-0.146480675
FALSE,10214,en,"Tim Avery, an aspiring cartoonist, finds himself in a predicament when his dog stumbles upon the mask of Loki. Then after conceiving an infant son ""born of the mask"", he discovers just how looney child raising can be.",3.7922,2/11/2005,Son of the Mask,4.212,1858,TRUE,84000000,"['Fantasy', 'Comedy', 'Family', 'Adventure']",['US'],"['New Line Cinema', 'Kumar Mobiliengesellschaft mbH & Co. Projekt Nr. 1 KG', 'Dark Horse Entertainment', 'Radar Pictures']",59918422,94,1,-0.065171211
FALSE,376579,en,A woman enters an underground bunker where gifted children use augmented reality technology to wreak havoc.,0.5007,8/5/2016,Let's Be Evil,4.213,141,FALSE,0,"['Thriller', 'Horror', 'Science Fiction']","['US', 'GB']","['Posterity Pictures', ""Let's Be Evil""]",0,83,1,-0.22115
FALSE,23988,en,"A spoof on many horror movie series. Ending his shift at the video rental, Stan's picked up by his BFF and 2 cute girls, all going to a Halloween party. Will they even get there?",2.3409,10/23/2009,Stan Helsing,4.213,481,FALSE,365000,['Comedy'],"['CA', 'US']",['Insight Film Studios'],1400000,90,1,
FALSE,375798,fr,"Brice is back. The world has changed, but not him. When his best friend, Marius, calls for help, he goes on a wild adventure that will lead him to the other side of the world... Travel shapes youth but will he remain the king of the ""casse"" ?",1.3036,10/19/2016,Brice 3,4.214,623,TRUE,0,['Comedy'],['FR'],"['M6 Films', 'Mandarin Cinéma', 'JD Prod', 'Gaumont']",0,95,1,
FALSE,11221,en,An engineer fails to get the bugs out of a tank before an Army officer has to use it in Kuwait.,0.5941,7/20/1984,Best Defense,4.2,117,FALSE,18000000,"['Comedy', 'War']",['US'],"['Paramount Pictures', 'Cinema Group Ventures', 'Eddie Murphy Productions']",19265302,94,1,-0.677915152
FALSE,26960,en,"Andre Toulon, living a peaceful life as a puppeteer in pre-WWI Paris, encounters the renegade sorcerer Afzel, who has stolen the mysterious secrets of life from the dark god Sutekh.",0.654,11/9/1999,Retro Puppet Master,4.2,119,TRUE,0,"['Horror', 'Fantasy', 'Science Fiction']","['RO', 'US']","['Full Moon Pictures', 'Full Moon Entertainment']",0,80,1,
FALSE,3602,en,"Several teenagers in a small-town in Colorado concoct a July 4th prank based on a frightening legend that goes awry when their friend ends up accidentally killed; however, the teens agree to keep their involvement a secret from the authorities, who continue to search for the man who apparently killed their friend. A year later, with the July 4th celebration coming up again, the teenagers realize that they're being stalked by someone who clearly intends on keeping the horrible legend alive by killing them off.",3.9327,6/24/2006,I'll Always Know What You Did Last Summer,4.23,400,TRUE,0,['Horror'],['US'],['Screen Gems'],0,92,1,
FALSE,37833,en,"High-school principal Dr. Alfred Carroll relates to an audience of parents that marijuana can have devastating effects on teens: a drug supplier entices several restless teens, Mary and Jimmy Lane, sister and brother, and Bill, Mary's boyfriend, into frequenting a reefer house. Gradually, Bill and Jimmy are drawn into smoking dope, which affects their family lives.",2.2057,6/15/1938,Tell Your Children,4.237,114,FALSE,100000,['Drama'],['US'],['George A. Hirliman Productions'],0,66,1,
FALSE,17711,en,"Rocky and Bullwinkle have been living off the finances made from the reruns of their cartoon show. Boris and Natasha somehow manage to crossover into reality and team up with Fearless Leader, an evil criminal turned media mogul with some evil plans up his sleeve. Rocky and Bullwinkle must stop the three of them before they wreak havoc.",1.525,6/30/2000,The Adventures of Rocky & Bullwinkle,4.239,374,FALSE,76000000,"['Family', 'Adventure', 'Animation', 'Comedy', 'Fantasy']",['US'],"['Tribeca Productions', 'Wildbrain Entertainment', 'Universal Pictures', 'Jay Ward Productions', 'Capella International', 'KC Medien']",35100000,92,1,0.25592400000000004
FALSE,416166,en,"In 19th century Baltimore, Isabel Porter, a girl stricken with grief from her parents' untimely death, voluntarily checks herself into the Rosewood Institute. Subjected to bizarre and increasingly violent pseudo-scientific experiments in personality modification, brainwashing and mind control, she must escape the clutches of the Rosewood and exact her revenge, or else be forever lost.",2.0391,3/3/2017,The Institute,4.248,103,FALSE,3000000,"['Thriller', 'Mystery', 'Horror']",['US'],"['Dark Rabbit Productions', 'Redwire Pictures', 'Campbell Grobman Films', 'Jeff Rice Films']",0,98,1,0.016052941
FALSE,10073,en,"Spoof of romantic comedies which focuses on a man, his crush, his parents, and her father.",2.6154,2/17/2006,Date Movie,4.248,997,FALSE,20000000,"['Comedy', 'Romance']","['US', 'CH']","['Regency Enterprises', 'New Regency Pictures', 'Epsilon Motion Pictures']",85749034,83,1,0.014633960047003559
FALSE,401060,en,"Brought together at their childhood home over their dying mother, an estranged family is thrust into a deadly fight for their own survival.",1.3095,6/4/2016,Mercy,4.259,160,FALSE,0,['Thriller'],['US'],['XYZ Films'],0,82,2,0.076846897
FALSE,218043,en,A small group of survivors are left behind after millions of people suddenly vanish during the rapture and the world is plunged into chaos and destruction.,5.3954,10/3/2014,Left Behind,4.26,1321,TRUE,16000000,"['Thriller', 'Action', 'Science Fiction']","['CA', 'US']",['Stoney Lake Entertainment'],19682924,110,1,-0.44036373
FALSE,351460,en,"A young man comes to possess a supernatural notebook, the Death Note, that grants him the power to kill any person simply by writing down their name on the pages. He then decides to use the notebook to kill criminals and change the world, but an enigmatic detective attempts to track him down and end his reign of terror.",4.9969,8/25/2017,Death Note,4.261,3984,FALSE,40000000,"['Crime', 'Fantasy', 'Horror']",['US'],"['Vertigo Entertainment', 'Lin Pictures']",0,101,4,-0.23702598
FALSE,563766,it,"When the Italian Premier and his companion find a dead body in his hotel suite, while on a trip to Hungary, they find themselves embroiled in a series of comedic situations as they try to avoid a scandal.",0.3147,12/7/2018,5 Star Christmas,4.3,180,FALSE,0,['Comedy'],['IT'],"['Lucky Red', 'International Video 80', 'AmegO Film']",0,92,1,
FALSE,1234783,es,"One of the most controversial cases in recent years in Argentina, this movie is based on the true story of Nahir Galarza and the murder of her boyfriend that rocked the country. The youngest woman to be convicted and sentenced to life in prison in Argentina, but questions still remain- was this a crime of passion, or is the truth still yet to be fully discovered?",1.8763,5/22/2024,Nahir,4.3,114,FALSE,0,"['Crime', 'Drama', 'Thriller']",['AR'],"['Zeppelin Studio', 'Libero Media']",0,108,1,
FALSE,67911,en,A kid from the Midwest moves out to Hollywood in order to follow in his parents footsteps -- and become a porn star.,2.7084,9/9/2011,Bucky Larson: Born to Be a Star,4.268,179,FALSE,10000000,['Comedy'],['US'],"['Columbia Pictures', 'Miles Deep Producitons', 'Happy Madison Productions']",2500000,97,2,-0.011431132
FALSE,146631,en,A group of friends awake one morning to find all electricity and power shut off and an immense alien aircraft hovering in the air above their heads. Suddenly this regular group of friends is battling to survive as the entire human race is threatened by the alien army hovering ominously above.,0.8537,12/15/2012,U.F.O.,4.3,180,FALSE,2500000,"['Action', 'Science Fiction']","['US', 'GB']","['Hawthorn Productions', 'Hawthorne Productions']",0,101,2,
FALSE,400649,en,"A chemical accident turns ordinary donuts into blood thirsty killers. Now it's up to Johnny, Michelle and Howard to save their sleepy town from...Killer Donuts.",0.7901,7/17/2016,Attack of the Killer Donuts,4.3,119,FALSE,0,"['Comedy', 'Horror']",['US'],"['Restless Nomad Films', 'Rogue State', 'Level 33']",0,98,1,-0.644266832
FALSE,339533,en,"When a discredited L.A. Seismologist warns of an impending 12.7 earthquake, no one takes her seriously. Now on her own, she races desperately to get her family to safety before the earthquake breaks Los Angeles apart from the mainland.",1.3428,5/19/2015,San Andreas Quake,4.274,186,FALSE,0,"['Action', 'Science Fiction', 'TV Movie']",['US'],['The Asylum'],0,90,3,0.035023913
FALSE,426563,en,"Detective Sherlock Holmes and Dr. John Watson join forces to investigate a mysterious murder at Buckingham Palace. It seems like an open-and-shut case as all signs point to Professor James Moriarty, the criminal mastermind and longtime nemesis of the crime-solving duo. When new twists and clues begin to emerge, the world's greatest sleuth and his trusted assistant must now use their legendary wits and ingenious methods to catch the killer as they only have four days before the queen becomes the next victim.",3.6385,12/25/2018,Holmes & Watson,4.279,869,FALSE,42000000,"['Comedy', 'Mystery', 'Crime']",['US'],"['Columbia Pictures', 'Mimran Schur Pictures', 'Gary Sanchez Productions', 'Mosaic Media Group']",40500000,90,1,-0.011203838
FALSE,504321,fr,"Dreams and reality collide as a young woman navigates a tumultuous relationship amid rising social tensions, protests and tragedies in Paris.",0.2096,2/22/2019,Paris Is Us,4.28,159,FALSE,0,['Drama'],['FR'],"['21juin Cinéma', 'French Lab Agency', 'Les Idiots']",0,83,1,0.2419849557522124
FALSE,11531,en,"Young adults become fascinated by the events of the three missing filmmakers in Maryland, so they decide to go into the same woods and find out what really happened.",2.0171,10/27/2000,Book of Shadows: Blair Witch 2,4.28,849,TRUE,15000000,"['Horror', 'Mystery']",['US'],"['Haxan Films', 'Artisan Entertainment']",47737094,90,2,0.073337615
FALSE,323366,en,A family intervention goes horrifically awry within the snowy confines of an isolated lake house.,0.5019,3/16/2015,Pod,4.3,112,FALSE,0,"['Horror', 'Mystery', 'Thriller']",['US'],"['Illium Pictures', 'Alexander Groupe', 'High Window Films']",0,76,1,0.5469133576468728
FALSE,8854,en,"When a renegade military reject puts new superweapons in dangerous hands, John Henry Irons becomes Steel. Wearing body armor, wielding a fearsome electrohammer and riding a gadget-packed motorcycle, he's ready to wage war... if he can fix the untimely glitches in his untested gear.",3.0782,8/15/1997,Steel,4.284,261,FALSE,16000000,"['Science Fiction', 'Action', 'Adventure', 'Drama', 'Crime', 'Fantasy']",['US'],"['Quincy Jones-David Salzman Entertainment', 'Warner Bros. Pictures']",1686429,97,1,0.2546033622698114
FALSE,393407,fr,"Four separate stories deal with stereotypical ideas about Jews: their alleged influence on politics, the stereotype of Jewish business-mindedness, the Mossad, the Jewish world conspiracy and the memory of the Holocaust.",1.0995,6/1/2016,The Jews,4.3,195,FALSE,0,['Comedy'],['FR'],"['Wild Bunch', 'La Petite Reine', 'Canal+']",0,111,2,0.062918182
FALSE,439015,en,"In a small town in Massachusetts, four high school girls perform a ritual in an attempt to debunk the lore of Slender Man. When one of the girls goes mysteriously missing, they begin to suspect that she is, in fact, his latest victim.",3.707,5/17/2018,Slender Man,4.288,2041,FALSE,10000000,"['Horror', 'Mystery', 'Thriller']",['US'],"['Madhouse Entertainment', 'Mythology Entertainment', 'Screen Gems']",11817275,93,1,-0.031187348
FALSE,356149,en,"A family is terrorized by an evil doll named Robert, which seems to come to life after an elderly housekeeper is dismissed. As the attacks grow more intense, the parents struggle with their disbelief and fear while trying to break the curse before it's too late.",1.0176,8/24/2015,Robert,4.3,158,TRUE,35000,['Horror'],"['US', 'GB']",['North Bank Entertainment'],0,90,1,0.065407403
FALSE,316002,en,"A small town waitress gets a nail accidentally lodged in her head causing unpredictable behavior that leads her to Washington, DC.  Sparks fly when she meets a clueless young senator who takes up her cause - but what happens when love interferes with what you stand for?",2.9089,2/10/2015,Accidental Love,4.294,339,FALSE,26000000,"['Romance', 'Comedy']",['US'],"['Kjam Media', 'Persistent Entertainment', 'Vocal Yokels', 'Voltage Pictures']",24487,100,1,0.2592790638297872
FALSE,18955,fr,"Coco is a French comedy released in 2009 and produced by Gad Elmaleh. This is the first embodiment of the actor, adapted from a sketch in the show La Vie Normale. Coco talks about organizing a Bar Mitzvah.",0.6375,7/21/2009,Coco,4.297,529,FALSE,0,['Comedy'],['FR'],"['Légende Films', 'StudioCanal', 'TF1 Films Production']",0,95,1,-0.036321539
FALSE,77460,fr,"25-year-old Khalid Belkacem has failed at everything: college education, summer camp instructor's permit, driver's license, and even his BCG. He never expected to become the first ""positive discrimination"" member of the police force. But as his mother says: ""That's France for you! A country where everyone has a chance.""",0.5316,10/11/2011,Beur sur la ville,4.299,107,FALSE,0,['Comedy'],['FR'],['Miroir Magique'],0,99,1,
FALSE,385317,en,Hot Bot is the hilarious journey of two sexually repressed and unpopular teenage geeks who accidentally discover a life-like super-model sex bot.,1.1108,3/1/2016,Hot Bot,4.301,198,FALSE,0,"['Comedy', 'Science Fiction']",['US'],['Typhoon Works'],0,86,1,
FALSE,28635,en,"The evil Djinn is back at it again, this time wreaking havoc on the students of Illinois' Baxter University. His victim is a beautiful, innocent and studious teenage girl named Diana Collins who accidentally opened up the Djinn's tomb and released him.",2.02,10/23/2001,Wishmaster 3: Beyond the Gates of Hell,4.3,182,TRUE,1500000,"['Thriller', 'Horror', 'Fantasy']","['US', 'CA']","['Paquin Entertainment Group', 'Pendle View (WM) Limited', 'Overseas FilmGroup', 'Artisan Entertainment', 'Blue Rider Pictures', 'GFT Entertainment']",0,89,1,
FALSE,192712,en,"When Sawa's mother and policeman father are found victims of a grisly double homicide, she begins a ruthless pursuit for the man who murdered them. With the help of her father's ex-partner, Karl Aker, and a mysterious friend from her past, she becomes a merciless teen assassin, blasting her way through the dark world of human trafficking only to uncover a devastating truth",1.5254,6/13/2014,Kite,4.3,245,FALSE,0,"['Drama', 'Action']",['ZA'],"['Detalle Films', 'Videovision Entertainment', 'Distant Horizon']",0,90,1,0.032120608108108115
FALSE,169298,en,Danny Trejo plays 'Bullet' a tough cop who takes the law into his own hands when his grandson is kidnapped.,1.3363,2/25/2014,Bullet,4.306,108,FALSE,3000000,"['Action', 'Crime', 'Thriller']",['US'],"['Giant Ape Media', 'SC Films International']",0,87,4,0.3601736172717301
FALSE,10550,en,"Jonathan Ecks, an FBI agent, realizes that he must join with his lifelong enemy, Agent Sever, a rogue DIA agent with whom he is in mortal combat, in order to defeat a common enemy. That enemy has developed a ""micro-device"" that can be injected into victims in order to kill them at will.",1.055,9/20/2002,Ballistic: Ecks vs. Sever,4.308,369,FALSE,70000000,"['Action', 'Adventure', 'Thriller']",['US'],"['Franchise Pictures', 'Chris Lee Productions', 'MHF Erste Academy Film GmbH & Co. Produktions KG', 'Dante Entertainment', 'Epsilon Motion Pictures', 'Warner Bros. Pictures', 'Senator International']",19924033,91,2,-0.068458451
FALSE,400411,en,"Four friends on their way to Coachella stop off in Los Angeles to tour true-crime occult sites, only to encounter a mysterious young runaway who puts them on a terrifying path to ultimate horror.",1.2912,7/1/2016,Satanic,4.311,403,FALSE,0,"['Horror', 'Mystery', 'Thriller']",['US'],"['MarVista Entertainment', 'Circle of Confusion', 'Anchor Bay Entertainment']",349183,84,2,-0.111762444
FALSE,15268,en,"When a teenager, Chun-Li witnesses the kidnapping of her father by wealthy crime lord M. Bison. When she grows up, she goes on a quest for vengeance and becomes the famous crime-fighter of the Street Fighter universe.",1.5105,2/27/2009,Street Fighter: The Legend of Chun-Li,4.311,464,FALSE,50000000,"['Action', 'Adventure', 'Science Fiction', 'Thriller']","['US', 'CA']","['Hyde Park Entertainment', '20th Century Fox', 'Capcom']",12764201,97,5,-0.069458904
FALSE,9708,en,"A sheriff investigating the disappearance of a young girl from a small island discovers there's a larger mystery to solve among the island's secretive, neo-pagan community.",3.8209,8/31/2006,The Wicker Man,4.312,1333,FALSE,40000000,"['Horror', 'Mystery', 'Thriller']",['US'],"['Millennium Media', 'Saturn Films', 'EFO Films', 'Equity Pictures Medienfonds GmbH & Co. KG III', 'Nu Image', 'Alcon Entertainment', 'Emmett/Furla Films']",38805380,102,1,0.026721010156276707
FALSE,71668,en,"After the events at Lake Victoria, the prehistoric school of blood-thirsty piranhas make their way into swimming pools, plumbing, and a newly opened water park.",3.733,5/11/2012,Piranha 3DD,4.314,1080,TRUE,5000000,"['Horror', 'Thriller', 'Comedy']",['US'],"['Dimension Films', 'Mark Canton Productions', 'Intellectual Properties Worldwide']",8493728,83,1,0.1791109375000001
FALSE,1233069,de,"When her son vanishes inside a US consulate, ex-special forces soldier Sara does everything in her power to find him — and uncovers a dark conspiracy.",723.7982,4/29/2025,Exterritorial,6.76,181,FALSE,0,"['Thriller', 'Action']","['DE', 'AT']","['Constantin Television', 'Epo-Film']",0,109,2,-0.076405303
FALSE,1197306,en,"Levon Cade left behind a decorated military career in the black ops to live a simple life working construction. But when his boss's daughter, who is like family to him, is taken by human traffickers, his search to bring her home uncovers a world of corruption far greater than he ever could have imagined.",482.7613,3/26/2025,A Working Man,6.5,576,FALSE,40000000,"['Action', 'Crime', 'Thriller']","['GB', 'US']","['Cedar Park Entertainment', 'BlockFilm', 'Punch Palace Productions', 'Balboa Productions', 'Black Bear Pictures', 'Fifth Season', 'CAT5']",89722806,116,3,0.052421327646829004
FALSE,986056,en,"After finding themselves ensnared in a death trap, seven disillusioned castoffs must embark on a dangerous mission that will force them to confront the darkest corners of their pasts.",427.329,4/30/2025,Thunderbolts*,7.6,496,FALSE,180000000,"['Action', 'Adventure', 'Science Fiction']",['US'],"['Marvel Studios', 'Kevin Feige Productions']",173009775,127,3,0.08756485
FALSE,668489,en,"When a drug heist swerves lethally out of control, a jaded cop fights his way through a corrupt city's criminal underworld to save a politician's son.",362.7559,4/24/2025,Havoc,6.575,516,FALSE,90000000,"['Action', 'Crime', 'Thriller']",['GB'],"['XYZ Films', 'Severn Screen', 'One More One Productions']",0,107,2,0.271289059
FALSE,950387,en,"Four misfits find themselves struggling with ordinary problems when they are suddenly pulled through a mysterious portal into the Overworld: a bizarre, cubic wonderland that thrives on imagination. To get back home, they'll have to master this world while embarking on a magical quest with an unexpected, expert crafter, Steve.",360.402,3/31/2025,A Minecraft Movie,6.2,823,TRUE,150000000,"['Family', 'Comedy', 'Adventure', 'Fantasy']",['US'],"['Warner Bros. Pictures', 'Legendary Pictures', 'Mojang Studios', 'Vertigo Entertainment', 'On the Roam', 'Domain Entertainment']",874636560,101,1,0.11809156176202605
FALSE,37135,en,"Tarzan was a small orphan who was raised by an ape named Kala since he was a child. He believed that this was his family, but on an expedition Jane Porter is rescued by Tarzan. He then finds out that he's human. Now Tarzan must make the decision as to which family he should belong to...",319.0512,6/18/1999,Tarzan,7.4,6919,TRUE,130000000,"['Family', 'Adventure', 'Animation', 'Drama']",['US'],"['Walt Disney Pictures', 'Edgar Rice Burroughs Inc.', 'Walt Disney Feature Animation']",448200000,88,1,-0.162447941
FALSE,1153714,en,"A father and daughter accidentally hit and kill a unicorn while en route to a weekend retreat, where his billionaire boss seeks to exploit the creature’s miraculous curative properties.",280.6884,3/27/2025,Death of a Unicorn,6.3,157,FALSE,15000000,"['Horror', 'Fantasy', 'Comedy', 'Adventure']",['US'],"['A24', 'Square Peg', 'Secret Engine', 'Ley Line Entertainment']",15983827,107,1,-0.103983154
FALSE,822119,en,"After meeting with newly elected U.S. President Thaddeus Ross, Sam finds himself in the middle of an international incident. He must discover the reason behind a nefarious global plot before the true mastermind has the entire world seeing red.",253.0975,2/12/2025,Captain America: Brave New World,6.152,1735,TRUE,180000000,"['Action', 'Thriller', 'Science Fiction']",['US'],"['Marvel Studios', 'Kevin Feige Productions']",414757293,119,3,0.27288575583120656
FALSE,324544,en,"A queen sends the powerful and feared sorceress Gray Alys to the ghostly wilderness of the Lost Lands in search of a magical power, where she and her guide, the drifter Boyce, must outwit and outfight both man and demon.",243.5122,2/27/2025,In the Lost Lands,6.4,333,FALSE,55000000,"['Action', 'Fantasy', 'Adventure']","['DE', 'CH']","['Constantin Film', 'Spark Productions']",4755330,102,3,-0.176834018
FALSE,299537,en,"The story follows Carol Danvers as she becomes one of the universe’s most powerful heroes when Earth is caught in the middle of a galactic war between two alien races. Set in the 1990s, Captain Marvel is an all-new adventure from a previously unseen period in the history of the Marvel Cinematic Universe.",214.3081,3/6/2019,Captain Marvel,6.801,16007,TRUE,152000000,"['Action', 'Adventure', 'Science Fiction']",['US'],['Marvel Studios'],1131416446,124,1,0.36444631618307893
FALSE,297762,en,An Amazon princess comes to the world of Man in the grips of the First World War to confront the forces of evil and bring an end to human conflict.,204.9242,5/30/2017,Wonder Woman,7.216,20196,TRUE,149000000,"['Action', 'Adventure', 'Fantasy']",['US'],"['Atlas Entertainment', 'Cruel & Unusual Films', 'DC Films']",823970682,141,2,0.041990056
FALSE,497698,en,"Natasha Romanoff, also known as Black Widow, confronts the darker parts of her ledger when a dangerous conspiracy with ties to her past arises. Pursued by a force that will stop at nothing to bring her down, Natasha must deal with her history as a spy and the broken relationships left in her wake long before she became an Avenger.",204.1368,7/7/2021,Black Widow,7.208,10498,FALSE,200000000,"['Action', 'Adventure', 'Science Fiction']",['US'],['Marvel Studios'],379751131,134,2,0.079711959
FALSE,974573,en,"Stephanie and Emily reunite on the beautiful island of Capri, Italy for Emily's extravagant wedding to a rich Italian businessman. Along with the glamorous guests, expect murder and betrayal to RSVP for a wedding with more twists and turns than the road from the Marina Grande to the Capri town square.",198.5125,3/7/2025,Another Simple Favor,6.3,146,TRUE,0,"['Thriller', 'Comedy', 'Crime']",['US'],"['Feigco Entertainment', 'Lionsgate']",0,123,1,0.2514618835223653
FALSE,1233413,en,"Trying to leave their troubled lives behind, twin brothers return to their hometown to start again, only to discover that an even greater evil is waiting to welcome them back.",191.5358,4/16/2025,Sinners,7.6,575,FALSE,90000000,"['Action', 'Horror', 'Thriller']",['US'],"['Warner Bros. Pictures', 'Proximity Media', 'Domain Entertainment']",237331032,138,2,0.15283486802407983
FALSE,335984,en,"Thirty years after the events of the first film, a new blade runner, LAPD Officer K, unearths a long-buried secret that has the potential to plunge what's left of society into chaos. K's discovery leads him on a quest to find Rick Deckard, a former LAPD blade runner who has been missing for 30 years.",189.9558,10/4/2017,Blade Runner 2049,7.579,14094,TRUE,150000000,"['Science Fiction', 'Drama']",['US'],"['Alcon Entertainment', 'Columbia Pictures', 'Scott Free Productions', 'Bud Yorkin Productions', 'Torridon Films', '16:14 Entertainment']",259239658,164,7,0.1324809812717756
FALSE,1124620,en,"When twin brothers find a mysterious wind-up monkey, a series of outrageous deaths tear their family apart. Twenty-five years later, the monkey begins a new killing spree forcing the estranged brothers to confront the cursed toy.",180.498,2/14/2025,The Monkey,5.902,574,FALSE,10000000,"['Horror', 'Comedy']",['US'],"['Atomic Monster', 'C2 Motion Picture Group', 'Range Media Partners', 'Oddfellows Entertainment', 'The Safran Company', 'Stars Collective']",68752066,97,1,0.18507561984603163
FALSE,1249213,en,"Violet, a widowed mother on her first date in years, arrives at an upscale restaurant where she is relieved that her date, Henry, is more charming and handsome than she expected. But their chemistry begins to curdle as Violet begins being irritated and then terrorized by a series of anonymous drops to her phone.",147.2047,4/10/2025,Drop,6.602,246,FALSE,11000000,"['Mystery', 'Thriller']",['US'],"['Blumhouse Productions', 'Platinum Dunes']",27733875,95,1,-0.32368252
FALSE,1276073,ja,"When panic erupts on a Tokyo-bound bullet train that will explode if it slows below 100 kph, authorities race against time to save everyone on board.",147.0887,4/23/2025,Bullet Train Explosion,6.89,141,TRUE,0,"['Action', 'Thriller', 'Crime', 'Drama']",['JP'],"['Netflix', 'EPISCOPE']",0,137,1,0.3071410437235543
FALSE,1241982,en,"After receiving an unexpected call from her wayfinding ancestors, Moana journeys alongside Maui and a new crew to the far seas of Oceania and into dangerous, long-lost waters for an adventure unlike anything she's ever faced.",116.0136,11/21/2024,Moana 2,7.078,2323,TRUE,150000000,"['Animation', 'Adventure', 'Family', 'Comedy']",['US'],"['Walt Disney Pictures', 'Walt Disney Animation Studios', 'Walt Disney Animation Studios']",1059544057,100,1,0.22826218833315565
FALSE,1195506,en,"When the girl of his dreams is kidnapped, everyman Nate turns his inability to feel pain into an unexpected strength in his fight to get her back.",112.0364,3/12/2025,Novocaine,6.927,694,FALSE,18000000,"['Action', 'Comedy', 'Thriller']",['US'],"['Safehouse Pictures', 'Paramount Pictures', 'Infrared Pictures', 'Domain Entertainment', 'Circle Management + Production']",34208050,110,1,0.195940505
FALSE,302946,en,"As a math savant uncooks the books for a new client, the Treasury Department closes in on his activities and the body count starts to rise.",108.9876,10/13/2016,The Accountant,7.103,6500,TRUE,44000000,"['Crime', 'Thriller', 'Drama']",['US'],"['Zero Gravity Management', 'Electric City Entertainment', 'RatPac Entertainment', 'Warner Bros. Pictures']",155160045,128,1,0.039088988
FALSE,1045938,en,"After the G20 Summit is overtaken by terrorists, President Danielle Sutton must bring all her statecraft and military experience to defend her family and her fellow leaders.",108.0244,4/10/2025,G20,6.58,448,FALSE,0,"['Action', 'Mystery', 'Drama']",['US'],"['JuVee Productions', 'Mad Chance', 'MRC', 'Amazon MGM Studios']",0,108,1,-0.02577478
FALSE,762509,en,"Mufasa, a cub lost and alone, meets a sympathetic lion named Taka, the heir to a royal bloodline. The chance meeting sets in motion an expansive journey of a group of misfits searching for their destiny.",106.6476,12/18/2024,Mufasa: The Lion King,7.416,2059,TRUE,200000000,"['Adventure', 'Family', 'Animation']",['US'],['Walt Disney Pictures'],721046090,118,1,-0.001642005
FALSE,974576,en,"After the unexpected death of the Pope, Cardinal Lawrence is tasked with managing the covert and ancient ritual of electing a new one. Sequestered in the Vatican with the Catholic Church’s most powerful leaders until the process is complete, Lawrence finds himself at the center of a conspiracy that could lead to its downfall.",100.8379,10/25/2024,Conclave,7.198,2308,FALSE,20000000,"['Drama', 'Thriller', 'Mystery']",['US'],"['FilmNation Entertainment', 'Indian Paintbrush', 'House Productions']",115657988,120,4,0.094786694
FALSE,870028,en,"When an old acquaintance is murdered, Wolff is compelled to solve the case. Realizing more extreme measures are necessary, Wolff recruits his estranged and highly lethal brother, Brax, to help. In partnership with Marybeth Medina, they uncover a deadly conspiracy, becoming targets of a ruthless network of killers who will stop at nothing to keep their secrets buried.",97.8967,4/23/2025,The Accountant²,7.203,118,TRUE,80000000,"['Crime', 'Thriller', 'Action']",['US'],"['Artists Equity', '51 Entertainment', 'Zero Gravity Management']",66377890,133,1,0.038740050302518654
FALSE,939243,en,"Sonic, Knuckles, and Tails reunite against a powerful new adversary, Shadow, a mysterious villain with powers unlike anything they have faced before. With their abilities outmatched in every way, Team Sonic must seek out an unlikely alliance in hopes of stopping Shadow and protecting the planet.",95.742,12/19/2024,Sonic the Hedgehog 3,7.7,2509,TRUE,122000000,"['Action', 'Science Fiction', 'Comedy', 'Family']",['US'],"['Paramount Pictures', 'Original Film', 'Marza Animation Planet', 'SEGA', 'Blur Studio', 'SEGA of America']",486018457,110,4,0.15832741903078035
FALSE,374720,en,"The story of the miraculous evacuation of Allied soldiers from Belgium, Britain, Canada and France, who were cut off and surrounded by the German army from the beaches and harbour of Dunkirk between May 26th and June 4th 1940 during World War II.",94.1888,7/19/2017,Dunkirk,7.45,16770,FALSE,150000000,"['War', 'Action', 'Drama']",['US'],"['Warner Bros. Pictures', 'Syncopy']",527000000,107,3,0.11330320817365049
FALSE,678512,en,"The story of Tim Ballard, a former US government agent, who quits his job in order to devote his life to rescuing children from global sex traffickers.",81.6263,7/3/2023,Sound of Freedom,8,2535,FALSE,14500000,"['Action', 'Drama']",['US'],['Santa Fe Films'],250600000,131,2,-0.038005523
FALSE,931349,en,A woman wakes up on a distant planet and finds the crew of her space station viciously killed. Her investigation into what happened sets in motion a terrifying chain of events.,76.9625,3/20/2025,Ash,5.381,193,FALSE,0,"['Science Fiction', 'Horror', 'Thriller']",['US'],"['XYZ Films', 'Echo Lake Entertainment', 'GFC Films', 'IPR.VC', 'Brainfeeder Films']",0,95,1,-0.128890582
FALSE,1244944,en,"In the aftermath of her husband's death, widow Ramona's struggle to raise her two kids is hindered by the arrival of a mysterious woman with supernatural abilities.",74.6411,3/27/2025,The Woman in the Yard,6.159,132,FALSE,12000000,"['Horror', 'Mystery']",['US'],"['Blumhouse Productions', 'Homegrown Pictures', 'Ombra Films', 'Universal Pictures Corporation']",23175286,87,1,-0.069783552
FALSE,950396,en,"Two highly-trained operatives are appointed to posts in guard towers on opposite sides of a vast and highly classified gorge, protecting the world from an undisclosed, mysterious evil that lurks within. They bond from a distance while trying to stay vigilant in defending against an unseen enemy. When the cataclysmic threat to humanity is revealed to them, they must work together in a test of both their physical and mental strength to keep the secret in the gorge before it’s too late.",71.2916,2/13/2025,The Gorge,7.721,2524,FALSE,70000000,"['Romance', 'Science Fiction', 'Thriller']",['US'],"['Skydance Media', 'Crooked Highway', 'Apple Studios']",0,127,2,0.07547065
FALSE,346672,en,"Vampire death dealer Selene fends off brutal attacks from both the Lycan clan and the Vampire faction that betrayed her. With her only allies, David and his father Thomas, she must stop the eternal war between Lycans and Vampires, even if it means she has to make the ultimate sacrifice.",68.5685,11/24/2016,Underworld: Blood Wars,5.9,3745,TRUE,35000000,"['Fantasy', 'Action', 'Thriller', 'Science Fiction']",['US'],"['Lakeshore Entertainment', 'Screen Gems', 'Sketch Films']",81093313,91,1,0.1428704881450487
FALSE,1010581,es,"Noah must leave her city, boyfriend, and friends to move into William Leister's mansion, the flashy and wealthy husband of her mother Rafaela. As a proud and independent 17 year old, Noah resists living in a mansion surrounded by luxury. However, it is there where she meets Nick, her new stepbrother, and the clash of their strong personalities becomes evident from the very beginning.",66.5718,6/8/2023,My Fault,7.816,3671,TRUE,0,"['Romance', 'Drama']",['ES'],"['Pokeepsie Films', 'Amazon Studios']",0,117,1,-0.383028353
FALSE,447332,en,A family is forced to live in silence while hiding from creatures that hunt by sound.,65.9749,4/3/2018,A Quiet Place,7.4,14529,TRUE,17000000,"['Horror', 'Drama', 'Science Fiction']",['US'],"['Paramount Pictures', 'Platinum Dunes']",340955294,91,1,0.03499026
FALSE,473,en,"A mathematical genius discovers a link between numbers and reality, and thus believes he can predict the future.",65.7569,7/10/1998,Pi,7.1,2293,FALSE,60000,"['Mystery', 'Drama', 'Thriller']",['US'],"['Harvest Filmworks', 'Plantain Films', 'Protozoa Pictures', 'Truth & Soul']",3221152,84,1,-0.03644007
FALSE,1125899,en,"When a group of radical activists take over an energy company's annual gala, seizing 300 hostages, an ex-soldier turned window cleaner suspended 50 storeys up on the outside of the building must save those trapped inside, including her younger brother.",65.5244,2/19/2025,Cleaner,6.663,243,FALSE,0,"['Action', 'Thriller']",['GB'],"['Anton', 'Qwerty Films']",1314073,97,1,0.054715496
FALSE,1252309,es,"After his father's death, Eric Zimmerman travels to Spain to oversee his company's branches. In Madrid, he falls for Judith and engage in an intense, erotic relationship full of exploration. However, Eric fears his secret may end their affair.",65.2154,11/29/2024,Ask Me What You Want,5.935,161,FALSE,0,"['Romance', 'Drama']",['ES'],"['Versus Entertainment', 'LyO Media', 'Warner Bros. Entertainment España', '4 Cats Pictures']",0,114,1,
FALSE,1232546,en,"One year after her sister Melanie mysteriously disappeared, Clover and her friends head into the remote valley where she vanished in search of answers. Exploring an abandoned visitor center, they find themselves stalked by a masked killer and horrifically murdered one by one...only to wake up and find themselves back at the beginning of the same evening.",64.5982,4/23/2025,Until Dawn,6.5,128,FALSE,15000000,"['Horror', 'Mystery']",['US'],"['PlayStation Productions', 'Coin Operated', 'Mångata', 'Vertigo Entertainment', 'Screen Gems']",34784006,103,1,-0.041012334
FALSE,1126166,en,"A U.S. Marshal escorts a government witness to trial after he's accused of getting involved with a mob boss, only to discover that the pilot who is transporting them is also a hitman sent to assassinate the informant. After they subdue him, they're forced to fly together after discovering that there are others attempting to eliminate them.",64.2564,1/22/2025,Flight Risk,6.1,671,FALSE,25000000,"['Action', 'Thriller']",['US'],"['Davis Entertainment', 'Icon Productions', 'Hammerstone Studios', 'Media Capital Technologies']",40420193,91,1,0.10242045602605868
FALSE,912649,en,"Eddie and Venom are on the run. Hunted by both of their worlds and with the net closing in, the duo are forced into a devastating decision that will bring the curtains down on Venom and Eddie's last dance.",64.1621,10/22/2024,Venom: The Last Dance,6.8,3270,TRUE,120000000,"['Action', 'Science Fiction', 'Adventure']",['US'],"['Columbia Pictures', 'Pascal Pictures', 'Matt Tolmach Productions', 'Hutch Parker Entertainment', 'Arad Productions']",478103649,109,1,0.059540889
FALSE,38575,en,"Twelve-year-old Dre Parker could have been the most popular kid in Detroit, but his mother's latest career move has landed him in China. Dre immediately falls for his classmate Mei Ying but the cultural differences make such a friendship impossible. Even worse, Dre's feelings make him an enemy of the class bully, Cheng. With no friends in a strange land, Dre has nowhere to turn but maintenance man Mr. Han, who is a kung fu master. As Han teaches Dre that kung fu is not about punches and parries, but maturity and calm, Dre realizes that facing down the bullies will be the fight of his life.",60.6473,6/10/2010,The Karate Kid,6.55,6161,TRUE,40000000,"['Action', 'Adventure', 'Drama', 'Family']",['US'],"['Jerry Weintraub Productions', 'Columbia Pictures', 'Overbrook Entertainment', 'China Film Group Corporation', 'Emperor Motion Pictures']",359126022,140,2,-0.326473376
FALSE,71689,en,"Phineas and Ferb get trapped in an alternate dimension where the evil Doofenshmirtz rules the tri-state area. They must find a way back home with the help of their pet platypus named Perry, who they discover is a secret agent.",59.7959,8/5/2011,Phineas and Ferb The Movie: Across the 2nd Dimension,7.072,564,TRUE,0,"['Animation', 'Comedy', 'Family', 'TV Movie', 'Science Fiction', 'Adventure', 'Action', 'Music']",['US'],['Disney Television Animation'],0,77,1,
FALSE,514593,en,"In an effort to repair their relationship, a couple books a vacation in the countryside for themselves and their daughter. What starts as a perfect retreat begins to fall apart as one loses their grip on reality, and a sinister force tries to tear them apart.",58.5575,6/18/2020,You Should Have Left,6.093,872,FALSE,0,"['Horror', 'Thriller']",['US'],"['Blumhouse Productions', 'Universal Pictures']",0,93,1,0.1428289178266727
FALSE,533535,en,"A listless Wade Wilson toils away in civilian life with his days as the morally flexible mercenary, Deadpool, behind him. But when his homeworld faces an existential threat, Wade must reluctantly suit-up again with an even more reluctant Wolverine.",58.313,7/24/2024,Deadpool & Wolverine,7.6,7165,TRUE,200000000,"['Action', 'Comedy', 'Science Fiction']",['US'],"['Marvel Studios', 'Maximum Effort', '21 Laps Entertainment', '20th Century Studios', 'Kevin Feige Productions', 'TSG Entertainment']",1338073645,128,1,0.065360899
FALSE,37799,en,"In 2003, Harvard undergrad and computer programmer Mark Zuckerberg begins work on a new concept that eventually turns into the global social network known as Facebook. Six years later, Mark is one of the youngest billionaires ever, but his unprecedented success leads to both personal and legal complications when he ends up on the receiving end of two lawsuits, one involving his former friend.",58.1304,10/1/2010,The Social Network,7.37,12410,FALSE,40000000,['Drama'],['US'],"['Columbia Pictures', 'Relativity Media', 'Scott Rudin Productions', 'Michael De Luca Productions', 'Trigger Street Productions']",224920315,121,1,0.010711154477521294
FALSE,696506,en,"Unlikely hero Mickey Barnes finds himself in the extraordinary circumstance of working for an employer who demands the ultimate commitment to the job… to die, for a living.",57.8769,2/28/2025,Mickey 17,6.894,1844,FALSE,118000000,"['Science Fiction', 'Comedy', 'Adventure']","['GB', 'US']","['Warner Bros. Pictures', 'Plan B Entertainment', 'Offscreen', 'Kate Street Picture Company', 'Domain Entertainment']",131847147,137,1,0.070432911
FALSE,1083968,en,"When Eddie breaks into a luxury SUV, he steps into a deadly trap set by William, a self-proclaimed vigilante delivering his own brand of twisted justice. With no means of escape, Eddie must fight to survive in a ride where escape is an illusion, survival is a nightmare, and justice shifts into high gear.",57.6584,3/20/2025,Locked,6.257,103,FALSE,0,"['Horror', 'Thriller']",['US'],"['north.five.six', 'ZQ Entertainment', 'R.U. Robot Studios', 'Arcana Studio', 'Sillen Productions', 'BondIt Media Capital', 'Exemplary Films', 'Magic Button Films', 'Longevity Pictures', 'Blue Rider Pictures', 'Raimi Productions']",3,95,1,0.24734840418510926
FALSE,519182,en,"Gru and Lucy and their girls—Margo, Edith and Agnes—welcome a new member to the Gru family, Gru Jr., who is intent on tormenting his dad. Gru also faces a new nemesis in Maxime Le Mal and his femme fatale girlfriend Valentina, forcing the family to go on the run.",57.3061,6/20/2024,Despicable Me 4,7.047,2739,TRUE,100000000,"['Animation', 'Family', 'Comedy', 'Science Fiction']",['US'],"['Universal Pictures', 'Illumination']",969280910,94,1,0.1308102574896513
FALSE,539972,en,"Kraven Kravinoff's complex relationship with his ruthless gangster father, Nikolai, starts him down a path of vengeance with brutal consequences, motivating him to become not only the greatest hunter in the world, but also one of its most feared.",54.8698,12/11/2024,Kraven the Hunter,6.586,1641,FALSE,120000000,"['Action', 'Adventure', 'Thriller']",['US'],"['Columbia Pictures', 'Matt Tolmach Productions', 'Arad Productions']",59184643,127,3,-0.073976549
FALSE,126889,en,"The crew of the colony ship Covenant, bound for a remote planet on the far side of the galaxy, discovers what they think is an uncharted paradise but is actually a dark, dangerous world.",53.765,5/9/2017,Alien: Covenant,6.155,8870,TRUE,97000000,"['Science Fiction', 'Horror', 'Thriller']",['US'],"['20th Century Fox', 'Brandywine Productions', 'Scott Free Productions']",240891763,122,2,0.26787287114918884
FALSE,1064486,en,"Forcibly separated from her twin brother when they are orphaned, a melancholic misfit learns how to find confidence within herself amid the clutter of misfortunes and everyday life.",53.4451,10/17/2024,Memoir of a Snail,8.028,466,FALSE,4350000,"['Animation', 'Drama', 'Comedy']",['AU'],"['Arenamedia', 'Screen Australia']",6780428,94,2,0.24301073717948712
FALSE,423204,en,"After a treacherous attack, Secret Service agent Mike Banning is charged with attempting to assassinate President Trumbull. Chased by his own colleagues and the FBI, Banning begins a race against the clock to clear his name.",53.0743,8/21/2019,Angel Has Fallen,6.594,3606,TRUE,40000000,"['Action', 'Thriller']",['US'],"['Campbell Grobman Films', 'Eclectic Pictures', 'G-BASE', 'Millennium Media']",146661977,122,1,0.02646827
FALSE,1229730,fr,"By day, they're invisible—valets, hostesses, and bartenders at a luxury hotel. By night, they're the Carjackers, a crew of skilled drivers who track and rob wealthy clients on the road. As they plan their ultimate heist, the hotel director hires a ruthless hitman, to stop them at all costs. With danger closing in, can Nora, Zoe, Steve, and Prestance pull off their biggest score yet?",52.9757,3/27/2025,Carjackers,6.111,171,FALSE,0,"['Action', 'Adventure']",['FR'],['Gaumont'],0,97,1,
FALSE,933260,en,"A fading celebrity decides to use a black market drug, a cell-replicating substance that temporarily creates a younger, better version of herself.",52.0252,9/7/2024,The Substance,7.142,4541,FALSE,17500000,"['Horror', 'Science Fiction']","['GB', 'US']","['Working Title Films', 'Blacksmith', 'Working Title Films']",76506196,141,1,0.24760647501047198
FALSE,811941,te,"Devara, a fearless man from a coastal region, embarks on a perilous journey into the treacherous world of the sea to safeguard the lives of his people. Unbeknownst to him, his brother Bhaira is plotting a conspiracy against him. As events unfold, Devara passes on his legacy to his mild-mannered and timid son, Varada.",51.2157,9/26/2024,Devara: Part 1,6.963,190,TRUE,31764000,"['Action', 'Drama']",['IN'],"['N. T. R. Arts', 'Yuvasudha Arts']",49520000,175,1,0.336006875
FALSE,1356039,es,"When a hostage rescue mission creates a new enemy, Capt. Guerrero and his elite soldiers must face an ambush by a criminal group.",50.7126,2/27/2025,Counterattack,8.362,665,FALSE,0,"['Action', 'Adventure', 'Thriller']",['MX'],['Draco Films'],0,85,1,0.1145706484641638
FALSE,141052,en,"Fuelled by his restored faith in humanity and inspired by Superman's selfless act, Bruce Wayne and Diana Prince assemble a team of metahumans consisting of Barry Allen, Arthur Curry and Victor Stone to face the catastrophic threat of Steppenwolf and the Parademons who are on the hunt for three Mother Boxes on Earth.",50.2715,11/15/2017,Justice League,6.075,13129,FALSE,300000000,"['Action', 'Adventure', 'Science Fiction']",['US'],"['RatPac Entertainment', 'Cruel & Unusual Films', 'Atlas Entertainment', 'Warner Bros. Pictures', 'DC Films']",661326987,120,1,0.23701557671606646
FALSE,346685,en,"Rachel Watson, devastated by her recent divorce, spends her daily commute fantasizing about the seemingly perfect couple who live in a house that her train passes every day, until one morning she sees something shocking happen there and becomes entangled in the mystery that unfolds.",49.883,10/5/2016,The Girl on the Train,6.442,5783,FALSE,45000000,"['Thriller', 'Mystery', 'Drama', 'Crime']",['US'],"['Reliance Entertainment', 'DreamWorks Pictures', 'Marc Platt Productions']",173200000,112,2,0.095668718
FALSE,558449,en,"Years after witnessing the death of the revered hero Maximus at the hands of his uncle, Lucius is forced to enter the Colosseum after his home is conquered by the tyrannical Emperors who now lead Rome with an iron fist. With rage in his heart and the future of the Empire at stake, Lucius must look to his past to find strength and honor to return the glory of Rome to its people.",49.6645,11/13/2024,Gladiator II,6.748,3281,TRUE,310000000,"['Action', 'Adventure', 'Drama']",['US'],"['Paramount Pictures', 'Scott Free Productions', 'Lucy Fisher/Douglas Wick Productions']",458718000,148,1,0.026716074581538244
FALSE,1022789,en,"Teenager Riley's mind headquarters is undergoing a sudden demolition to make room for something entirely unexpected: new Emotions! Joy, Sadness, Anger, Fear and Disgust, who’ve long been running a successful operation by all accounts, aren’t sure how to feel when Anxiety shows up. And it looks like she’s not alone.",49.2891,6/11/2024,Inside Out 2,7.557,5803,TRUE,200000000,"['Animation', 'Adventure', 'Comedy', 'Family']",['US'],"['Walt Disney Pictures', 'Pixar']",1698863816,97,1,0.08945629
FALSE,927342,ta,"A heroic true story of Major Mukund Varadarajan, an Indian Army officer who displayed extraordinary bravery during a counterterrorism mission in Kashmir’s Shopian district. The film captures his courage in protecting his nation and the devotion of his wife Indhu Rebecaa Varghese.",48.7961,10/31/2024,Amaran,7.383,227,FALSE,14700000,"['Action', 'Drama', 'Adventure', 'War']",['IN'],"['Raajkamal Films International', 'Sony Pictures International Productions']",39200000,169,1,0
FALSE,447273,en,"Following the benevolent King's disappearance, the Evil Queen dominated the once fair land with a cruel streak. Princess Snow White flees the castle when the Queen, in her jealousy over Snow White's inner beauty, tries to kill her. Deep into the dark woods, she stumbles upon seven magical dwarves and a young bandit named Jonathan. Together, they strive to survive the Queen's relentless pursuit and aspire to take back the kingdom in the process.",48.6659,3/19/2025,Snow White,4.5,610,FALSE,270000000,"['Family', 'Fantasy']",['US'],"['Walt Disney Pictures', 'Marc Platt Productions']",200279718,109,2,-0.211973336
FALSE,700391,en,"65 million years ago, the only 2 survivors of a spaceship from Somaris that crash-landed on Earth, must fend off dinosaurs to reach the escape vessel in time before an imminent asteroid strike threatens to destroy the planet.",48.3275,3/2/2023,65,5.979,2543,FALSE,45000000,"['Action', 'Adventure', 'Science Fiction']",['US'],"['Raimi Productions', 'Beck/Woods', 'Bron Studios', 'Columbia Pictures', 'TSG Entertainment']",60730568,92,1,0.190594611
FALSE,567609,en,A young bride's wedding night turns into her worst nightmare when her ridiculously rich in-laws force her to play a gruesome game of hide-and-seek.,48.275,8/21/2019,Ready or Not,7.034,4766,TRUE,6000000,"['Horror', 'Comedy']","['CA', 'US']","['Mythology Entertainment', 'Vinson Films', 'Fox Searchlight Pictures', 'Radio Silence']",57600000,95,1,0.4101303746630728
FALSE,515001,en,"A World War II satire that follows a lonely German boy whose world view is turned upside down when he discovers his single mother is hiding a young Jewish girl in their attic. Aided only by his idiotic imaginary friend, Adolf Hitler, Jojo must confront his blind nationalism.",48.2013,10/18/2019,Jojo Rabbit,8.01,9783,FALSE,14000000,"['Comedy', 'War', 'Drama']",['US'],"['Fox Searchlight Pictures', 'Defender Films', 'Piki Films']",82468705,108,2,0.18386506690626342
FALSE,343674,en,"When her husband's sex game goes wrong, Jessie (who is handcuffed to a bed in a remote lake house) faces warped visions, dark secrets and a dire choice.",46.9724,9/29/2017,Gerald's Game,6.394,3718,FALSE,0,"['Horror', 'Thriller']",['US'],['Intrepid Pictures'],0,104,1,0.089601601
FALSE,1156593,es,The love between Noah and Nick seems unwavering despite their parents' attempts to separate them. But his job and her entry into college open up their lives to new relationships that will shake the foundations of both their relationship and the Leister family itself.,44.3501,12/26/2024,Your Fault,7.144,1233,TRUE,0,"['Romance', 'Drama']","['US', 'ES']","['Pokeepsie Films', 'Amazon MGM Studios', 'Metro-Goldwyn-Mayer']",0,118,1,-0.160281195
FALSE,339967,en,A woman discovers that severe catastrophic events are somehow connected to the mental breakdown from which she's suffering.,43.5988,4/6/2017,Colossal,6.281,2126,FALSE,0,"['Drama', 'Fantasy', 'Science Fiction']",['US'],"['Toy Fight Productions', 'Brightlight Pictures', 'Sayaka Producciones', 'Route One Entertainment', 'Voltage Pictures', 'Union Investment Partners', 'Legion M']",3029287,109,2,0.07164857
FALSE,1087891,en,"After his life is turned upside down when his wife is killed in a London terrorist attack, a brilliant but introverted CIA decoder takes matters into his own hands when his supervisors refuse to take action.",43.4092,4/9/2025,The Amateur,6.673,231,FALSE,60000000,"['Thriller', 'Action']",['US'],"['20th Century Studios', 'Hutch Parker Entertainment', 'Joel B. Michaels Productions']",80834080,123,3,0.063265497
FALSE,1405338,ja,"Framed for his family's murder and left for dead, an ex-hitman will stop at nothing to exact revenge on the masked ""demons"" who have taken over his city.",42.7111,2/26/2025,Demon City,6.928,223,FALSE,0,"['Action', 'Crime', 'Fantasy', 'Thriller']",['JP'],"['Netflix', 'AMUSE', 'Digital Frontier']",0,106,2,
FALSE,484247,en,"Stephanie, a dedicated mother and popular vlogger, befriends Emily, a mysterious upper-class woman whose son Nicky attends the same school as Miles, Stephanie's son. When Emily asks her to pick Nicky up from school and then disappears, Stephanie undertakes an investigation that will dive deep into Emily's cloudy past.",42.5446,9/13/2018,A Simple Favor,6.638,4287,TRUE,20000000,"['Thriller', 'Crime', 'Comedy']","['CA', 'US', 'LU']","['Feigco Entertainment', 'Bron Studios']",97644617,117,1,0.3375203650637881
FALSE,597,en,"101-year-old Rose DeWitt Bukater tells the story of her life aboard the Titanic, 84 years later. A young Rose boards the ship with her mother and fiancé. Meanwhile, Jack Dawson and Fabrizio De Rossi win third-class tickets aboard the ship. Rose tells the whole story from Titanic's departure through to its death—on its first and last voyage—on April 15, 1912.",41.9884,11/18/1997,Titanic,7.905,25959,FALSE,200000000,"['Drama', 'Romance']",['US'],"['Paramount Pictures', '20th Century Fox', 'Lightstorm Entertainment']",2264162353,194,6,0.006819391
FALSE,1084199,en,"During a weekend getaway at a secluded lakeside estate, a group of friends finds themselves entangled in a web of secrets, deception, and advanced technology. As tensions rise and loyalties are tested, they uncover unsettling truths about themselves and the world around them.",41.7638,1/22/2025,Companion,7.075,1228,FALSE,10000000,"['Horror', 'Science Fiction', 'Thriller']",['US'],"['BoulderLight Pictures', 'New Line Cinema', 'Vertigo Entertainment', 'Subconscious', 'Domain Entertainment']",36709101,97,5,0.10489136615561799
FALSE,1297763,ja,"The Batman family has returned to the present to discover that Japan has disappeared, and a giant island - Hinomoto - is now in the sky over Gotham City.  At the top sit the Yakuza, a group of superpowered individuals who reign without honor or humanity and look suspiciously like the Justice League. Now, it’s up to Batman and his allies to save Gotham!",41.742,3/17/2025,Batman Ninja vs. Yakuza League,6.6,151,TRUE,0,"['Animation', 'Action']",['US'],"['Kamikaze Douga', 'Warner Bros. Japan', 'DC', 'Warner Bros. Animation']",0,90,2,0.14402262987012987
FALSE,28966,en,"Two young men, one rich, one middle class, both in love with the same woman, become US Air Corps fighter pilots and, eventually, heroic flying aces during World War I. Devoted best friends, their mutual love of the girl eventually threatens their bond. Meanwhile, a hometown girl who's the lovestruck lifelong next door neighbor of one of them pines away.",41.195,8/12/1927,Wings,7.2,285,FALSE,2000000,"['Drama', 'Action', 'War', 'Romance']",['US'],['Paramount Famous Lasky Corporation'],3600000,144,1,0.4156986175953436
FALSE,1208808,es,"A young nurse with a domestic abuse past starts working the night shift at a small hospital, where, during the night, the ghost of a nurse materializes.",40.8119,12/5/2024,Turno nocturno,6.23,137,FALSE,0,['Horror'],['MX'],"['Sony Pictures International Productions', 'EFICINE 189']",0,107,1,
FALSE,2108,en,"Five high school students from different walks of life endure a Saturday detention under a power-hungry principal. The disparate group includes rebel John, princess Claire, outcast Allison, brainy Brian and Andrew, the jock. Each has a chance to tell his or her story, making the others see them a little differently -- and when the day ends, they question whether school will ever be the same.",40.4104,2/15/1985,The Breakfast Club,7.735,8138,FALSE,1000000,"['Comedy', 'Drama']",['US'],"['Universal Pictures', 'A&M Films', 'Channel Productions']",51525171,98,1,0.003234241
FALSE,502356,en,"While working underground to fix a water main, Brooklyn plumbers—and brothers—Mario and Luigi are transported down a mysterious pipe and wander into a magical new world. But when the brothers are separated, Mario embarks on an epic quest to find Luigi.",40.2522,4/5/2023,The Super Mario Bros. Movie,7.622,9654,TRUE,100000000,"['Family', 'Comedy', 'Adventure', 'Animation']",['US'],"['Universal Pictures', 'Illumination', 'Nintendo']",1362000000,93,1,0.26550017029890194
FALSE,1140535,en,"A couple and their children move into a seemingly normal suburban home. When strange events occur, they begin to believe there is something else in the house with them. The presence is about to disrupt their lives in unimaginable ways.",39.9,1/16/2025,Presence,6.014,295,FALSE,2000000,"['Horror', 'Drama', 'Thriller']",['US'],"['Extension 765', 'The Spectral Spirit Company']",10498407,84,1,-0.121405014
FALSE,1160956,zh,"International action star Jackie Chan is invited to the adoption ceremony of a rare baby panda, but after an international crime syndicate attempts to kidnap the bear, Jackie has to save the bear using his stunt work skills.",39.7624,10/1/2024,Panda Plan,6.872,188,TRUE,25000000,"['Action', 'Comedy']",['CN'],"['Emei Film Studio', 'Mandarin Motion Pictures', 'Maoyan Entertainment', 'Wishart Media']",42238170,99,4,0.11119370460048426
FALSE,1092,en,"In postwar Vienna, Austria, Holly Martins, a writer of pulp Westerns, arrives penniless as a guest of his childhood chum Harry Lime, only to learn he has died. Martins develops a conspiracy theory after learning of a ""third man"" present at the time of Harry's death, running into interference from British officer Major Calloway, and falling head-over-heels for Harry's grief-stricken lover, Anna.",39.6676,8/31/1949,The Third Man,7.9,1939,FALSE,0,"['Thriller', 'Mystery']",['GB'],['London Films Productions'],1226098,105,3,0.13070230392156862
FALSE,429200,en,"After a botched bank robbery lands his younger brother in prison, Connie Nikas embarks on a twisted odyssey through New York City's underworld to get his brother Nick out of jail.",38.8506,8/11/2017,Good Time,7.208,2886,FALSE,2000000,"['Crime', 'Thriller', 'Drama']",['US'],"['Elara Pictures', 'Rhea Films']",3283369,102,1,0.3840564004326467
FALSE,945961,en,"While scavenging the deep ends of a derelict space station, a group of young space colonizers come face to face with the most terrifying life form in the universe.",38.7786,8/13/2024,Alien: Romulus,7.203,3588,TRUE,80000000,"['Horror', 'Science Fiction']",['US'],"['20th Century Studios', 'Scott Free Productions', 'Brandywine Productions']",350865342,119,1,0.14697200822202003
FALSE,229,en,"Dr. Frankenstein and his monster both turn out to be alive, not killed as previously believed. Dr. Frankenstein wants to get out of the evil experiment business, but when a mad scientist, Dr. Pretorius, kidnaps his wife, Dr. Frankenstein agrees to help him create a new creature.",38.6201,4/20/1935,Bride of Frankenstein,7.5,1011,TRUE,393750,"['Horror', 'Science Fiction']",['US'],"['Universal Pictures', 'James Whale Productions']",2000000,75,1,-0.305231995
FALSE,1064213,en,"A young sex worker from Brooklyn gets her chance at a Cinderella story when she meets and impulsively marries the son of an oligarch. Once the news reaches Russia, her fairytale is threatened as his parents set out to get the marriage annulled.",38.5742,10/14/2024,Anora,7.043,2119,FALSE,6000000,"['Drama', 'Comedy', 'Romance']",['US'],"['Cre Film', 'FilmNation Entertainment']",56286295,139,3,0.5103443084071579
FALSE,7451,en,"Xander Cage is your standard adrenaline junkie with no fear and a lousy attitude. When the US Government ""recruits"" him to go on a mission, he's not exactly thrilled. His mission: to gather information on an organization that may just be planning the destruction of the world, led by the nihilistic Yorgi.",37.811,8/9/2002,xXx,5.942,4409,TRUE,70000000,"['Action', 'Adventure', 'Thriller', 'Crime']",['US'],"['Columbia Pictures', 'Original Film', 'Revolution Studios', 'Neal H. Moritz Productions']",277448382,124,5,-0.087453122
FALSE,419430,en,"Chris and his girlfriend Rose go upstate to visit her parents for the weekend. At first, Chris reads the family's overly accommodating behavior as nervous attempts to deal with their daughter's interracial relationship, but as the weekend progresses, a series of increasingly disturbing discoveries lead him to a truth that he never could have imagined.",37.1672,2/24/2017,Get Out,7.618,17844,FALSE,4500000,"['Mystery', 'Thriller', 'Horror']",['US'],"['Monkeypaw Productions', 'Blumhouse Productions', 'QC Entertainment']",255407969,104,1,0.2704271783350151
FALSE,300668,en,"A biologist signs up for a dangerous, secret expedition into a mysterious zone where the laws of nature don't apply.",37.1242,2/22/2018,Annihilation,6.426,8825,FALSE,40000000,"['Science Fiction', 'Horror']",['US'],"['Paramount Pictures', 'Skydance Media', 'DNA Films', 'Scott Rudin Productions']",43070915,115,1,-0.128515514
FALSE,1147416,fr,"To save the future from a terrible fate, Marinette becomes Chronobug and teams up with Bunnyx to defeat a mysterious opponent who travels through time. Who is this new supervillain, and why are they obsessed with exposing Marinette's secret superhero identity? Marinette's only hope is to defeat her new opponent to prevent the end of Ladybug and time itself!",36.8162,11/14/2024,"Miraculous World: London, At the Edge of Time",7.324,256,TRUE,0,"['Animation', 'Adventure', 'Action', 'Fantasy']",['FR'],"['Zagtoon', 'Method Animation']",0,50,1,
FALSE,1294203,en,"18-year-old Noah moves from America to London, with her mother who's recently fallen in love with William, a wealthy British businessman. Noah meets William’s son, bad-boy Nick, and soon discovers there is an attraction between them neither can avoid. As Noah spends the summer adjusting to her new life, her devastating past will catch up with her while falling in love for the first time.",36.4467,2/12/2025,My Fault: London,7.452,383,FALSE,0,"['Romance', 'Drama']",['GB'],"['42', 'Pokeepsie Films', 'Metro-Goldwyn-Mayer']",0,118,1,
FALSE,24428,en,"When an unexpected enemy emerges and threatens global safety and security, Nick Fury, director of the international peacekeeping agency known as S.H.I.E.L.D., finds himself in need of a team to pull the world back from the brink of disaster. Spanning the globe, a daring recruitment effort begins!",35.9855,4/25/2012,The Avengers,7.744,31720,TRUE,220000000,"['Science Fiction', 'Action', 'Adventure']",['US'],['Marvel Studios'],1518815515,143,3,-0.210912119
FALSE,845781,en,"After Santa Claus (codename: Red One) is kidnapped, the North Pole's Head of Security must team up with the world's most infamous tracker in a globe-trotting, action-packed mission to save Christmas.",35.9366,10/31/2024,Red One,7.051,2486,FALSE,250000000,"['Action', 'Comedy', 'Fantasy']",['US'],"['Seven Bucks Productions', 'The Detective Agency', 'Chris Morgan Productions', 'Metro-Goldwyn-Mayer']",185700759,124,1,0.14928618173023567
FALSE,671,en,"Harry Potter has lived under the stairs at his aunt and uncle's house his whole life. But on his 11th birthday, he learns he's a powerful wizard—with a place waiting for him at the Hogwarts School of Witchcraft and Wizardry. As he learns to harness his newfound powers with the help of the school's kindly headmaster, Harry uncovers the truth about his parents' deaths—and about the villain who's to blame.",35.7816,11/16/2001,Harry Potter and the Philosopher's Stone,7.902,28171,TRUE,125000000,"['Adventure', 'Fantasy']",['GB'],"['Warner Bros. Pictures', 'Heyday Films', '1492 Pictures']",976475550,152,1,-0.003951282
FALSE,829557,pl,"Laura and Massimo are back and hotter than ever. But the reunited couple's new beginning is complicated by Massimo’s family ties and a mysterious man who enters Laura’s life to win her heart and trust, at any cost.",35.5817,4/26/2022,365 Days: This Day,5.898,1703,TRUE,0,"['Romance', 'Drama']",['PL'],"['Ekipa', 'Open Mind Production']",0,111,5,-0.061816667
FALSE,385687,en,"Over many missions and against impossible odds, Dom Toretto and his family have outsmarted, out-nerved and outdriven every foe in their path. Now, they confront the most lethal opponent they've ever faced: A terrifying threat emerging from the shadows of the past who's fueled by blood revenge, and who is determined to shatter this family and destroy everything—and everyone—that Dom loves, forever.",35.543,5/17/2023,Fast X,7.042,5876,TRUE,340000000,"['Action', 'Crime', 'Thriller', 'Adventure', 'Mystery']",['US'],"['Universal Pictures', 'Original Film', 'One Race', 'Perfect Storm Entertainment']",704709660,142,2,-0.291730469
FALSE,370172,en,"Bond has left active service and is enjoying a tranquil life in Jamaica. His peace is short-lived when his old friend Felix Leiter from the CIA turns up asking for help. The mission to rescue a kidnapped scientist turns out to be far more treacherous than expected, leading Bond onto the trail of a mysterious villain armed with dangerous new technology.",35.3187,9/29/2021,No Time to Die,7.366,6503,TRUE,250000000,"['Action', 'Thriller', 'Adventure']",['GB'],"['EON Productions', 'Metro-Goldwyn-Mayer']",774153024,163,5,-0.257542432
FALSE,334541,en,"After his older brother passes away, Lee Chandler is forced to return home to care for his 16-year-old nephew. There he is compelled to deal with a tragic past that separated him from his family and the community where he was born and raised.",35.0492,11/17/2016,Manchester by the Sea,7.546,5984,FALSE,9000000,['Drama'],['US'],"['Pearl Street Films', 'K Period Media', 'B Story', 'The Affleck/Middleton Project', 'The Media Farm', 'Big Indie Pictures']",79000000,138,1,0.19209071752626547
FALSE,345940,en,"A deep sea submersible pilot revisits his past fears in the Mariana Trench, and accidentally unleashes the seventy foot ancestor of the Great White Shark believed to be extinct.",34.987,8/9/2018,The Meg,6.248,7792,TRUE,150000000,"['Action', 'Science Fiction', 'Horror']",['US'],"['Apelles Entertainment', 'Gravity Pictures', 'di Bonaventura Pictures', 'Flagship Entertainment Group', 'Maeday Productions', 'Warner Bros. Pictures']",530517320,113,4,-0.026989198
FALSE,263115,en,"In the near future, a weary Logan cares for an ailing Professor X in a hideout on the Mexican border. But Logan's attempts to hide from the world and his legacy are upended when a young mutant arrives, pursued by dark forces.",34.9745,2/28/2017,Logan,7.82,19588,TRUE,97000000,"['Action', 'Drama', 'Science Fiction']",['US'],"['Hutch Parker Entertainment', ""The Donners' Company"", 'Genre Films', '20th Century Fox', 'Marvel Entertainment', 'TSG Entertainment']",619021436,137,2,0.30324777913422096
FALSE,774370,en,"When a faithful police dog and his human police officer owner are injured together on the job, a harebrained but life-saving surgery fuses the two of them together and Dog Man is born. Dog Man is sworn to protect and serve—and fetch, sit and roll over. As Dog Man embraces his new identity and strives to impress his Chief, he must stop the pretty evil plots of feline supervillain Petey the Cat.",34.8629,1/24/2025,Dog Man,7.8,233,FALSE,40000000,"['Family', 'Comedy', 'Adventure', 'Animation']",['US'],['DreamWorks Animation'],134251500,89,1,-0.153492269
FALSE,453395,en,"Doctor Strange, with the help of mystical allies both old and new, traverses the mind-bending and dangerous alternate realities of the Multiverse to confront a mysterious new adversary.",34.7358,5/4/2022,Doctor Strange in the Multiverse of Madness,7.261,9508,TRUE,200000000,"['Fantasy', 'Action', 'Adventure']",['US'],"['Marvel Studios', 'Kevin Feige Productions']",955775804,126,3,-0.20089985
FALSE,369192,en,The true story of the 1973 tennis match between world number one Billie Jean King and ex-champ and serial hustler Bobby Riggs.,33.2056,9/22/2017,Battle of the Sexes,6.8,1875,FALSE,25000000,"['Drama', 'Comedy', 'History']","['GB', 'US']","['Fox Searchlight Pictures', 'Decibel Films', 'Cloud Eight Films', 'Ingenious Media']",12638526,121,1,0.13720688583578675
FALSE,808,en,"It ain't easy bein' green -- especially if you're a likable (albeit smelly) ogre named Shrek. On a mission to retrieve a gorgeous princess from the clutches of a fire-breathing dragon, Shrek teams up with an unlikely compatriot -- a wisecracking donkey.",32.9162,5/18/2001,Shrek,7.75,17649,TRUE,60000000,"['Animation', 'Comedy', 'Fantasy', 'Adventure', 'Family']",['US'],"['Pacific Data Images', 'DreamWorks Animation', 'DreamWorks Pictures']",488628188,90,1,0.015376118394914578
FALSE,1834,en,"After being hired to find an ex-con's former girlfriend, Philip Marlowe is drawn into a deeply complex web of mystery and deceit.",32.7956,12/14/1944,"Murder, My Sweet",7.223,233,FALSE,0,"['Mystery', 'Drama']",['US'],['RKO Radio Pictures'],0,95,1,0.2531446808510639
FALSE,315837,en,"In the near future, Major is the first of her kind: a human saved from a terrible crash, then cyber-enhanced to be a perfect soldier devoted to stopping the world's most dangerous criminals.",32.5216,3/29/2017,Ghost in the Shell,6.09,8141,FALSE,110000000,"['Science Fiction', 'Drama', 'Action']",['US'],"['Weying Galaxy Entertainment', 'Paramount Pictures', 'Shanghai Film Group', 'Reliance Entertainment', 'Grosvenor Park Productions', 'Steven Paul Production', 'Huahua Media', 'Seaside Entertainment', 'DreamWorks Pictures', 'Arad Productions']",169801921,107,2,-0.228071863
FALSE,1035048,en,A single father and two women venture from the safety of their homes to face monstrous creatures to save the life of a young boy.,32.4725,11/7/2024,Elevation,6.496,697,FALSE,18000000,"['Action', 'Science Fiction', 'Thriller']",['US'],"['Lyrical Media', 'Fuller Media', 'Inspire Entertainment', 'Grinder Monkey', 'John Glenn Entertainment']",3300000,91,1,0.1669354738154614
FALSE,1118031,es,"When a kind of rabies that transforms people into aggressive creatures spreads across the planet, Manel isolates himself at home with his cat, relying on his wits to survive; but soon they must go out in search of food, by land and by sea, dodging many dangers.",32.216,10/4/2024,Apocalypse Z: The Beginning of the End,6.717,1052,FALSE,0,"['Drama', 'Action', 'Horror']",['ES'],['Nostromo Pictures'],500000,119,8,
FALSE,573435,en,"After their late former Captain is framed, Lowrey and Burnett try to clear his name, only to end up on the run themselves.",31.7275,6/5/2024,Bad Boys: Ride or Die,7.383,2872,TRUE,100000000,"['Action', 'Comedy', 'Crime', 'Thriller', 'Adventure']",['US'],"['Westbrook', 'Columbia Pictures', 'Don Simpson/Jerry Bruckheimer Films', '2.0 Entertainment']",404547819,115,1,-0.094835539
FALSE,377,en,"Teenagers in a small town are dropping like flies, apparently in the grip of mass hysteria causing their suicides. A cop's daughter, Nancy Thompson, traces the cause to child molester Fred Krueger, who was burned alive by angry parents many years before. Krueger has now come back in the dreams of his killers' children, claiming their lives as his revenge. Nancy and her boyfriend, Glen, must devise a plan to lure the monster out of the realm of nightmares and into the real world...",31.6082,11/9/1984,A Nightmare on Elm Street,7.333,5299,TRUE,1800000,['Horror'],['US'],"['New Line Cinema', 'Smart Egg Pictures', 'Media Home Entertainment', 'Cinema 84', 'The Elm Street Venture']",57004513,91,1,-0.229162512
FALSE,411,en,"Siblings Lucy, Edmund, Susan and Peter step through a magical wardrobe and find the land of Narnia. There, they discover a charming, once peaceful kingdom that has been plunged into eternal winter by the evil White Witch, Jadis. Aided by the wise and magnificent lion, Aslan, the children lead Narnia into a spectacular, climactic battle to be free of the Witch's glacial powers forever.",31.3516,12/7/2005,"The Chronicles of Narnia: The Lion, the Witch and the Wardrobe",7.133,10905,TRUE,180000000,"['Adventure', 'Family', 'Fantasy']","['GB', 'US']","['Walt Disney Pictures', 'Walden Media', 'C.S. Lewis Company']",745013115,143,2,0.45723800000000003
FALSE,840430,en,"A curmudgeonly instructor at a New England prep school is forced to remain on campus during Christmas break to babysit the handful of students with nowhere to go. Eventually, he forms an unlikely bond with one of them — a damaged, brainy troublemaker — and with the school’s head cook, who has just lost a son in Vietnam.",30.7961,10/27/2023,The Holdovers,7.681,1988,FALSE,13000000,"['Comedy', 'Drama']",['US'],"['Miramax', 'Gran Via Productions']",42513270,133,1,0.20592227194905838
FALSE,181812,en,"The surviving Resistance faces the First Order once again as the journey of Rey, Finn and Poe Dameron continues. With the power and knowledge of generations behind them, the final battle begins.",30.4913,12/18/2019,Star Wars: The Rise of Skywalker,6.298,10166,TRUE,416000000,"['Adventure', 'Action', 'Science Fiction']",['US'],"['Lucasfilm Ltd.', 'Bad Robot']",1074144248,142,1,-0.309515994
FALSE,353491,en,A boy haunted by visions of a parallel world aids its disillusioned guardian in preventing the destruction of the nexus of universes known as the Dark Tower.,30.2874,8/3/2017,The Dark Tower,5.769,5215,FALSE,60000000,"['Fantasy', 'Action', 'Science Fiction']",['US'],"['Columbia Pictures', 'MRC', 'Imagine Entertainment', 'Weed Road Pictures']",113231078,95,1,0.05841929
FALSE,1895,en,The evil Darth Sidious enacts his final plan for unlimited power – and the heroic Jedi Anakin Skywalker must choose a side.,30.2364,5/17/2005,Star Wars: Episode III - Revenge of the Sith,7.44,14074,TRUE,113000000,"['Adventure', 'Action', 'Science Fiction']",['US'],['Lucasfilm Ltd.'],850000000,140,1,-0.458189479
FALSE,592695,sv,"19 year old Linnéa leaves her small town in Sweden and heads for Los Angeles with the aim of becoming the world's next big porn star, but the road to her goal turns out to be bumpier than she imagined.",30.226,10/8/2021,Pleasure,6.293,646,FALSE,1800000,['Drama'],['SE'],"['Film i Väst', 'Flamboyance Films', 'Lemming Film', 'Plattform Produktion', 'SVT', 'Logical Pictures', 'Grand Slam Film Production', 'SF Studios']",393824,108,2,0.2707618163609451
FALSE,1357633,ja,"Over a decade after 'gates' connecting worlds appeared, awakening 'hunters' with superpowers, weakest hunter Sung Jinwoo encounters a double dungeon and accepts a mysterious quest, becoming the only one able to level up, changing his fate. A catch-up recap of the first season coupled with an exclusive sneak peek of the first two episodes of the highly anticipated second season in one momentous theatrical fan experience.",30.1642,11/26/2024,Solo Leveling -ReAwakening-,7.076,197,FALSE,0,"['Action', 'Adventure', 'Fantasy', 'Animation']",['JP'],"['Aniplex', 'A-1 Pictures']",6331827,116,1,
FALSE,634649,en,"Peter Parker is unmasked and no longer able to separate his normal life from the high-stakes of being a super-hero. When he asks for help from Doctor Strange the stakes become even more dangerous, forcing him to discover what it truly means to be Spider-Man.",30.0081,12/15/2021,Spider-Man: No Way Home,7.9,20728,TRUE,200000000,"['Action', 'Adventure', 'Science Fiction']",['US'],"['Marvel Studios', 'Pascal Pictures', 'Columbia Pictures']",1921847111,148,2,
FALSE,980477,zh,"Following the Tribulation, although the souls of Ne Zha and Ao Bing were preserved, their physical bodies will soon be destroyed. Tai Yi Zhen Ren plans to use the Seven Colored Lotus to reshape their physical forms, but encounters numerous difficulties. What will become of Ne Zha and Ao Bing?",29.9604,1/29/2025,Ne Zha 2,7.9,163,TRUE,80000000,"['Animation', 'Fantasy', 'Adventure']",['CN'],"['Chengdu Coco Cartoon', 'Beijing Enlight Pictures', 'Chengdu Enlight Animation', 'Coloroom Pictures']",2150000000,144,1,0.2296556408086507
FALSE,1249289,en,"Two married spies caught in the crosshairs of an international intelligence network will stop at nothing to obtain a critical asset. Joe and Lara are agents living off the grid whose quiet retreat at a winter resort is blown to shreds when members of the old guard suspect the two may have joined an elite team of rogue spies, known as Alarum.",29.811,1/16/2025,Alarum,5.8,267,FALSE,20000000,"['Action', 'Crime', 'Thriller']",['US'],"['BondIt Media Capital', 'Buffalo 8 Productions', 'Convergence Entertainment', 'Highland Film Group', 'Signature Entertainment', 'Dream Team Films', 'Grindstone Entertainment Group', 'Taurus Film', 'Lionsgate']",0,95,1,-0.397138462
FALSE,395834,en,An FBI agent teams with the town's veteran game tracker to investigate a murder that occurred on a Native American reservation.,29.2622,8/3/2017,Wind River,7.436,5361,TRUE,11000000,"['Crime', 'Mystery', 'Thriller']",['US'],"['Savvy Media Holdings', 'Thunder Road', 'Film 44', 'Acacia Filmed Entertainment', 'Riverstone Pictures', 'Voltage Pictures', 'Synergics Films', 'Star Thrower Entertainment', 'Tunica-Biloxi Tribe of Louisiana', 'The Fyzz', 'Wild Bunch']",44998252,107,1,0.17190427848908735
FALSE,293660,en,"The origin story of former Special Forces operative turned mercenary Wade Wilson, who, after being subjected to a rogue experiment that leaves him with accelerated healing powers, adopts the alter ego Deadpool. Armed with his new abilities and a dark, twisted sense of humor, Deadpool hunts down the man who nearly destroyed his life.",29.1839,2/9/2016,Deadpool,7.622,31561,TRUE,58000000,"['Action', 'Adventure', 'Comedy']",['US'],"['20th Century Fox', ""The Donners' Company"", 'Genre Films', 'Marvel Entertainment']",782837347,108,1,-0.004318463
FALSE,862,en,"Led by Woody, Andy's toys live happily in his room until Andy's birthday brings Buzz Lightyear onto the scene. Afraid of losing his place in Andy's heart, Woody plots against Buzz. But when circumstances separate Buzz and Woody from their owner, the duo eventually learns to put aside their differences.",29.0222,11/22/1995,Toy Story,7.968,18799,TRUE,30000000,"['Animation', 'Adventure', 'Family', 'Comedy']",['US'],['Pixar'],394436586,81,1,0.098550746
FALSE,311324,en,European mercenaries searching for black powder become embroiled in the defense of the Great Wall of China against a horde of monstrous creatures.,28.9784,12/16/2016,The Great Wall,6.034,5242,FALSE,150000000,"['Action', 'Adventure', 'Fantasy']",['US'],"['Legendary East', 'Universal Pictures', 'Atlas Entertainment', 'Le Vision Pictures', 'Kava Productions', 'China Film Group Corporation', 'dentsu', 'Fuji Television Network', 'Legendary Pictures', 'Taurus Film']",331957105,103,4,0.46840596222834946
FALSE,48650,es,"A hotel room in the center of Rome serves as the setting for Alba and Natasha, two sexy and recently acquainted women, to have a physical adventure that touches their very souls.",28.7615,5/7/2010,Room in Rome,6.4,765,FALSE,0,"['Drama', 'Romance']",['ES'],"['Morena Films', 'Alicia Produce', 'Intervenciones Novo Film 2006, A.I.E.', 'Wild Bunch']",844281,109,5,0.7821999999999999
FALSE,353081,en,"When an IMF mission ends badly, the world is faced with dire consequences. As Ethan Hunt takes it upon himself to fulfill his original briefing, the CIA begin to question his loyalty and his motives. The IMF team find themselves in a race against time, hunted by assassins while trying to prevent a global catastrophe.",28.6615,7/13/2018,Mission: Impossible - Fallout,7.4,8460,TRUE,178000000,"['Action', 'Adventure']",['US'],"['Paramount Pictures', 'Bad Robot', 'Skydance Media', 'TC Productions']",791658205,147,2,0.13487607712337593
FALSE,402431,en,"In the land of Oz, ostracized and misunderstood green-skinned Elphaba is forced to share a room with the popular aristocrat Glinda at Shiz University, and the two's unlikely friendship is tested as they begin to fulfill their respective destinies as Glinda the Good and the Wicked Witch of the West.",28.612,11/20/2024,Wicked,6.937,2099,TRUE,150000000,"['Drama', 'Romance', 'Fantasy']",['US'],"['Universal Pictures', 'Marc Platt Productions']",751736617,162,1,0.1768624260572436
FALSE,198663,en,"Set in a post-apocalyptic world, young Thomas is deposited in a community of boys after his memory is erased, soon learning they're all trapped in a maze that will require him to join forces with fellow “runners” for a shot at escape.",28.5091,9/10/2014,The Maze Runner,7.19,17321,TRUE,34000000,"['Action', 'Mystery', 'Science Fiction', 'Thriller']","['US', 'GB']","['Ingenious Media', 'The Gotham Group', 'Dayday Films', 'Temple Hill Entertainment', 'TSG Entertainment', '20th Century Fox']",348319861,113,1,0.23017202625102542
FALSE,1100782,en,"About to embark on a new world tour, global pop sensation Skye Riley begins experiencing increasingly terrifying and inexplicable events. Overwhelmed by the escalating horrors and the pressures of fame, Skye is forced to face her dark past to regain control of her life before it spirals out of control.",28.4293,10/16/2024,Smile 2,6.592,1507,TRUE,28000000,"['Horror', 'Mystery']",['US'],"['Paramount Pictures', 'Temple Hill Entertainment', 'Bad Feeling']",138083280,127,1,0.071173457
FALSE,672,en,"Cars fly, trees fight back, and a mysterious house-elf comes to warn Harry Potter at the start of his second year at Hogwarts. Adventure and danger await when bloody writing on a wall announces: The Chamber Of Secrets Has Been Opened. To save Hogwarts will require all of Harry, Ron and Hermione’s magical abilities and courage.",28.4272,11/13/2002,Harry Potter and the Chamber of Secrets,7.708,22499,TRUE,100000000,"['Adventure', 'Fantasy']",['GB'],"['Warner Bros. Pictures', 'Heyday Films', '1492 Pictures', 'MIRACLE Productions']",876688482,161,1,0.1115740917107583
FALSE,384018,en,"Ever since US Diplomatic Security Service Agent Hobbs and lawless outcast Shaw first faced off, they just have traded smack talk and body blows. But when cyber-genetically enhanced anarchist Brixton's ruthless actions threaten the future of humanity, they join forces to defeat him.",28.4224,8/1/2019,Fast & Furious Presents: Hobbs & Shaw,6.846,7364,FALSE,200000000,"['Action', 'Adventure', 'Comedy']",['US'],"['Chris Morgan Productions', 'Seven Bucks Productions', 'Universal Pictures']",760098996,137,3,-0.189827304
FALSE,14836,en,"Wandering her rambling old house in her boring new town, 11-year-old Coraline discovers a hidden door to a strangely idealized version of her life. In order to stay in the fantasy, she must make a frighteningly real sacrifice.",28.3809,2/5/2009,Coraline,7.892,8363,FALSE,60000000,"['Animation', 'Family', 'Fantasy']",['US'],"['Laika', 'Pandemonium', 'Pandemonium']",185860104,100,2,0.21672671964903165
FALSE,926670,en,"Henry Hart meets a superfan—eager to fight crime with Kid Danger—who comes into possession of a device that can open up alternate realities. Facing a wild ride, Henry will need his best friend Jasper and his new superfan sidekick to find his way out or be stuck in another dimension forever.",28.0092,1/17/2025,Henry Danger: The Movie,7.781,203,FALSE,0,"['Action', 'Comedy', 'Family', 'Science Fiction']",['US'],"['Yes, Yes Coffee.', 'Nickelodeon Productions']",0,86,2,0.31035
FALSE,603692,en,"With the price on his head ever increasing, John Wick uncovers a path to defeating The High Table. But before he can earn his freedom, Wick must face off against a new enemy with powerful alliances across the globe and forces that turn old friends into foes.",27.9608,3/22/2023,John Wick: Chapter 4,7.724,7036,TRUE,100000000,"['Action', 'Thriller', 'Crime']",['US'],"['Thunder Road', '87Eleven', 'Studio Babelsberg', 'Lionsgate']",440157245,170,9,-0.019641412
FALSE,346698,en,"Barbie and Ken are having the time of their lives in the colorful and seemingly perfect world of Barbie Land. However, when they get a chance to go to the real world, they soon discover the joys and perils of living among humans.",27.8362,7/19/2023,Barbie,6.975,9846,FALSE,145000000,"['Comedy', 'Adventure']",['US'],"['LuckyChap Entertainment', 'Heyday Films', 'NB/GG Pictures', 'Mattel', 'Warner Bros. Pictures']",1445638421,114,1,0.15571426944059313
FALSE,106,en,A team of elite commandos on a secret mission in a Central American jungle come to find themselves hunted by an extraterrestrial warrior.,27.2017,6/12/1987,Predator,7.533,8340,TRUE,15000000,"['Science Fiction', 'Action', 'Adventure', 'Thriller']",['US'],"['20th Century Fox', 'Lawrence Gordon Productions', 'Silver Pictures', 'Davis Entertainment', 'Amercent Films', 'American Entertainment Partners L.P.']",98267558,107,2,-0.113500497
FALSE,557,en,"After being bitten by a genetically altered spider at Oscorp, nerdy but endearing high school student Peter Parker is endowed with amazing powers to become the superhero known as Spider-Man.",27.1213,5/1/2002,Spider-Man,7.309,19572,TRUE,139000000,"['Action', 'Science Fiction']",['US'],"['Marvel Enterprises', 'Laura Ziskin Productions', 'Columbia Pictures']",821708551,121,1,0.16786258867834467
FALSE,1233575,en,"When intelligence agent Kathryn Woodhouse is suspected of betraying the nation, her husband – also a legendary agent – faces the ultimate test of whether to be loyal to his marriage, or his country.",27.0095,3/12/2025,Black Bag,6.4,464,FALSE,50000000,"['Thriller', 'Mystery', 'Drama']",['US'],['Casey Silver Productions'],34985600,94,1,0.21311245327102799
FALSE,76600,en,"Set more than a decade after the events of the first film, learn the story of the Sully family (Jake, Neytiri, and their kids), the trouble that follows them, the lengths they go to keep each other safe, the battles they fight to stay alive, and the tragedies they endure.",26.7291,12/14/2022,Avatar: The Way of Water,7.611,12519,TRUE,460000000,"['Science Fiction', 'Adventure', 'Action']",['US'],"['20th Century Studios', 'Lightstorm Entertainment']",2320250281,192,1,0.051623242135393974
FALSE,438631,en,"Paul Atreides, a brilliant and gifted young man born into a great destiny beyond his understanding, must travel to the most dangerous planet in the universe to ensure the future of his family and his people. As malevolent forces explode into conflict over the planet's exclusive supply of the most precious resource in existence-a commodity capable of unlocking humanity's greatest potential-only those who can conquer their fear will survive.",26.4994,9/15/2021,Dune,7.783,13496,TRUE,165000000,"['Science Fiction', 'Adventure']",['US'],['Legendary Pictures'],407573628,155,2,0.25565569295558965
FALSE,426063,en,"A gothic tale of obsession between a haunted young woman and the terrifying vampire infatuated with her, causing untold horror in its wake.",26.4816,12/25/2024,Nosferatu,6.705,2604,FALSE,50000000,"['Horror', 'Fantasy']",['US'],"['Focus Features', 'Studio 8', 'Maiden Voyage Pictures', 'Birch Hill Road Entertainment']",180928503,133,5,0.070617626
FALSE,402,en,"Catherine, a novelist with an insatiable sexual appetite, becomes a prime suspect when her boyfriend is brutally murdered -- a crime she had described in her latest story.",26.4251,3/20/1992,Basic Instinct,6.933,4024,TRUE,49000000,"['Thriller', 'Mystery']",['US'],"['Carolco Pictures', 'Le Studio Canal+']",352927224,128,1,-0.023502079
FALSE,340666,en,"Susan Morrow receives a book manuscript from her ex-husband – a man she left 20 years earlier – asking for her opinion of his writing. As she reads, she is drawn into the fictional life of Tony Hastings, a mathematics professor whose family vacation turns violent.",26.2893,11/4/2016,Nocturnal Animals,7.423,7925,FALSE,22500000,"['Drama', 'Thriller']",['US'],"['Fade to Black', 'Artina Films', 'Focus Features', 'Perfect World Pictures']",29300000,117,1,0.4122014930525589
FALSE,10925,en,"When foreman Frank shows new employee Freddy a secret military experiment in a supply warehouse in Louisville, Kentucky, the two klutzes accidentally release a gas that reanimates corpses into flesh-eating zombies. As the epidemic spreads throughout the town, and the creatures satisfy their hunger in gory and outlandish ways, Frank and Freddy fight to survive with the help of their boss and a mysterious mortician.",26.1564,4/25/1985,The Return of the Living Dead,7.2,2128,TRUE,4000000,"['Horror', 'Comedy', 'Science Fiction']",['US'],"['Hemdale Film Corporation', 'Fox Films Ltd.', 'Cinema 84', 'Orion Pictures']",14241310,91,1,-0.224794302
FALSE,281338,en,"Caesar and his apes are forced into a deadly conflict with an army of humans led by a ruthless Colonel. After the apes suffer unimaginable losses, Caesar wrestles with his darker instincts and begins his own mythic quest to avenge his kind. As the journey finally brings them face to face, Caesar and the Colonel are pitted against each other in an epic battle that will determine the fate of both their species and the future of the planet.",26.0394,7/11/2017,War for the Planet of the Apes,7.206,9225,TRUE,150000000,"['Drama', 'Science Fiction', 'War']",['US'],"['20th Century Fox', 'TSG Entertainment', 'Chernin Entertainment']",490719763,140,1,-0.18876553
FALSE,220882,en,"Clairvoyant femme fatale, Nicola Six has been living with a dark premonition of her impending death by murder. She begins a tangled love affair with three uniquely different men — one of whom she knows will be her murderer.",25.8945,9/20/2018,London Fields,5.1,271,FALSE,8000000,"['Crime', 'Thriller']","['US', 'GB']","['Muse Productions', 'Periscope Entertainment', 'Head Gear Films', 'Curiously Bright Entertainment', 'Living the Dream Films', 'MindSky Entertainment', 'Vedette Finance', 'Tartan Films', '20th Century Fox']",487420,118,2,-0.134590901
FALSE,839033,en,"A sudden attack by Wulf, a clever and traitorous lord of Rohan seeking vengeance for the death of his father, forces Helm Hammerhand, the King of Rohan, and his people to make a daring last stand in the ancient stronghold of the Hornburg.",25.8256,12/5/2024,The Lord of the Rings: The War of the Rohirrim,6.7,573,FALSE,30000000,"['Animation', 'Fantasy', 'Adventure', 'Action']",['US'],"['New Line Cinema', 'Warner Bros. Animation', 'Sola Entertainment', 'Middle-earth Enterprises', 'WingNut Films', 'Domain Entertainment']",20658572,134,1,-0.085224794
FALSE,464052,en,A botched store robbery places Wonder Woman in a global battle against a powerful and mysterious ancient force that puts her powers in jeopardy.,25.7228,12/16/2020,Wonder Woman 1984,6.412,8602,TRUE,200000000,"['Action', 'Adventure', 'Fantasy']",['US'],"['Warner Bros. Pictures', 'The Stone Quarry', 'DC Films', 'Atlas Entertainment']",169601036,151,1,0.034241381
FALSE,673,en,"Year three at Hogwarts means new fun and challenges as Harry learns the delicate art of approaching a Hippogriff, transforming shape-shifting Boggarts into hilarity and even turning back time. But the term also brings danger: soul-sucking Dementors hover over the school, an ally of the accursed He-Who-Cannot-Be-Named lurks within the castle walls, and fearsome wizard Sirius Black escapes Azkaban. And Harry will confront them all.",25.7136,5/31/2004,Harry Potter and the Prisoner of Azkaban,8.012,22078,TRUE,130000000,"['Adventure', 'Fantasy']",['GB'],"['Warner Bros. Pictures', '1492 Pictures', 'Heyday Films', 'P of A Productions Limited']",789804554,141,1,0.024171951
FALSE,1034541,en,"Five years after surviving Art the Clown's Halloween massacre, Sienna and Jonathan are still struggling to rebuild their shattered lives. As the holiday season approaches, they try to embrace the Christmas spirit and leave the horrors of the past behind. But just when they think they're safe, Art returns, determined to turn their holiday cheer into a new nightmare. The festive season quickly unravels as Art unleashes his twisted brand of terror, proving that no holiday is safe.",25.6717,10/9/2024,Terrifier 3,6.85,1574,TRUE,2000000,"['Horror', 'Thriller']",['US'],"['Cineverse', 'Bloody Disgusting', 'Dark Age Cinema', 'Fuzz on the Lens Productions', 'The Coven']",90322103,125,1,-0.011022456
FALSE,993710,en,"Fifteen years after vanishing from the CIA to start a family, elite spies Matt and Emily jump back into the world of espionage when their cover is blown.",25.5637,1/15/2025,Back in Action,6.452,1202,FALSE,0,"['Action', 'Comedy']",['US'],"['Chernin Entertainment', 'Exhibit A', 'Good One']",0,114,2,0.24625979960985997
FALSE,458156,en,"Super-assassin John Wick returns with a $14 million price tag on his head and an army of bounty-hunting killers on his trail. After killing a member of the shadowy international assassin’s guild, the High Table, John Wick is excommunicado, but the world’s most ruthless hit men and women await his every turn.",25.5563,5/15/2019,John Wick: Chapter 3 - Parabellum,7.443,10945,TRUE,55000000,"['Action', 'Thriller', 'Crime']",['US'],"['Thunder Road', 'Lionsgate', '87Eleven']",326709727,131,8,-0.086915283
FALSE,1097549,en,A high-powered CEO puts her career and family on the line when she begins a torrid affair with her much younger intern.,25.5203,12/25/2024,Babygirl,5.773,690,FALSE,20000000,['Drama'],['US'],"['A24', '2AM', 'Man Up Film']",60934894,115,1,0.13400690936690302
FALSE,235,en,"After learning that a boy their age has been accidentally killed near their rural homes, four Oregon boys decide to go see the body. On the way, Gordie,  Vern, Chris and Teddy encounter a mean junk man and a marsh full of leeches, as they also learn more about one another and their very different home lives. Just a lark at first, the boys' adventure evolves into a defining event in their lives.",25.4577,8/8/1986,Stand by Me,7.855,6053,FALSE,8000000,"['Crime', 'Drama']",['US'],"['Columbia Pictures', 'Act III Productions']",52300000,89,1,-0.068216269
FALSE,9532,en,"After a teenager has a terrifying vision of him and his friends dying in a plane crash, he prevents the accident only to have Death hunt them down, one by one.",25.4436,3/17/2000,Final Destination,6.611,5849,TRUE,23000000,['Horror'],['US'],"['Hard Eight Pictures', 'New Line Cinema', 'Zide-Perry Productions']",112880294,98,2,0.10729800675820184
FALSE,575264,en,"Ethan Hunt and his IMF team embark on their most dangerous mission yet: To track down a terrifying new weapon that threatens all of humanity before it falls into the wrong hands. With control of the future and the world's fate at stake and dark forces from Ethan's past closing in, a deadly race around the globe begins. Confronted by a mysterious, all-powerful enemy, Ethan must consider that nothing can matter more than his mission—not even the lives of those he cares about most.",25.4303,7/8/2023,Mission: Impossible - Dead Reckoning Part One,7.5,4176,TRUE,291000000,"['Action', 'Adventure']",['US'],"['Paramount Pictures', 'Skydance Media', 'TC Productions']",567535383,164,4,-0.067454555
FALSE,333339,en,"When the creator of a popular video game system dies, a virtual contest is created to compete for his fortune.",25.3442,3/28/2018,Ready Player One,7.59,15970,TRUE,175000000,"['Adventure', 'Action', 'Science Fiction']",['US'],"['Amblin Entertainment', 'Warner Bros. Pictures', 'Village Roadshow Pictures', 'De Line Pictures', 'Dune Entertainment']",607274134,140,1,0.2009210498443684
FALSE,250538,en,"A young refugee of the Sudanese Civil War who wins a lottery for relocation to the United States with three other lost boys. Encountering the modern world for the first time, they develop an unlikely friendship with a brash American woman assigned to help them, but the young man struggles to adjust to this new life and his feelings of guilt about the brother he left behind.",25.3238,9/10/2014,The Good Lie,7.3,497,FALSE,20000000,['Drama'],['US'],"['Alcon Entertainment', 'Black Label Media', 'Blue Sky Africa', 'Reliance Entertainment', 'Warner Bros. Pictures', 'Summit Entertainment', 'Imagine Entertainment']",3396345,110,1,0.9457
FALSE,337401,en,"When the Emperor of China issues a decree that one man per family must serve in the Imperial Chinese Army to defend the country from Huns, Hua Mulan, the eldest daughter of an honored warrior, steps in to take the place of her ailing father. She is spirited, determined and quick on her feet. Disguised as a man by the name of Hua Jun, she is tested every step of the way and must harness her innermost strength and embrace her true potential.",25.1067,9/4/2020,Mulan,6.866,6771,FALSE,200000000,"['Adventure', 'Fantasy', 'Action', 'Family']",['US'],"['Walt Disney Pictures', 'Good Fear', 'Jason T. Reed Productions']",69965374,115,1,-0.068587057
FALSE,675353,en,"After settling in Green Hills, Sonic is eager to prove he has what it takes to be a true hero. His test comes when Dr. Robotnik returns, this time with a new partner, Knuckles, in search for an emerald that has the power to destroy civilizations. Sonic teams up with his own sidekick, Tails, and together they embark on a globe-trotting journey to find the emerald before it falls into the wrong hands.",24.9677,3/30/2022,Sonic the Hedgehog 2,7.466,5482,TRUE,110000000,"['Action', 'Adventure', 'Family', 'Comedy']",['US'],"['Original Film', 'Blur Studio', 'Marza Animation Planet', 'Paramount Pictures', 'SEGA', 'SEGA of America']",405421518,123,1,0.07077613
FALSE,674,en,"When Harry Potter's name emerges from the Goblet of Fire, he becomes a competitor in a grueling battle for glory among three wizarding schools—the Triwizard Tournament. But since Harry never submitted his name for the Tournament, who did? Now Harry must confront a deadly dragon, fierce water demons and an enchanted maze only to find himself in the cruel grasp of He Who Must Not Be Named.",24.912,11/16/2005,Harry Potter and the Goblet of Fire,7.802,21151,TRUE,150000000,"['Adventure', 'Fantasy']",['GB'],"['Warner Bros. Pictures', 'Heyday Films', 'Patalex IV Productions Limited']",895921036,157,2,-0.082007045
FALSE,954,en,"When Ethan Hunt, the leader of a crack espionage team whose perilous operation has gone awry with no explanation, discovers that a mole has penetrated the CIA, he's surprised to learn that he's the prime suspect. To clear his name, Hunt now must ferret out the real double agent and, in the process, even the score.",24.8887,5/22/1996,Mission: Impossible,7,9160,TRUE,80000000,"['Adventure', 'Action', 'Thriller']",['US'],"['Paramount Pictures', 'Cruise/Wagner Productions']",457696391,110,3,-0.175240202
FALSE,19995,en,"In the 22nd century, a paraplegic Marine is dispatched to the moon Pandora on a unique mission, but becomes torn between following orders and protecting an alien civilization.",24.7774,12/15/2009,Avatar,7.589,32204,TRUE,237000000,"['Action', 'Adventure', 'Fantasy', 'Science Fiction']",['US'],"['Dune Entertainment', 'Lightstorm Entertainment', '20th Century Fox', 'Ingenious Media']",2923706026,162,2,0.14337809527462408
FALSE,1138194,en,"Two young missionaries are forced to prove their faith when they knock on the wrong door and are greeted by a diabolical Mr. Reed, becoming ensnared in his deadly game of cat-and-mouse.",24.758,10/31/2024,Heretic,7.047,1627,FALSE,10000000,"['Horror', 'Thriller']",['US'],"['A24', 'Beck/Woods', 'Shiny Penny Productions', 'CatchLight Studios']",51913394,111,1,0.1930582845783367
FALSE,187672,fr,"Arnaud Dubois may be the heir to a bank, but he prefers to call himself Mohamed. Having fallen out with his father, he turns his back on the family residence. On his travels, he meets Mustafa, who introduces him to his sister Sabrina. Having fallen in love with the attractive young woman, Arnaud decides to pass himself off as an ordinary street guy named...Mohamed.",0.011,5/1/2013,Mohamed Dubois,4.8,120,FALSE,0,['Comedy'],['FR'],"['Wild Bunch', 'Les Films Manuel Munz']",0,92,1,
FALSE,141015,es,"Mikel will marry Julia, owner of a major jewelry he inherited from his parents. During the party in announcing their commitment, Mikel meets Ari, one of the waitresses catering. The attraction that arises between them will make Mikel is interested in the world of Ari: illegal motor racing. Then, the protagonist of this story decides to leave Julia without knowing the true intentions of the person who has seduced. Ari and her boyfriend, Navas, have hatched a plan to get around Mikel jewelry made ​​with his ex-girlfriend.",0.0468,4/26/2013,Combustion,5.518,113,FALSE,0,['Action'],['ES'],"['Zeta Cinema', 'Atresmedia', 'Canal+']",0,104,1,
FALSE,187028,ar,"The drama, the story of three childhood friends and a young woman who are torn apart in their fight for freedom, is billed as the first fully-financed film to come out of the Palestinian cinema industry.",0.0492,5/21/2013,Omar,7.095,169,FALSE,0,"['Thriller', 'Drama', 'Romance']",['PS'],['ZBros'],0,96,2,-0.011529507
FALSE,1011816,ru,Every person you meet is fighting a battle you don't know anything about. Lena comes to the countryside to collect and take things out of the house she has sold. neighbor igor interferes with her plans. he sits in a tree around the clock and screams driving lena crazy.,0.053,8/31/2022,A,7.533,106,FALSE,0,['Drama'],['RU'],[],0,24,0,0.045840032
FALSE,203819,en,"Accompanied only by her faithful dog and four camels, an Australian satisfies her craving for solitude by embarking on a solo trip across the desert from Alice Springs to the Indian Ocean.",0.0657,12/19/2013,Tracks,6.922,531,FALSE,0,"['Adventure', 'Drama']",['AU'],"['Screen Australia', 'See-Saw Films']",4878242,112,1,0.43912012640449405
FALSE,110393,es,"While working alongside his long-time friend and colleague in building a hospital for the residents of a Buenos Aries shantytown, a troubled priest finds solace in a young, atheist social worker.",0.0702,5/16/2012,White Elephant,6.6,114,FALSE,0,['Drama'],"['AR', 'FR', 'ES']","['Matanza Cine', 'Borsalino Productions', 'Full House', 'Maneki Films', 'Morena Films', 'Patagonik', 'ARTE France Cinéma', 'Cine Argentino', 'INCAA', 'Wild Bunch', 'TVE', 'Canal+', 'Canal+ España', 'Ciné+', 'ARTE', 'Soficinéma 8', 'Instituto de la Cinematografía y de las Artes Audiovisuales']",0,105,2,0.11364738955823298
FALSE,182219,fr,"With only 12 percent of its pupils obtaining their baccalaureate, Jules Ferry High School is the worst school in France. The Inspector of Schools has already exhausted all the conventional means to raise standards at the school and he has no choice but to take the advice of his deputy. It is a case of having to fight fire with fire: the worst pupils must be taught by the worst teachers...",0.0721,4/17/2013,Serial Teachers,5.447,1212,TRUE,12000000,['Comedy'],['FR'],['UGC'],32867967,88,2,
FALSE,11367,it,A bumbling government agent recruits a trucker whose gambling knowledge can help crack an illegal Florida operation.,0.08,10/28/1978,Odds and Evens,6.969,397,FALSE,0,"['Comedy', 'Crime', 'Action']",['IT'],['Derby Cinematografica'],0,115,2,
FALSE,292141,da,"Court huntsman, Søtoft, is courting his daughter Else’s lady-in-waiting, Miss Engelke. That’s why it’s a bit of a punch in the stomach when, late one evening, he discovers his son Ove in close contact with her. Chamberlain von Plessen, who had been gossiping to Søtoft and is himself spying on the young couple, is going to set fire to the room they’re in. The hurt Søtoft wants to leave the young couple to their cruel fate – that is until he discovers that it’s not Engelke, but his daughter Else, who is trapped in the flames with her brother. (Stumfilm.dk)",0.0805,1/2/1911,The Right of Youth,6.6,235,FALSE,0,['Drama'],['DK'],[],0,33,0,
FALSE,1140817,en,"Three years after the death of her beloved child, Elouise, Mara still feels her presence when she sits on the butterfly bedding in front of the jar with her ashes in it. Mara arranges a twelfth birthday party for Elouise, further alienating her from her husband, Richter, and remaining daughter, Hannah. Although Mara eventually vacates Elouise's room at the insistence of her husband, she does find a way to stay close to Elouise. Before long, however, Hannah discovers her mother's secret.",0.0813,,As,7.071,183,FALSE,0,[],['US'],[],0,0,0,0.033672786612911385
FALSE,184374,es,"On May 5th, 1862, a few thousand Mexican soldiers put their lives on the line against the world's largest and most powerful army in one legendary battle for freedom and for Mexico.",0.0845,5/3/2013,Cinco de Mayo: The Battle,8.1,106,FALSE,10000000,"['War', 'History', 'Drama']",['MX'],"['Estudios Churubusco Azteca', 'Gala Films', 'Gobierno del Estado de Puebla', 'Videocine']",0,125,2,
FALSE,174323,en,"The bitter fight for supremacy between the three most popular girls at North Gateway High takes an unexpected turn when their classmate, Tanner, is outed and becomes the school’s first openly gay student. The trio races to bag the big trend in fashion accessories, the Gay Best Friend, while Tanner must decide whether his skyrocketing popularity is more important than the friendships he is leaving behind.",0.0867,1/17/2014,G.B.F.,6,390,FALSE,3200000,"['Comedy', 'Drama']",['US'],"['School Pictures', 'Parting Shots Media', 'Logolite Entertainment', 'ShadowCatcher Entertainment', 'Steakhaus Productions']",0,93,1,0.4042357142857143
FALSE,659153,ro,"To keep the band together, Selly tries to earn money by making an appearance at the birthday party of a mobster's daughter - until he gets kidnapped.",0.0973,12/27/2019,5Gang: A Different Kind of Christmas,8.1,106,FALSE,1500000,"['Action', 'Comedy']",['RO'],[],1489573,96,1,
FALSE,32532,en,A series of dark and troubling events forces Bill to reckon with the meaning of his life… or lack thereof.,0.0997,1/10/2006,Everything Will Be OK,7.629,112,TRUE,0,"['Animation', 'Drama', 'Comedy']",['US'],['Bitter Films'],0,17,0,
FALSE,607087,en,"Intimate interviews, sold out concerts and archive footage that narrates the path to success of the Colombian singer and songwriter Maluma.",0.1015,6/5/2019,"Maluma: What I Was, What I Am, What I Will Be",5.8,104,FALSE,0,"['Documentary', 'Music']",['US'],[],0,84,1,
FALSE,1086372,hy,"The main character of the film is an outstanding physicist who was invited to Armenia from Russia to head a lab. He comes across many troubles in his homeland, but nevertheless finds his true love there.",0.1095,7/2/1972,Return,6.308,563,FALSE,0,['Drama'],['SU'],['Armenia Studio'],0,82,1,0.013264932924104331
FALSE,15261,en,Fourth 'Bring It On' movie is set at a cheerleader camp in Florida with a 'West Side Story' musical feel has the female captain of the West Side Sharks meeting and romancing a male member of the East Coast Jets amid their different team rivalries.,0.1148,10/29/2007,Bring It On: In It to Win It,6.451,516,TRUE,0,['Comedy'],['US'],"['MFV Productions', 'Universal Studios Home Entertainment Family Productions', 'Beacon Pictures']",0,90,1,
FALSE,12540,en,"When new students can't get onto their college cheerleading team, they form their own squad and prepare for a cheer off.",0.1248,1/13/2004,Bring It On Again,5.959,432,TRUE,0,['Comedy'],['US'],['Universal Pictures'],0,90,1,0.25460000000000005
FALSE,253835,en,The film tells the back story about the characters and events leading up to the explosive oil truck heist in Fast &amp; Furious.,0.1265,7/28/2009,Los Bandoleros,6.21,364,FALSE,0,"['Action', 'Drama']",['US'],"['One Race', 'Terrero Films', 'Universal Pictures']",0,20,2,
FALSE,379979,es,,0.1301,1/29/2010,ASD - Alma sin dueño (Sin alma),5.929,219,FALSE,0,['Thriller'],['ES'],['Alma Ata Films'],0,0,0,
FALSE,546266,it,,0.132,10/11/2018,La fuitina sbagliata,6.3,161,FALSE,0,['Comedy'],['IT'],[],0,80,0,
FALSE,203793,ru,"A band of determined Russian soldiers fight to hold a strategic building in their devastated city against a ruthless German army, and in the process become deeply connected to a Russian woman who has been living there.",0.1361,10/9/2013,Stalingrad,6.476,359,FALSE,30000000,"['War', 'Action', 'Drama']",['RU'],"['Art Pictures Studio', 'Non-Stop Productions', 'Russia-1', 'Cinema Foundation of Russia']",68129518,131,2,0.048576037
FALSE,11454,en,"FBI Agent Will Graham, who retired after catching Hannibal Lecter, returns to duty to engage in a risky cat-and-mouse game with Lecter to capture a new killer.",0.1401,8/14/1986,Manhunter,7,1392,FALSE,150000000,"['Crime', 'Horror', 'Thriller']",['US'],"['DEG', 'Red Dragon Productions S.A.']",8620929,120,1,0.1900284930187771
FALSE,238923,it,"Sergio driving a taxi in a white Naples overflowing sadness and garbage. Pouring rain leads her clients through the city trying to process the death of his brother, who started ten years earlier for Tibet and never returned. A pop singer, a recycler of fragments of life, a radio announcer, an old uncle, alternate seats on its bearing, each in its own way, a trace of his brother loved. Stubborn not to go over and get lost in an endless race, Sergio is overwhelmed by memories and the music produced in pairs with Alfredo, which in Buddhism and in its foundations had found the strength to cope with the disease. Those notes that he believed buried and laid to always return overbearing and demanding a soundboard that resonate and express his being sound. Putting his hand on the piano, Sergio Alfredo feel again, giving the past with the present and realizing itself in the feeling.",0.1438,11/21/2013,The Art of Happiness,8.096,156,FALSE,0,"['Animation', 'Drama']",['IT'],"['Big Sur', 'RAI Cinema', 'Istituto Luce Cinecittà', 'Mad Entertainment']",0,82,1,
FALSE,437018,fr,French comic Gad Elmaleh regales a Montreal crowd with tales of awkward mix-ups and baffling customs he's encountered since moving to the U.S.,0.1443,1/24/2017,Gad Gone Wild,6.8,107,FALSE,0,['Comedy'],['FR'],['KS2 Productions'],0,57,1,
FALSE,60228,tr,"Kaan and Mete, co-hosts of a mid 1990s radio show called Kaybedenler Kulübü (Losers' Club), struggle to deal with their daily lives after their show becomes an instant hit. Kaan meets Zeynep, the girl of his dreams, but their relationship comes under pressure as the show continues to stir controversy and attract fans from every segment of Istanbul society.",0.1468,3/25/2011,Losers' Club,6.584,131,TRUE,0,"['Comedy', 'Drama']",['TR'],['Ekip Film'],2692857,105,1,-0.269644364
FALSE,442419,it,"Frustrated with their lack of upward mobility, some young Italians move to Cuba to start a wi-fi café and attempt to build a new life.",0.1477,3/23/2017,Not for the Young,6.017,115,FALSE,0,['Comedy'],['IT'],"['PACO Cinematografica', 'Neo Art Producciones', 'RAI Cinema']",0,101,2,
FALSE,1027717,it,"An absurd law prevents John, an unrecognized child at birth, from knowing the identity of his biological parents before his 100th birthday. To succeed in attracting public opinion, his only hope is to obtain the complicity of Gustavo, the only unrecognized-at-birth centenarian alive. The only one who would have the right to avail himself of this legislation but seems to have no interest in doing so. The Most Beautiful Century of My Life tells of the meeting between a centenarian projected into the future and a young man anchored in the past and of their unexpected friendship.",0.1494,9/7/2023,The Best Century of My Life,6.4,108,FALSE,0,['Comedy'],['IT'],"['Lucky Red', 'Goon Films', 'RAI Cinema']",366000,90,1,
FALSE,1020428,en,The supermarket giant that rose high by taking prices low.,0.1513,1/6/2020,"Inside Asda: Bigger, Better, Cheaper?",6.734,126,FALSE,0,['Documentary'],['US'],[],0,60,1,
FALSE,670355,en,"Owen, a young man is dissatisfied with his life. He heads into the forest to escape and learns a lot during his time there.",0.1559,1/28/2020,Return,6.497,593,FALSE,80,"['Drama', 'Fantasy']","['US', 'GB']",[],0,18,1,0.013172975160280051
FALSE,86517,en,Dark and troubling events force Bill to reckon with the meaning of his life.,0.1585,11/17/2011,It's Such a Beautiful Day,7.759,112,TRUE,0,"['Drama', 'Comedy', 'Animation']",['US'],['Bitter Films'],0,23,1,0.3499443620178044
FALSE,80961,tr,"Going through his daily routine in a stereotypical neighborhood, a street cleaner falls in love with a charwoman. Unfortunately for him, so does his superior officer.",0.1652,8/9/1977,The King of the Street Cleaners,7.9,113,FALSE,0,"['Comedy', 'Romance', 'Drama']",['TR'],['Arzu Film'],0,80,1,
FALSE,191034,pt,"The life of Renato Russo, from his first involvement with music, to his years in the punk rock band Aborto Alétrico, to the formation of Legião Urbana, in the Brasília rock scene of 1970s and 1980s.",0.1672,5/3/2013,We're So Young,6.8,156,FALSE,0,"['Drama', 'Music']",['BR'],"['Canto Claro Produções Artísticas', 'Fox International Productions Brazil', 'Imagem Filmes', '20th Century Fox']",0,104,1,0.7577957590256632
FALSE,956475,en,"Meet the four talented, autistic members of the ASD Band: piano prodigy Ron, with an impeccable memory for reciting the correct day of the week for any date in history; lead singer Rawan, who uses makeup to express herself and can hit an impressively high pitch; Spenser, an energetic drummer with an affinity for punk rock music; and guitarist Jackson, who loves all things 1950s. Their love of music brings them together to form one kick-ass garage band. After releasing a number of covers, the band is now embarking upon the challenging journey of writing their first album of original music. With the guidance of Maury, their musical director, the band's garage sessions segue to the recording studio, where for the first time each member shares their own compositions. Will they be able to pull it off and celebrate the launch with their first-ever public show?",0.1724,4/29/2022,Okay! (The ASD Band Film),6.1,216,FALSE,0,['Documentary'],['CA'],['Escarpment Films'],0,87,1,
FALSE,531122,pt,"Two girls have a chance encounter and instantly befriend. While trying to find themselves, they decide to pursue music together.",0.1734,8/2/2018,Ana e Vitória,7.1,171,FALSE,0,"['Romance', 'Comedy', 'Music']",['BR'],['F/SIMAS'],0,115,1,
FALSE,120082,it,,0.1748,1/18/2012,Ti stimo fratello,4.577,123,FALSE,0,['Comedy'],['IT'],"['Bananas', 'Warner Bros. Pictures', 'Colorado Film']",0,93,1,
FALSE,124277,en,A strange creature races against time to make the most important and beautiful creation of his life.,0.1754,6/23/2011,The Maker,7.575,153,FALSE,0,"['Animation', 'Music', 'Fantasy']",['AU'],['Zealous Creative'],0,6,0,0.5327849206349208
FALSE,13748,fr,"Face à l'incompréhension de la population française quant au montant des crédits alloués à la recherche spatiale, le gouvernement lance une vaste opération de communication. En partenariat avec le Centre spatial français, un grand jeu est organisé. ""Le ticket pour l'espace"", un jeu à gratter, va permettre à deux civils de séjourner dans la station orbitale européenne.",0.1776,1/16/2006,A Ticket to Space,5.2,142,FALSE,0,"['Comedy', 'Science Fiction']",['FR'],"['Gaumont', 'LGM Productions']",2,90,2,
FALSE,77959,en,"Turbo-Charged Prelude is a 2003 short film, directed by Philip Atwell, featuring Paul Walker, reprising his role as Brian O'Conner, in a short series of sequences which bridge The Fast and The Furious with its first sequel, 2 Fast 2 Furious.",0.1782,6/3/2003,The Turbo Charged Prelude for 2 Fast 2 Furious,6.141,237,FALSE,0,['Action'],['US'],"['Original Film', 'Geronimo Film Productions']",0,7,1,
FALSE,408540,it,"Ferro and Cate, two kids trying to get to grips with an unplanned pregnancy, their families (rebellious Ferro’s hospitable, ‘normal’ family, and level-headed Cate’s unhinged, atypical one), exams at school, friends and a general lack of jobs.",0.1812,10/20/2016,Feather,6.4,225,FALSE,0,['Comedy'],['IT'],"['Palomar', 'Sky Cinema', 'Regione Lazio', 'Unipol', 'MiC']",229852,98,1,-0.252771583
FALSE,506767,en,"In his first English-language special, comedian Gad Elmaleh gleefully digs into America's food obsessions, dating culture, slang, and more.",0.1833,3/6/2018,Gad Elmaleh: American Dream,6.6,102,FALSE,0,['Comedy'],['US'],[],0,57,1,
FALSE,520379,it,"Enrico, Fabrizio and Stefano are three left-winged friends.",0.1851,5/10/2018,Si muore tutti democristiani,6.5,109,FALSE,0,['Comedy'],['IT'],"['IBC MOvie', 'RAI']",0,96,1,
FALSE,553674,es,"A documentary that chronicles the recent years of the famous C.D. Guadalajara, a Mexican football club commonly known as 'Chivas', their ups and downs, victories and struggles.",0.1869,10/25/2018,Chivas: The Movie,8.6,120,FALSE,0,['Documentary'],['MX'],['Cobrafilms'],0,111,1,
FALSE,298722,it,"When the kooky tenants of an apartment block experience a sudden and shocking situation, they let their private lives, past secrets and crazy passions intervene as the confessions and absurd twists come thick and fast. Previous lovers, wild accusations, a possible murder and more boil to the surface days before New Year’s Eve, but can they even make it until then?",0.1886,10/23/2014,Soap Opera,5.5,234,FALSE,0,['Comedy'],['IT'],"['Medusa Film', 'Regione Lazio', 'Wildside', 'Credit Agricole Vita', 'Black Rock', 'Valmora Acqua Minerale', 'MiC', 'Colorado Film']",0,86,1,0.068855764
FALSE,297745,it,"After their mother dies, three brothers must live together in order to get their inheritance — and soon start to uncover dark family secrets.",0.1886,10/16/2014,...It's Snowing Outside!,6,148,FALSE,0,['Comedy'],['IT'],"['Cinemaundici', 'Chi è di Scena']",0,87,1,
FALSE,52345,pt,"Lisbela is a young woman who loves going to the movies. Leléu is a con man, going from town to town selling all sort of things and performing as master of ceremonies for some cheesy numbers, such as the woman who gets transformed into a gorilla. He gets involved with Linaura, a sexy and beautiful woman who happens to be the wife of the most frightening hitman of the place. The hitman finds out his wife's affair and goes after Leléu, who has to leave in a hurry. In another town, he meets and falls instantly in love with Lisbela, who is engaged to Douglas, a hillbilly who tries hard to pass for a cosmopolitan Rio de Janeiro dweller.",0.1886,8/22/2003,Lisbela and the Prisoner,7.8,386,FALSE,0,"['Comedy', 'Romance']",['BR'],"['Natasha Filmes', 'Estúdios Mega', 'Globo Filmes', '20th Century Fox Brazil']",0,106,1,
FALSE,815776,es,A murder investigation begins to reveal a hidden world. The participants of a lesbian party become the possible perpetrators of the crime.,0.1891,12/31/2015,Peligrosa tentación II,6.5,100,FALSE,0,"['Drama', 'Crime']",['MX'],['John Solis Films'],0,95,1,
FALSE,53222,fr,"Having been struck by a 150-ton meteorite, Henry has to adapt to living precisely ninety-one centimeters from himself.",0.1895,6/9/2008,Skhizein,7.548,125,FALSE,0,"['Drama', 'Animation']",['FR'],['Dark Prince'],0,13,1,
FALSE,839321,pl,"Polish animator Anna Błaszczyk’s humorous short—a collage of drawing, cut-out, and computer animation—was inspired by Stanisław Lem’s 1961 novel Return from the Stars, a time-paradox tale of an astronaut who returns to Earth after many years away.",0.1906,1/1/2008,Return,6.653,582,FALSE,0,"['Animation', 'Science Fiction']",['PL'],"['Se-Ma-For Produkcja Filmowa', 'HFF Konrad Wolf']",0,8,1,0.013143020065494176
FALSE,790496,ro,"Emi, a school teacher, finds her career and reputation under threat after a personal sex tape is leaked on the Internet. Forced to meet the parents demanding her dismissal, Emi refuses to surrender to their pressure.",0.1928,4/29/2021,Bad Luck Banging or Loony Porn,6.423,227,FALSE,0,"['Comedy', 'Drama']",['RO'],"['Paul Thiltges Distributions', 'Endorfilm', 'Kinorama', 'microFILM']",476000,106,3,0.03496875
FALSE,52989,it,"When Santa's helper La Befana falls ill and must take off a Christmas Eve, she recruits Scarafoni to help deliver all the toys. No one but the toys knows is that Scarafoni plans to auction off the toys to the highest bidder, which means the toys won't make it to the children who have been good all year and deserve them. The toys decide to deliver themselves, and the story follows them as they struggle to avoid the heartless Scarafoni and to find their true homes.",0.1941,12/5/1996,How the Toys Saved Christmas,7.2,109,FALSE,0,"['Family', 'Animation', 'Fantasy']","['IT', 'CH']","['Alpha-Film (II)', 'Lanterna Magica', 'Monipoly Productions', 'Fama Film']",0,92,1,
FALSE,331444,it,"2015: Hell is in chaos. A host of new sinners arrive every day to crowd Minos' offices. But Hell is an old, antiquated structure: the new sinners, not finding a right place, are dispersed among the circles. Lucifer is received directly by God, who seeks a solution. The winning idea is a cataloging of the new sins on Earth. And who to entrust the task to if not Dante Alighieri, who already once, in his time, carried out this task with excellent results? Dante is thus catapulted into a large Italian city, and finally finds his guide, the one who will accompany him in search of the ""new sins"": Demetrio Virgilio, a precarious thirty-year-old who is preparing, like every morning, to face another ""day of Hell"".",0.1947,3/19/2015,La solita commedia: Inferno,4.9,117,FALSE,0,['Comedy'],['IT'],"['Wildside', 'Film Commission Torino Piemonte']",804394,95,1,
FALSE,228290,it,"Mamma Stella is on edge. As if she hadn't got enough trouble already with her daughter Rosa Maria, who has left her husband now Costantino, her son, has disrobed. Afraid to be the talk of the village, relegates him to a distant lighthouse belonging to the family. But Costantino does not remain far from the madding crowd for long. It does not take long indeed before all the local (or even distant) outcasts flock together there: Magnolia, a retired escort girl; Arturo, Rosa Maria's estranged husband; Valbona, a lesbian; Rosa Maria herself; and, to crown it all, two eccentric workers accompanied by a little girl... After a period of chaos, this small world gradually discovers that unity makes strength.",0.1954,10/17/2013,A Small Southern Enterprise,5.6,110,FALSE,0,['Comedy'],['IT'],"['PACO Cinematografica', 'Regione Lazio', 'Sardinian Film Commission', 'MiC', 'Warner Bros Pictures Italia']",0,103,1,
FALSE,351981,es,"An old bear goes out every day to a busy street corner. Through a tin marionette theater of his own making, the bear will tell us his life story.",0.196,1/29/2016,Bear Story,7.455,111,FALSE,0,"['Animation', 'Drama']",['CL'],['Punkrobot'],0,11,1,
FALSE,106231,it,"An Italian style remake of ""Due Date"".",0.1965,12/25/2011,Un Natale per due,5.6,107,FALSE,0,"['Comedy', 'TV Movie']",['IT'],"['Wildside', 'Sky Cinema']",0,98,1,
FALSE,521329,it,"Francesco,  a young man who wants to be a comedian, insults his girlfriend to make his public laugh; she will break up with and so he will think of a crazy plan to win her back.",0.1966,5/10/2018,Beached Tuna,4.972,211,FALSE,0,['Comedy'],['IT'],['Vision Distribution'],443769,89,1,
FALSE,45179,pt,"The fairy tale story of Maria da Graça, a small town girl with big time dreams of becoming a singer, who moves to Rio de Janeiro to pursue her ambitions.",0.1969,6/22/1990,Crystal Moon,5.4,100,FALSE,0,"['Romance', 'Comedy', 'Family', 'Fantasy']",['BR'],"['Xuxa Produções', 'Ponto Filmes', 'Art Films', 'DreamVision', 'Columbia TriStar']",0,90,1,
FALSE,30145,es,"Wafer factory-owner P. Tinto and his wife Olivia want a child of their own more than anything else in the world. Years of trying, however, have left them with nothing but a pair of extraterrestrial midgets living in the spare bedroom. When they decide to try adoption, a series of misroutings and chance encounters results in an escaped adult mental patient arriving at their door with adoption papers in hand. P. Tinto and Olivia accept this without question and welcome him in as their son. Can this family arrangement work?",0.1985,12/18/1998,The Miracle of P. Tinto,6.684,106,FALSE,2020000,"['Comedy', 'Fantasy']",['ES'],"['Películas Pendelton', 'Sogetel']",4374994,102,2,
FALSE,122134,fr,"A father, a mother and a baby are sitting at a table, on a patio outside. Dad is feeding Baby her lunch, while Mum is serving tea.",0.2008,1895-12-28,Baby's Meal,5.576,157,FALSE,0,"['Documentary', 'Family']",['FR'],['Lumière'],0,1,1,
FALSE,224178,it,"Living among boys is easy, each of them with their own mess, unregimented lifestyle, and unique ""method of study."" The male universe in which they live, however, is about to be invaded by women. Giorgia is independent and receives little attention from her parents; Francesca is in a doomed relationship with an older professor, while Emma wants to be a famous performer. In this new mixed arrangement house, each character finds their place as they establish a confusing, but fun and tumultuous extended family - a family which none of them has ever truly had.",0.2011,9/25/2013,Universitari - Molto più che amici,5.7,134,FALSE,0,['Comedy'],['IT'],"['Lotus Production', 'Medusa Film']",0,99,1,
FALSE,213121,en,"What starts out as a fun road trip for the Toy Story gang takes an unexpected turn for the worse when the trip detours to a roadside motel. After one of the toys goes missing, the others find themselves caught up in a mysterious sequence of events that must be solved before they all suffer the same fate in this Toy Story of Terror.",0.2016,10/16/2013,Toy Story of Terror!,7.197,954,FALSE,0,"['Adventure', 'Animation', 'Comedy', 'Family']",['US'],"['Pixar', 'Walt Disney Pictures', 'Disney Television Animation']",0,22,1,-0.155457915
FALSE,457601,it,"An aimless young troublemaker, Alessandro, squanders his days gambling and getting into fights, and he often spends his nights in jail. With few prospects, he begrudgingly accepts a job as a companion to Giorgio, an elderly poet suffering from Alzheimer’s. On their daily walks, the two banter and become friends, and Alessandro quickly learns more about this forgotten poet as the old man’s memory drifts. After learning a secret from Giorgio’s past, Alessandro and his friends work to uncover the mystery of this tale, an unexpected history lesson and a touching coming-of-age adventure.",0.202,5/11/2017,Everything You Want,7.4,287,FALSE,0,"['Comedy', 'Drama']",['IT'],[],249009,106,1,0.4737776677667769
FALSE,77710,pt,"Éder is arrested after confessing the murder of a man. Duca, his nephew, is sure that his uncle confessed the crime to protect his girlfriend, Soraya, ex-wife of the deceased, so he enlists two of his friends to help prove his theory.",0.2034,12/12/2004,My Uncle Killed a Guy,6.1,163,FALSE,0,"['Adventure', 'Comedy', 'Crime']",['BR'],"['Globo Filmes', 'Natasha Filmes', 'Casa de Cinema de Porto Alegre']",0,87,1,
FALSE,202980,fr,"JB suffers from a heart malformation .He falsifies his medical file ,so that he can enter a top athlete training center.",0.2037,6/26/2013,Les Petits Princes,6.55,151,FALSE,0,"['Comedy', 'Drama']",['FR'],"['Rhamsa Productions', 'EuropaCorp']",0,86,1,
FALSE,375897,fr,"Okay, Marie is a little tired of the insouciance of her husband Sam, framework sup unemployed for 2 years. Agree, it is very tempted to be seduced by this beautiful stranger who made him the Court. Okay, there is also the daughter piano competition... If this balance light and crazy about standing, an unexpected event throws the family on an even crazier way.",0.2039,1/27/2016,Encore heureux,5.5,104,FALSE,0,['Comedy'],['FR'],['Elia Films'],0,93,1,
FALSE,257593,it,"Two temp workers, a pensioner and an old bully discover the sport of curling by chance and, convinced of their potential, plan to compete at the 2006 Winter Olympics in Turin.",0.2061,3/6/2014,The Move of the Penguin,5.6,170,FALSE,0,['Comedy'],['IT'],"['DAP Italy', 'De Angelis Group']",999593,96,1,
FALSE,129865,fr,"Auguste Lumière directs four workers in the demolition of an old wall at the Lumière factory. One worker is pressing the wall inwards with a jackscrew, while another is pushing it with a pick. When the wall hits the ground, a cloud of white dust whirls up. Three workers continue the demolition of the wall with picks.",0.2067,1896-03-06,Demolition of a Wall,6.281,121,FALSE,0,['Documentary'],['FR'],['Lumière'],0,1,1,
FALSE,513377,it,"Mirea is about to be 18 years old, and her family is prepearing a big party for her. Teresa, Mirea's mother, wants to gain notoriety, so begins to spend recklessy for the celebration. When the day finally comes, an unexpected death puts it at risk.",0.2069,3/22/2018,Una festa esagerata,5.7,120,FALSE,0,['Comedy'],['IT'],"['Medusa Film', 'Chi è di Scena', 'Sky Cinema']",0,93,1,
FALSE,366564,fr,"After ten years of doing nothing, Orel and Gringe are in their mid 30s and they struggle to finish their first rap album. Their texts are mostly sex jokes and booze stories and reflect the everyday life they have in a small town from France. The problem is that they never really finished a song and when their producers want to meet, they have to face a new challenge : finish their first song in the next 24h. Their old issues, the fear of failure, their alcoholic friends and annoying girlfriends won't help them to do so, or will they ?",0.2076,12/9/2015,Comment c'est loin,6.991,675,FALSE,2023920,['Comedy'],['FR'],['Nolita'],0,90,1,
FALSE,57922,it,"In Naples, Professor Bellavista is a retired man, passionate about the philosophy and thought of Ancient Greece. Every day, in his luxurious apartment, he teaches his lessons of life to the poor-nothing (his friends), who are dazzled by his reasoning. One day, however, the quiet life of the building of Bellavista will be disturbed by the arrival of a director of Milan. Between Naples and Milan there contrast, because the Neapolitans are accustomed to enjoy a quiet life, always based on the ""philosophy of pleasure and delay"", while the northern Italians are very strict and punctual.",0.2116,10/6/1984,Thus Spoke Bellavista,7.979,143,FALSE,0,['Comedy'],['IT'],"['Eidoscope Productions', 'Rete 4']",0,105,1,
FALSE,525102,en,"Girl Lost tackles the issue of underage prostitution as told through the eyes of a wayward teen. Groomed by her own mother to work in the underbelly of Los Angeles, the young girl struggles to survive in this dark world.",0.2121,5/1/2018,Girl Lost,5.811,132,FALSE,1000000,['Drama'],['US'],['Leslin Films'],0,95,1,0.1851583333333333
FALSE,73579,fr,,0.2121,8/17/2011,La Croisière,5.023,133,FALSE,0,['Comedy'],['FR'],"['Fidélité Films', 'Wild Bunch', 'Mars Films', 'TF1 Films Production']",0,90,1,
FALSE,24791,ja,"Roughly chronological, from 3/96 to 11/96, with a coda in spring of 1997: inside compounds of Aum Shinrikyo, a Buddhist sect led by Shoko Asahara. (Members confessed to a murderous sarin attack in the Tokyo subway in 1995.) We see what they eat, where they sleep, and how they respond to media scrutiny, on-going trials, the shrinking of their fortunes, and the criticism of society. Central focus is placed on Hiroshi Araki, a young man who finds himself elevated to chief spokesman for Aum after its leaders are arrested. Araki faces extreme hostility from the Japanese public, who find it hard to believe that most followers of the cult had no idea of the attacks and even harder to understand why these followers remain devoted to the religion, if not the violence.",0.2122,9/9/1998,A,5.9,195,TRUE,0,['Documentary'],['JP'],[],0,136,1,0.045775433565542985
FALSE,13676,en,"Follow Ariel's adventures before she gave up her fins for true love. When Ariel wasn't singing with her sisters, she spent time with her mother, Queen Athena. Ariel is devastated when Athena is killed by pirates, and after King Triton outlaws all singing. Along with pals Flounder and Sebastian, Ariel sets off in hopes of changing her father's decision to ban music from the kingdom.",0.2134,8/25/2008,The Little Mermaid: Ariel's Beginning,6.695,1039,TRUE,0,"['Family', 'Animation']",['US'],['DisneyToon Studios'],0,77,1,
FALSE,407250,fr,"Malo and Stéphane are two students who are kind of losers and have just started high school. Their plan to become popular: to host a German exchange student with a lot of style. Too bad for Malo, who gets stuck with a Goth who will make his life hell.",0.2142,8/24/2016,The Exchange Student,5.4,138,FALSE,0,['Comedy'],['FR'],"['StudioCanal', 'Nexus Factory', 'LGM Cinéma', 'uMedia', 'D8 Films']",0,86,1,
FALSE,20975,ru,"A graduate of the culinary technical school of the cook, Tosya Kislitsyna, a naive and eccentric girl, came to the village lost in the northern forests. She sticks her nose in all affairs, seeks to help everyone. She met Ilya on the day of arrival: the ""first guy in the village"" fell upon her indignantly, and in the evening, to brighten up an unpleasant meeting, she decided to ""make happy"" with an invitation to a dance and was refused. Not accustomed to refusals, Ilya argues with Filya that during the week he will fall in love with Tosya...",0.2142,3/7/1962,The Girls,7.6,104,FALSE,0,"['Comedy', 'Romance']",['SU'],['Mosfilm'],0,96,1,0.3214845725596934
FALSE,77496,it,"Getting ready for the wedding that will unite two very different families- the humble Italian taxi driver Cristoforo Colombo and his wife Rosy, and the rich Italian-Americans Alessandro and Patricia Di Giacomo.",0.2146,11/16/2007,Matrimonio alle Bahamas,4.8,280,FALSE,0,['Comedy'],['IT'],['Medusa Film'],9814000,92,1,
FALSE,58082,it,"Lucia is a young and talented advertiser but is out of luck when it comes to love. Madly in love with her best friend's boyfriend, she struggles with her feelings when they are set to get married.",0.215,4/29/2005,L'uomo perfetto,6,107,FALSE,0,"['Comedy', 'Romance']",['IT'],"['Cattleya', 'Warner Bros Pictures Italia']",0,92,1,
FALSE,364470,it,"A man tries to cure his friend of his video-game obsession by using a virtual reality machine. When the device traps his friend in a virtual world, he goes in to help him fight for his life.",0.2156,10/22/2015,Game Therapy,4.538,225,FALSE,2000000,"['Science Fiction', 'Adventure', 'Action', 'Fantasy', 'Drama']","['IT', 'MA', 'US']","['Webstar Channel', 'Pulse Films', 'Dune Films', 'Indiana Production', 'Lucky Red', 'Keyfilms Roma', 'CG Entertainment', 'MiC', 'Regione Lazio', 'BNL – Gruppo BNP Paribas']",1341185,97,2,
FALSE,17630,fr,This is the story of too nice girl who one day decides to become evil. And who will find out it is not so easy to do wrong when you have always been nice.,0.2159,11/12/2008,Ugly Melanie,5.7,267,FALSE,0,['Comedy'],['FR'],['Karé Productions'],0,93,1,
FALSE,21474,en,"When her mother falls for a wealthy man, Lina Cruz must move in with her new stepfather and transfer from an urban East Los Angeles  public high school to an exclusive prep school in Malibu, where she struggles to fit in with her affluent new peers. After snooty cheerleading captain Avery blocks Lina from varsity, Lina recruits her best friends from her old school to help her whip the pathetic junior varsity cheerleading squad -- the Sea Lions -- into fighting shape.",0.2188,7/30/2009,Bring It On: Fight to the Finish,6.74,549,TRUE,0,['Comedy'],['US'],"['Universal Studios Home Entertainment Family Productions', 'Beacon Pictures']",0,102,2,
FALSE,446040,fr,"Lea opens an agency where anybody can rent her to play the part the clients need: a daughter, a girlfriend, a customer, you name it...",0.2194,7/5/2017,Loue-moi !,5.5,123,FALSE,0,['Comedy'],['FR'],"['MyFamily', 'Davis Films']",0,89,1,
FALSE,446370,en,I made this film especially for you. I needed to check in with you. I needed to tell you how I feel.,0.2198,3/10/2017,Hi Stranger,6.6,101,FALSE,0,['Animation'],['US'],[],0,3,1,
FALSE,839287,it,"Mr. Imbruttito, a leading executive of a large multinational, lives the routine in his hectic Milan. Breaking this balance is Brusini, an eccentric entrepreneur at the head of an economic empire, who for an absurd reason blows up what for the Brutito is the business of life. For the first time, the Ugly one feels the pinch, falls into depression, can no longer find a reason to wake up in the morning. The turning point comes from Brera, a longtime friend, who proposes to the Bruttito the purchase of a Chiringuito in Sardinia, to do business in flip-flops and finally be able to say: ""I quit everything and open a chiringuito!""",0.2201,12/7/2021,Mollo tutto e apro un chiringuito,5.41,111,FALSE,0,['Comedy'],['IT'],"['Medusa Film', 'QMI', 'Ramaya Productions', 'Fondazione Sardegna Film Commission']",0,95,1,
FALSE,50472,it,"A queue at the ATM machine, a displaced family after a seismic shock that has half-washed their home, a tour within an art gallery, moments of everyday life that become the cues for the emergence of comic, farce, paradoxical situations – trademarks of one of the most successful Italian comic groups.",0.2204,11/26/2006,Anplagghed al Cinema,7,336,FALSE,0,"['Comedy', 'Fantasy']",['IT'],"['A.Gi.Di.', 'Televisione Svizzera Italiana (TSI)', 'Medusa Film']",8604198,95,1,
FALSE,42802,fr,"Fifty years old, three years past of unemployment, benefits decreasing very quickly... Gerard is at the end of the rope when a position is offered him in Indonesia. To win the favor of his new employer, Gerard invites him to dinner at home. Fatal Error ! Terrified at the idea of not being up to par, his wife Colette begs Alexandre, their neighbor to help. Communication guru, Alexander accepts the challenge and gives a makeover to the couple in twenty-four hours. Apartment, decoration, lifestyle, dinner menu, uniforms, culture... Everything !",0.2211,9/19/2007,The Dinner Guest,5.5,112,FALSE,0,['Comedy'],['FR'],"['EuropaCorp', 'TF1 Films Production', 'Sofica EuropaCorp']",0,86,2,0.35132799824599864
FALSE,228202,pt,"The immature and cheap douche bag Fábio Clóvis marries the pseudo-intellectual Miá and they travel in a cruise to Europe on board of a fancy passenger vessel. Fabio and Miá are invited to have dinner with the wealthy Beto Assunção and his gorgeous wife Laura in a VIP restaurant on the vessel. Soon Fábio discovers that Beto was Miá's boyfriend and Miá learns that Fábio had a crush on Laura that was his classmate. Meanwhile the cynical chamber maid Suzana Mello and her estranged husband, the entertainer Wilson, make a bet that Fábio and Miá will split before the end of the trip and poison their relationship. When the ship arrives in Casablanca, Fábio meets his bothersome childhood friend Cabeça that affects their honeymoon.",0.2219,10/25/2013,Meu Passado Me Condena: O Filme,6.415,246,TRUE,0,['Comedy'],['BR'],['Globo Filmes'],0,102,1,
FALSE,457157,en,A grieving young inventor finds solace in repairing an antique typewriter.,0.2225,5/5/2017,Qwerty,5.92,125,FALSE,0,"['Animation', 'Drama', 'Family']",['US'],['Fiddly Fig Animation Studios'],0,10,0,0.06630625
FALSE,53215,en,The story of a Kiwi who spends his whole life working towards achieving his dream.,0.2244,5/5/2006,Kiwi!,6.9,190,FALSE,0,"['Animation', 'Adventure', 'Comedy']",['US'],['SVA MFA Computer Arts'],0,4,1,0.348866862
FALSE,489533,en,The story of a rodent's unrelenting quest for happiness and fulfillment.,0.2245,6/12/2017,Happiness,7.128,117,FALSE,0,"['Animation', 'Drama']",['GB'],[],0,5,1,-0.013468472
FALSE,249457,it,"Umberto Maria Durloni is a successful lawyer and a socialite who likes parties and a lavish life. He's got it all, except any ethical qualms.Only a step away from the top, his perfect world crumbles, showing him the brutal do downside to his life.",0.2247,1/30/2014,Well-Off People,4.8,111,FALSE,0,['Comedy'],['IT'],"['Colorado Film', 'RAI Cinema', 'Madeleine']",0,108,1,
FALSE,440767,en,"The 'Daily Show' host ponders the perils of naming countries, how traffic lights turn New Yorkers invincible and why you shouldn't drink in Scotland.",0.2256,2/21/2017,Trevor Noah: Afraid of the Dark,7.098,132,FALSE,0,['Comedy'],['US'],[],0,68,1,
FALSE,828508,es,,0.2265,5/11/2018,Return,6.546,524,FALSE,0,['Documentary'],['ES'],[],0,0,2,0.013150458
FALSE,61940,it,"Some Say No is a new Italian comedy with a very serious subject: the way the country's society is corroded by favoritism that pushes inferior people to the top in virtually every field. In Florence, three thirty-somethings band together to wage their own war on the system. Each of them is a person of talent who has been pushed out by ""favorites"" or raccomandati, people who have muscled in on the promotions they ought to have gotten by pulling strings.",0.2274,1/1/2011,Some Say No,5.7,115,FALSE,8100000,['Comedy'],['IT'],['Cattleya'],0,95,1,
FALSE,570258,fr,"Jerem decides to settle at his grandma’s place to compose his first album. There he meets So, a mysterious investigator working on behalf of the startup Digital Cool.  She will persuade Jerem to try out Yves, a new kind of smart refrigerator gifted with an IA.",0.2276,5/23/2019,All About Yves,5.2,100,FALSE,0,['Comedy'],['FR'],"['Ecce Films', 'Le Pacte']",0,107,1,
FALSE,210763,kn,"A film director fades away from the industry after the failed love with the heroine of his movie. After being rehabilitated, he learns that some people conspired his fall and decides to take revenge.",0.2306,2/12/1998,A,5.709,110,FALSE,510000,"['Romance', 'Thriller']",['IN'],[],13000000,148,1,0.045672324662340565
FALSE,464446,en,"A young man returns home for the weekend to discover the difficulty of juggling friends, parents, magic mushrooms and several thousand chickens.",0.2315,7/4/2015,Return,6.668,592,FALSE,0,['Comedy'],['NZ'],['New Zealand Film Commission'],0,15,1,0.013124575631757517
FALSE,40415,fr,"In the 70s, there was Merckx and there were the others. Ghislain Lambert was one of the others. This is his story, a quite simple one. The story of a modest Belgian bike racer. His greatest ambition in life? To become a champion. His greatest tragedy? Not having the legs his heart deserves.",0.2322,9/14/2001,Ghislain Lambert's Bicycle,5.938,136,FALSE,0,['Comedy'],['FR'],"['AF Production', 'Les Productions Lazennec', 'Pioneer Entertainment', 'StudioCanal']",0,119,1,
FALSE,117534,pt,Three male friends navigate different stages of romantic relationships: One is starting to date; another fears infidelity; the third is divorcing.,0.2331,6/22/2012,"Hey, Did You Score?",5.8,126,FALSE,0,['Comedy'],['BR'],"['Paris Filmes', 'Casé Filmes', 'Globo Filmes']",0,105,1,
FALSE,461438,tl,"Digs a no fuss, no frills kind of guy and idealistic achiever Sam who are friends turned lovers turned exes. Their relationship as a couple lasted for almost eight years until they both decided on an amicable breakup.",0.2338,6/14/2017,Can We Still Be Friends?,6.2,178,FALSE,0,"['Comedy', 'Romance']",['PH'],['Star Cinema – ABS-CBN Film Productions'],0,113,1,
FALSE,56784,it,"Vincenzo, a 30 years old apathetic and lazy man who still lives with his mother, has no job and no desire to improve. He meets Anna and fell in love with her but to keep the relationship alive he has to learn to accept more responsibility.",0.2339,3/10/1983,Sorry for the Delay,7.583,228,FALSE,0,['Comedy'],['IT'],['Yarno Cinematografica'],0,112,1,0.7358857142857144
FALSE,612501,it,Roberto is a student in a corrupt university where teachers sell exams and only hire friends and relatives.,0.2352,10/3/2019,Tuttapposto,6.5,115,FALSE,0,['Comedy'],['IT'],"['Tramp Limited', 'Medusa Film']",0,90,1,
FALSE,104396,en,William K.L. Dickson plays the violin while two men dance. This is the oldest surviving sound film where sound is recorded on the phonograph.,0.2394,1894-08-31,Dickson Experimental Sound Film,6.127,106,FALSE,0,['Music'],['US'],"['Edison Studios', 'Thomas A. Edison, Inc.']",0,1,1,
FALSE,773147,it,A father and a daughter with the dream of becoming an influencer clash until they meet the famous webstar and idol of the girl.,0.2396,4/4/2021,Genitori vs influencer,5.8,140,FALSE,0,['Comedy'],['IT'],"['PACO Cinematografica', 'Vision Distribution', 'Neo Art Producciones']",0,94,1,
FALSE,43649,it,A few funny little novels about different aspects of life.,0.2399,10/14/1994,The New Comics,5.3,174,TRUE,0,['Comedy'],['IT'],"['Videomaura', 'Cecchi Gori Group Tiger Cinematografica']",0,94,1,
FALSE,453272,it,"Agnese and Stefano are profoundly different. She is only seventeen, lives with her mother – a harsh and devoted woman – is a regular church-goer and is about to take a vow of chastity to last until marriage. He is twenty-five, has a violent temper and a difficult past behind. He works as a warden in a car park that borders a Roma camp. Their unexpected meeting engenders a true sentiment, made of little stolen moments and mutual help.",0.2401,4/21/2017,Pure Hearts,6.1,137,FALSE,0,['Drama'],['IT'],"['RAI Cinema', 'Young Films']",0,109,1,
FALSE,321507,fr,"""L'emprise"" is the story of a drama, adapted from the moving book-witness ""Acquitted"", by Alexandra Lange. The story of a mother of four children, which is found in March 2012 in the dock of the foundations of Douai for the murder of her husband. How does a woman manage to kill the father of her children with a knife? During the three days of the trial, panting narrative takes us into the daily life of Alexandra, a mother that the society has failed to protect, neither she nor her children from the control of a monster she has loved. Through this incident that made headlines and upset the public, an event movie that raises the question of the balance of justice. Will she be heard?",0.2406,1/26/2015,L'Emprise,7.7,159,FALSE,0,"['Drama', 'TV Movie']",['FR'],['TF1 Films Production'],0,98,3,
FALSE,58518,it,"An Italian doctor starts a new life in Kenya to escape the city, but life catches up with him when an old friend offers his assistance along with his wife, who happens to be an old lover.",0.2414,3/4/2011,La vita facile,6.241,110,FALSE,0,"['Comedy', 'Romance']",['IT'],"['Fandango', 'Medusa Film']",0,102,1,
FALSE,57114,en,,0.2418,4/4/2008,"Amore, bugie e calcetto",5.8,214,FALSE,0,['Comedy'],['US'],[],0,115,1,
FALSE,243442,it,"Middle-aged family man Arnaldo is kicked out by his wife because of a misunderstanding. Instead of despairing, Arnaldo takes advantage of the situation to turn around his unsatisfying adult life by going to live in a flat shared with four university students.",0.2424,12/12/2013,A Fantastic Back and Forth,6,316,FALSE,0,['Comedy'],['IT'],"['Levante', 'RAI Cinema']",0,95,1,
FALSE,42395,it,"In Milan, Matteo is an underemployed physicist, giving the occasional lecture at a university while working at a PR firm where he knows he'll be fired. Without his really trying, two women are attracted to him, a blond and a brunette. The blond is Angelica; they meet smoking on the office rooftop. To his surprise, she has clout in the company and soon has him flying off (with her) to make presentations. The brunette is Beatrice, a new flatmate, hoping for a teaching job in the national service. Angelica dangles a posting with her in Barcelona; Beatrice is simply Beatrice. Will Matteo figure out what he wants - and decide before opportunity passes him by?",0.2427,4/24/2009,Generazione 1000 euro,5.8,159,FALSE,0,['Comedy'],['IT'],"['Trio International', 'Andrea Leone Films']",1296000,101,1,
FALSE,105410,it,"Italian comedy in two episodes starring a house painter who emigrated to Switzerland who pretends to be a millionaire and an employee on holiday in Kenya, the victim of catastrophic misadventures.",0.2429,4/14/1983,Two of a Kind,5.6,102,FALSE,0,['Comedy'],['IT'],['Maura International Films'],0,94,1,
FALSE,400711,fr,"Constance, a 40-years-old real estate agent, gets fired from her job. With no options left, she contacts her former boss, from the small agency where she started her career. To her surprise, he is hiring, but explains he may have already found someone. Constance is convinced she will get the job because of her experience and extensive qualifications. But when Audrey, a younger and prettier woman, is hired instead, it proves too much for Constance to take.",0.2466,7/6/2016,Faultless,6.14,121,FALSE,0,"['Thriller', 'Drama']",['FR'],"['Orange Studio', 'Avenue B Productions', 'CNC', 'Canal+']",0,103,1,0.5766
FALSE,53214,en,Where do you find love? Sometimes all you need is a sign.,0.2469,3/10/2008,Signs,7.2,113,FALSE,0,['Romance'],"['US', 'AU']",[],0,12,0,-0.008964147
FALSE,180371,pt,5 friends have a plan to rob a transporter that can change their lives.,0.2471,3/22/2013,Vai Que Dá Certo,6.1,143,TRUE,1000000,['Comedy'],['BR'],[],0,87,1,
FALSE,24159,ro,"It's the 22nd of December. Sixteen years have passed since the revolution, and in a small town Christmas is about to come. Piscoci, an old retired man is preparing for another Christmas alone. Manescu, the history teacher, tries to keep up with his debts. Jderescu, the owner of a local television post, seems not to be so interested in the upcoming holidays. For him, the time to face history has come. Along with Manescu and Piscoci, he is trying to answer for himself a question which for 16 years has not had an answer: ""Was it or wasn't it a revolution in their town?""",0.2476,9/29/2006,12:08 East of Bucharest,6.9,113,FALSE,223000,"['Comedy', 'Drama']",['RO'],['42 Km Film'],0,89,1,
FALSE,43200,it,A music group and a journalist cross the region of Basilicata by foot to attend a music festival.,0.2478,4/9/2010,Basilicata Coast to Coast,6.276,380,FALSE,0,"['Comedy', 'Drama']",['IT'],"['PACO Cinematografica', 'Eagle Pictures', 'Ipotesi Cinema', 'Sky Cinema']",0,105,1,
FALSE,77294,ru,"Little Fedor brings a cat to home despite his mother's distaste for cats. He runs away with his talking cat, to make more friends on the way.",0.2508,6/6/1978,Three from Prostokvashino,7.4,106,TRUE,0,['Animation'],['SU'],['Soyuzmultfilm'],0,17,1,
FALSE,17417,fr,"Following his release from a seven-year stretch in prison, Mario Diccara discovers that his affairs with the underworld aren't completely settled. His brother Patrick, a priest, suggests that he stays with elderly Father Etienne in a small village in Ardeche until the conflict blows over. But their plan takes an unexpected turn when Father Etienne dies.",0.2513,4/29/2009,Hallelujah!,5.802,159,FALSE,0,['Comedy'],['FR'],"['EuropaCorp', 'TF1 Films Production', 'CiBy 2000', 'Auvergne-Rhône-Alpes Cinéma']",2808769,91,1,0.8074
FALSE,1111796,it,A middle-aged man dissatisfied with the present state of things finds himself in a parallel universe where all technology is stuck in the 1990s.,0.2514,11/17/2023,Il migliore dei mondi,6.245,186,FALSE,0,"['Comedy', 'Science Fiction']",['IT'],"['Lotus Production', 'Medusa Film']",0,102,1,
FALSE,299715,fr,"Charlotte is cheating on Micha with Mélodie. Not suspecting a thing, yet feeling neglected, Micha in turn cheats on Charlotte.  But also with Mélodie. For Mélodie, things are topsy-turvy. She lies to both of them. She is privy to each of their lies. And is in love with both of them at the same time.",0.2522,3/25/2015,All About Them,5.9,138,FALSE,0,"['Comedy', 'Romance']",['FR'],['Rectangle Productions'],0,86,1,
FALSE,58081,it,"Romeo, a lovelorn Roman musician in his 40s with 20 years since his only hit, consults a fortuneteller who predicts he'll find love and money with a foreign singer named for a flower. In Brussels he meets Marguerite, an older chanteuse who interprets Jacques Brel and loves her yappy dog.",0.2522,12/13/1996,Iris Blond,5.947,180,FALSE,0,['Comedy'],['IT'],['Cecchi Gori Group Tiger Cinematografica'],0,109,1,
FALSE,103344,fr,"When Frank is diagnosed with depression, his friends try to cheer him up -- and it quickly becomes clear that they're just as down and out as he is.",0.2524,4/30/2012,Depression and Friends,5.3,152,FALSE,0,['Comedy'],['FR'],"['StudioCanal', 'Canal+']",0,95,1,
FALSE,383809,fr,"A family fired by a company owned by LVMH (Group owned by French billionaire, Bernard Arnault) seeks reparation from their previous employer with the help of the movie director.",0.2525,2/24/2016,Thanks Boss!,7.292,137,FALSE,162297,"['Comedy', 'Documentary']",['FR'],"['Fakir', 'Mille et une productions', 'jour2fête']",3,84,1,
FALSE,210802,pt,"Four candidates for a federal judge position embark on a madcap, no-holds-barred race to outdo one another, each committing his own brand of mayhem.",0.2529,7/19/2013,O Concurso,5.2,107,FALSE,0,['Comedy'],['BR'],"['Filmland Internacional', 'Latinamerica Entretenimento', 'Tambellini Filmes', 'Globo Filmes', 'Paris Filmes']",0,87,1,
FALSE,57970,it,"Set in Italy during the 1920s, a barber is in a wheelchair because of a psychosomatic illness after he lost the woman he loves.",0.2539,12/19/1987,Le vie del Signore sono finite,7.3,101,FALSE,0,['Comedy'],['IT'],"['Esterno Mediterraneo Film', 'Cecchi Gori Group Tiger Cinematografica', 'RAI']",0,117,1,
FALSE,255456,it,"A wealthy broker, Federico Picchioni, within two days forfeits his partner and work, finishing well to living with two children and granddaughter (abandoned by her father). He is, at this point, in the face of many difficulties of adjustment but finds comfort in the help of his neighbor.",0.2543,2/13/2014,Sotto una buona stella,5.8,289,FALSE,0,['Comedy'],['IT'],['Filmauro'],0,109,1,
FALSE,142563,en,"In this follow-up to his stop-motion hit Western Spaghetti, director PES transforms familiar objects into Fresh Guacamole.",0.2543,3/2/2012,Fresh Guacamole,7.241,143,FALSE,0,['Animation'],['US'],[],0,2,1,0.46263150416462523
FALSE,532374,en,"The gleefully irreverent Jefferies skewers “grabby” celebrities, political hypocrisy and his own ill-advised career moves in a brash stand-up special.",0.2545,7/13/2018,Jim Jefferies: This Is Me Now,6.814,102,FALSE,0,['Comedy'],['US'],['Irwin Entertainment'],0,70,1,
FALSE,38288,it,"I Corti (""Shorts"") by Aldo, Giovanni & Giacomo was the first stage show of the comedy trio, with the participation of Marina Massironi. It was recorded live at the Teatro Nuovo in Ferrara on 28 and 29 March 1996. Produced by Agidi, with the theatre direction of Arturo Brachetti.",0.2545,3/29/1996,"“The Shorts” by Aldo, Giovanni and Giacomo",8.108,351,FALSE,0,['Comedy'],['IT'],['A.Gi.Di.'],0,120,1,
FALSE,38289,it,"Diego Abatantuono in the shoes of three huge fans: the Juventus truck driver Tirzan, the head of the ultra Milanese Donato and the Franco inter.",0.255,3/4/1982,Eccezzziunale... veramente,6.159,245,TRUE,0,['Comedy'],['IT'],['Cinemedia'],0,98,1,
FALSE,79371,it,A middle-aged man finds out his late mother was sponsoring a Brazilian girl who has now become a beautiful model and tries his best not to fall for her.,0.2563,12/16/2011,Happiness at Last,5.5,223,FALSE,0,['Comedy'],['IT'],"['Levante', 'Medusa Film']",0,93,1,
FALSE,270479,it,"Film adaptation of the theatrical show Ammutta muddica performed by the trio composed of Aldo, Giovanni and Giacomo. The protagonist of the various sketches is the common everyday life, full of bizarre characters and comic situations.",0.257,10/16/2013,Ammutta Muddica al Cinema,6.5,202,FALSE,0,['Comedy'],['IT'],"['A.Gi.Di.', 'Nexo Digital']",0,105,1,
FALSE,641364,fr,"Shooom, a baby owl, hatches just as a storm turns the bayou surrounding her tree upside down. No sooner has she fallen from her nest, then the little fledgling totters off into the mangrove, pushing a second egg from the brood along with her. Come hell or high water, she’s determined to find a mother… even if that mom turns out to be an alligator or a raccoon!",0.2571,12/24/2019,Shooom's Odyssey,8.5,104,FALSE,0,"['Animation', 'Family']","['BE', 'FR']","['Picolo Pictures', 'Les films du Préau']",0,26,1,
FALSE,116741,en,Two recently laid-off men in their 40s try to make it as interns at a successful Internet company where their managers are in their 20s.,0.2573,6/7/2013,The Internship,6.246,4234,FALSE,58000000,['Comedy'],['US'],"['TSG Entertainment', 'Regency Enterprises', 'Wild West Picture Show Productions', '21 Laps Entertainment', '20th Century Fox']",44000000,119,1,0.26355479662317727
FALSE,226936,it,"A ne'er-do-well who's married to a millionnaire realizes his financial trouble might be solved if his wife was dead - and sets out a plot to achieve just that. A remake of Dino Risi's ""il vedovo"".",0.2588,10/10/2013,Aspirante vedovo,4.9,406,FALSE,0,['Comedy'],['IT'],"['IBC MOvie', 'RAI Cinema', 'Pupkin Production']",0,84,1,
FALSE,430916,fr,A CEO for a television channel finds his life torn apart after he wakes up from coma.,0.259,6/21/2017,K.O.,5.469,145,FALSE,0,"['Thriller', 'Drama']",['FR'],['2.4.7. Films'],0,115,1,0.088322222
FALSE,56840,pt,"Three young friends, Tita, Mari and Aninha decide to change their situations and travel to a beach place for a weekend. On the road, they meet Estrella, a hippie that wants a hide to try to find her unknown father. Together, they will live hilarious, absurd and moving situations. More than a change the air, they change themselves.",0.2592,11/12/2010,Muita Calma Nessa Hora,6,110,FALSE,1000000,['Comedy'],['BR'],['Europa Films'],0,92,1,
FALSE,618253,it,"Chiara Ferragni, the first fashion influencer in the world, reveals how the digital revolution has changes business world, communication, fashion, culture, through a portrait in which she's the protagonist, both as a woman and as digital entrepreneur.",0.2594,9/17/2019,Chiara Ferragni: Unposted,5.8,290,FALSE,0,['Documentary'],['IT'],"['MeMo Films', 'RAI']",0,85,2,
FALSE,59139,it,"Police commissioner Lo Gatto is in charge of the local Italian police station within Vatican State. During an investigation, following the murder of a Vatican priest, he decides to question the Pope! For this reason Lo Gatto is sent to a Sicilian remote island Favignana. There is very little for the commissioner to do on the quiet island, so Lo Gatto decides to investigate the vanishing of a tourist which quickly becomes a very complicated affair.",0.2603,12/4/1986,Il commissario Lo Gatto,6.27,102,FALSE,0,"['Comedy', 'Crime']",['IT'],"['Reteitalia', 'Dean Film', 'Medusa Distribuzione']",0,91,1,
FALSE,13045,fr,"Jean-Pierre, a wealthy businessman, is lonely. He still desires his wife but she only seems interested in shopping and the beauty salon. Tired of lunching alone every day, one day he decides to invite his chauffeur to join him, and a relationship quickly develops as the two find they have much in common. Are they just cash machines for their wives? Don't they deserve some love in return? Jean-Pierre confiscates his wife's credit card, but things don't turn out exactly the way he'd hoped...",0.2603,4/4/2007,The Price to Pay,5.3,130,FALSE,0,['Comedy'],['FR'],[],0,95,1,
FALSE,413655,fr,French seniors enroll in summer camp.,0.2605,7/19/2017,Dirty Kids,5.979,168,FALSE,0,['Comedy'],['FR'],['Les Films du 24'],0,88,1,
FALSE,47245,it,"Armando is the daddy, Cristiano is the adult son. Each of them lives his life in a different way respect the other: Armando is an old play-boy and often he ""buys"" his women with his money; Cristiano is a shy guy who lives in a community with other guys like him. The movie proceeds showing us, ironically, the differences, the different ways to think, to act, to treat the women between father and son.",0.2618,12/18/1982,Journey with Papa,6.4,200,FALSE,0,['Comedy'],['IT'],['Scena Film'],0,108,1,
FALSE,57998,it,"Antonio, a former variety actor, keeps his daughter in an excellent boarding school by organizing small scams with his friend and colleague Felice. Commissioner Malvasia good-naturedly persecuted him. When their respective unsuspecting children fall in love, the two fathers make peace.",0.2621,8/12/1961,Totòtruffa '62,7.7,126,FALSE,0,['Comedy'],['IT'],"['D.D.L.', 'Cine Produzione Astoria']",0,102,1,
FALSE,18419,fr,A young Hungarian dreams of playing for the French football team and will get the help of a couple of friends.,0.2624,4/24/2002,Shooting Stars,4.7,121,TRUE,0,['Comedy'],['FR'],"['Bac Films', 'Canal+', 'TF1 Films Production', 'Mandarin Cinéma']",0,97,1,0.11468571428571428
FALSE,348877,en,"Static images of an old country house are combined with voices of the past to evocative effect. Haunting and nostalgic, 'Return' conveys the life that exists in old, abandoned places.",0.2626,7/15/1972,Return,6.564,392,FALSE,0,[],['US'],[],0,6,0,0.013107829375015796
FALSE,302798,it,,0.2632,11/13/2014,La scuola più bella del mondo,5.653,216,FALSE,0,['Comedy'],['IT'],['Cattleya'],0,98,1,
FALSE,389371,it,"Pietramezzana, a remote village in the Lucan Dolomites, is likely to disappear. Its inhabitants, led by the volcanic Dominic do not give up and, believing that the opening of a factory may be the solution to all their troubles, they want to make sure that the project is successful ...",0.2641,3/24/2016,An Almost Perfect Country,5.8,130,FALSE,0,['Comedy'],['IT'],"['Cattleya', 'Lucana Film Commission', 'RAI']",1700000,92,1,
FALSE,345067,it,"Marco is married to a gorgeous woman, has a child and a great job. Everything seems perfect, at least until his wife of 25 years announces that she has another man and wants a separation. Marco is forced to leave home.",0.2648,6/18/2015,Torno indietro e cambio vita,5.5,310,FALSE,0,['Comedy'],['IT'],"['Cattleya', 'RAI Cinema']",0,83,1,
FALSE,260088,it,,0.2648,3/20/2014,Amici come noi,5.6,178,FALSE,0,['Comedy'],['IT'],['Taodue Film'],0,89,1,
FALSE,3171,en,"Bambi is nibbling the grass, unaware of the upcoming encounter with Godzilla. Who will win when they finally meet?  Preserved by the Academy Film Archive in 2009.",0.2649,7/10/1969,Bambi Meets Godzilla,6.4,165,FALSE,0,"['Animation', 'Comedy']","['CA', 'US']",[],0,2,1,0.5949320960698689
FALSE,395439,fr,"Vincent and Antoine, tired of the tours, decide to go on holiday with all the troop of Stars 80.",0.265,12/6/2017,"Stars 80, la suite",4.5,117,TRUE,0,"['Music', 'Comedy']",['FR'],"['Wild Bunch', 'La Petite Reine', 'TF1 Films Production']",0,112,1,
FALSE,52213,it,"Barbara and Matteo are two Italians who live in Miami, managing a small restaurant overlooking the sea. Barbara is pregnant and the happy event brings their respective parents together in Miami: Massimo, Matteo's father, who has recently become a widower and has a hotel in Cortina, and Angela, Barbara's mother, who instead has a chain of restaurants and is separated from her husband. At first, the incompatibility between the two is sky-high. Then, while events, misunderstandings and plots of various kinds revolve around them, the ice slowly begins to break and affinities emerge when the two find themselves busy restoring peace between their children, who have entered into a crisis due to the birth of the little girl.",0.2652,8/3/2008,La fidanzata di papà,4.6,156,FALSE,0,['Comedy'],['IT'],"['Medusa Film', 'Mari Film', 'Sky Cinema']",9471031,100,1,
FALSE,432622,fr,Guillaume and his friends have planned to attend the biggest electronic music festical to celebrate their passing school… but Guillaume has to take the test once again and has to go over everything over the weekend.,0.2655,8/9/2017,Rattrapage,5.5,118,FALSE,0,['Comedy'],['FR'],['UGC Distribution'],0,85,1,
FALSE,45995,it,"Lino lives in Turin with the family of his sister. He doesn't have a good job and never enough money. But in a day his life changes: he wins 1 billion dollars in a lottery and... everyone becomes a friend, the girl who he liked becomes his girlfriend and his sister begins to love him. He leaves Turin with his friend Parola and, in a casino, he loses all money! But luck returns...",0.2656,9/22/1983,At the Sports Bar,6.331,139,FALSE,0,['Comedy'],['IT'],['Dean Film'],382291,97,1,
FALSE,96035,en,"A man, objecting to being filmed, comes closer and closer to the camera lens until his mouth is all we see. Then he opens wide and swallows camera and cinematographer. He steps back, chews, and grins.",0.2663,10/15/1901,The Big Swallow,6.5,123,FALSE,0,['Comedy'],"['US', 'GB']",['Williamson Kinematograph Company'],0,1,1,
FALSE,31402,tr,"Lazy, uneducated male students mostly coming from money, share a very close band. They live together in the dormitory of this private highschool, where they daily plan their latest pranks on teachers or the other classes. Because of the financial crisis, the headmaster agrees to enroll female students. As the new students try to fit in, a struggle between both parties start, trying to prank the other part away. The prank war continues until PE-Teacher decides to take the class out on a trip for a becoming scouts.",0.2671,2/1/1977,The Chaos Class Is on Vacation,7.6,104,TRUE,0,"['Adventure', 'Comedy', 'Drama']",['TR'],[],0,97,1,
FALSE,184155,ru,"Biopic of Russian ice hockey legend Valeri Kharlamov from early childhood, rising to the pinnacle of the sport and his untimely death",0.2675,4/17/2013,Legend No. 17,6.9,134,FALSE,7720000,['Drama'],['RU'],"['Studio Trite', 'Russia-1', 'Cinema Foundation of Russia']",29523237,134,1,
FALSE,499720,fr,,0.2678,4/25/2018,"Les Municipaux, ces héros",5.1,120,TRUE,0,['Comedy'],['FR'],['Apollo Films'],0,0,1,
FALSE,828586,it,A street priest struggling to save his church learns his late uncle left him a small business that could turn his fortune around: he'll soon realize that said business is in fact... a brothel!,0.2693,4/21/2022,The Sex of Angels,5.325,106,FALSE,0,['Comedy'],['IT'],"['Levante', 'RAI Cinema']",0,91,1,
FALSE,563741,it,"Cesare Proietti is the esteemed manager of the Relais Colombo, a luxury hotel in Milan. When a group of new Chinese business partners want to revolutionize everything, the hotel owner's daughter, Luciana, decides to fire Cesare. When Cesare discovers Luciana is looking for a caregiver who can look after her father, he decides to dress up as a charming woman to apply for the role.",0.2694,12/19/2018,Amici come prima,5.389,248,FALSE,0,['Comedy'],['IT'],['Medusa'],0,75,1,
FALSE,413837,fr,"Zahira, 18, is close to her family until her parents ask her to follow Pakistani tradition to choose a husband. Torn between family customs and her western lifestyle, the young woman turns for help to her brother and confidant Amir.",0.2695,2/22/2017,A Wedding,6.7,105,FALSE,0,['Drama'],['FR'],"['Daylight Films', 'Tarantula', 'Formosa Productions']",0,95,2,-0.113660007
FALSE,36107,en,"A factory worker in a dark, gray world assembles devices that promise happiness. In his spare time he tinkers to create something better, and finally succeeds in perfecting his invention, which allows people to see life through rose-colored glasses, but he has to pay a price for his success.",0.2704,9/1/1998,More,7.631,164,FALSE,0,"['Animation', 'Science Fiction']",['US'],"['Large Format Cinema', 'Bad Clams Productions', 'Flemington Pictures', 'Swell Productions']",0,6,1,0.15354216496201328
FALSE,534373,fr,"Roman loves Camille as much as he loves his two daughters. But he is hiding from all of them a serious problem of addiction, which could endanger his dearest. Does love have a chance to survive when trust is broken?",0.2708,4/24/2019,Losing It,6.243,101,FALSE,0,['Drama'],['FR'],['Rectangle Productions'],0,95,1,0.2753077884615384
FALSE,319143,fr,"""Saint-Loin-la-Mauderne"", a tiny village hurt by the financial crisis and the desertification.  Its last hope : Start back the Smoked Salmon factory. The only issue : Insurances require a permanent doctor on site. But it s has been 5 years the previous doctor retired without setting a replacement.  The whole village,supporting their surly major Germain, will try everything to convince the very Parisian Doctor Maxime Meyer that happiness is only at Saint-Loin-la-Mauderne!  This movie is the french remake of the Canadian movie 'la Grande Seduction'",0.2711,11/15/2014,A Village Almost Perfect!,5.386,123,FALSE,5000000,['Comedy'],['FR'],"['SND', 'Miroir Magique']",0,98,1,
FALSE,377276,fr,"Marc Châtaigne, an intern at the Ministry of Standards, is sent to French Guiana to implement European construction standards at Guyaneige: the first Amazonian ski slope, intended to boost tourism in French Guiana. There, he meets Tarzan, an attractive intern at the National Forestry Office, with whom he’ll get lost on a journey through the jungle that will take him far, far away…",0.2712,6/15/2016,Struggle for Life,5.8,105,FALSE,0,['Comedy'],['FR'],"['Rectangle Productions', 'France 3 Cinéma', 'Orange Studio', 'SCOPE Pictures', 'Aldabra Films', 'IMAV Editions', 'Chaya Films']",0,99,1,
FALSE,306523,it,Massimo Marinelli Lops and Giulia Colardo meet by chance in Rome and fall in love. Giulia asks Massimo to spend Christmas Eve with her family.,0.2712,11/27/2014,Ogni maledetto Natale,5.6,320,FALSE,0,['Comedy'],['IT'],"['Wildside', 'RAI Cinema']",0,96,1,
FALSE,312428,it,,0.2714,12/18/2014,Un Natale stupefacente,5.7,156,FALSE,0,['Comedy'],['IT'],['Filmauro'],0,100,1,
FALSE,449415,it,"First day of last year for the students of a high school science, but at school there is something new: some guys have been moved from their respective classes in a section created especially for them, the section H. Students of the H section are not were chosen at random, are in fact notoriously problematic elements, too exuberant and listless. Among them is Ricky who is awake and never misses a chance to make jokes irritating that it shares on its Youtube channel, Star whose only interest is its look and Viola intelligent but always at war with the world.",0.2718,3/30/2017,Classe Z,5.552,270,FALSE,0,['Comedy'],['IT'],"['Medusa Film', 'Colorado Film']",0,92,1,
FALSE,583248,it,"Michele is a superficial man with nothing but contempt for other people and who lives only to show off his wealth on social media, until he finds himself mistaken for a North African immigrant in Eastern Europe and deported.",0.272,3/21/2019,Scappo a casa,5,166,FALSE,0,['Comedy'],['IT'],"['Medusa Film', 'Agidi Due', 'Rosebud Entertainment Pictures']",0,92,1,
FALSE,499631,it,A biopic on the personal and artistic life of Italian songwriter Fabrizio De André.,0.273,1/23/2018,Fabrizio De André: Principe libero,7.4,346,FALSE,0,"['Music', 'History']",['IT'],['RAI'],0,188,1,
FALSE,52943,es,A man gets trapped inside a telephone box and nobody is able to free him.,0.2733,12/13/1972,The Telephone Box,7.2,131,FALSE,0,"['Drama', 'Horror']",['ES'],['TVE'],0,35,1,
FALSE,17245,en,"A deadly infection breaks out in Manhattan, causing humans to devolve into blood-thirsty rat creatures. Six recently evicted tenants must survive the night and protect their downtown apartment building as the city quickly spirals out of control.",0.2737,5/23/2006,Mulberry Street,5.346,127,FALSE,60000,['Horror'],['US'],['Belladonna Productions'],0,84,1,0.6769168831168831
FALSE,487380,it,,0.2738,11/16/2017,La casa di famiglia,6.2,189,FALSE,0,"['Family', 'Comedy']",['IT'],['Vision Distribution'],0,90,1,
FALSE,443401,fr,"Jean-Gabriel intends to spend Christmas in the mountains quietly with his family. Many unforeseen events occur, but Jean-Gabriel will do everything to overcome them...",0.2741,12/13/2017,Let It Snow,4.9,114,TRUE,0,['Comedy'],['FR'],['Mars Films'],0,95,1,0.13865541069100393
FALSE,161545,it,"Cetto and its city council were arrested, but in prison the conspiratorial former mayor makes no earning name as the gratitude of the powerful secretary. These decide to replace some MPs mysteriously killed precisely with Cetto and two other characters: Rodolfo Favaretto and Frengo Stop",0.2744,11/30/2012,Everything Everything Nothing Nothing,5.2,266,TRUE,5579750,['Comedy'],['IT'],"['Fandango', 'RAI Cinema']",8927600,87,1,
FALSE,195544,it,"Andrea is having a bad luck with girls. Maybe because he's only man in his big family which include mother, three sisters, grandma, nurse and a dog which is of course female also.",0.2748,1/24/2013,Crazy Me,6.2,229,FALSE,0,['Comedy'],['IT'],"['Monte dei Paschi di Siena', 'Wildside', 'Regione Lazio', 'RAI']",0,94,1,
FALSE,441614,es,"Laura and Carlos love each other as if every day was the last, and perhaps that first love intensity is what will tear them apart a year later.",0.2756,4/21/2017,Loving,5.091,509,FALSE,0,['Romance'],['ES'],"['Avalon Productions', 'TVE']",0,105,1,0.5037112524045574
FALSE,364089,en,There's no subject too dark as the comedian skewers taboos and riffs on national tragedies before pulling back the curtain on his provocative style.,0.2758,10/16/2015,Anthony Jeselnik: Thoughts and Prayers,7.314,110,FALSE,0,['Comedy'],['US'],['Stark Raving Black Productions'],0,59,1,
FALSE,54427,it,"Filippo is a star on the Italian TV. He works for a documentary series about wild animals and nature. He is sent to Tenerife (Spain) to shot an issue about the local stork. It is the 13th of August. After he did his job is time to leave, but the ferry couldn't operate. He has to spend the night in the island. The day after is again the 13th of August, and Filippo live again the same day for different times. Something has to change to exit the paranoid and unrealistic situation.",0.276,1/16/2004,Stork Day,6.6,179,FALSE,0,"['Comedy', 'Fantasy']",['IT'],['Cattleya'],0,90,1,-0.0258
FALSE,487491,pt,"Ângela Cristina, mother of teenager Maria de Lourdes, has to deal with the difficulties and delights of guiding her daughter during one of the most complicated stages of life.",0.2775,12/28/2017,"Fala Sério, Mãe!",7.296,225,FALSE,6100000,"['Comedy', 'Family']",['BR'],"['Globo Filmes', 'Camisa Listrada', 'Telecine', 'Fox International Productions Brazil']",0,79,1,
FALSE,104700,fr,An astronomer has a terrifying dream.,0.2778,1898-01-01,The Astronomer's Dream,6.889,203,FALSE,0,['Fantasy'],['FR'],['Star Film Company'],0,3,1,-0.483196198
FALSE,31408,tr,"A sincere and hardworking student joins the Chaos Class, but acceptance seems unlikely when he becomes the target of their pranks.",0.2792,11/20/1976,The Chaos Class Is Waking Up,7.8,110,TRUE,0,['Comedy'],['TR'],['Arzu Film'],0,94,1,
FALSE,110314,it,"Sole, an university student bored of her daily routine, meets graffiti artists Pierpaolo and Alex and her life changes until she falls in love with one of them.",0.2809,9/21/2007,Scrivilo sui muri,5.366,119,FALSE,0,"['Comedy', 'Romance']",['IT'],"['Eagle Pictures', 'Film Kairòs']",0,89,1,
FALSE,280511,fr,"Fastlife: always go further, faster, to shine in the eyes of others: this is the motto of Franklin. Franklin is a megalomaniac obsessed by the desire to shine at any price. He will have to choose between becoming a man or continue to live the Fastlife...",0.2811,7/16/2014,Fastlife,4.771,142,FALSE,0,['Comedy'],['FR'],['EuropaCorp'],0,91,1,
FALSE,41427,it,"From the album of the same name by Claudio Baglioni the film tells the love story of two teenagers during the legendary seventies. A story so overwhelming as to compel the world to retreat, to step aside. Andrea and Giulia come from two different worlds, have different friends, and two different lives who call them strongly in opposite directions. Will they keep their love alive in spite of everything?",0.2813,2/11/2009,Questo piccolo grande amore,5.587,143,FALSE,0,['Romance'],['IT'],"['11 Marzo Film', 'Medusa Film', 'Aurora Film']",0,110,1,
FALSE,267557,it,,0.2815,4/30/2014,Un fidanzato per mia moglie,5,110,FALSE,0,['Comedy'],['IT'],"['IBC MOvie', 'RAI']",0,97,1,
FALSE,242088,en,"Years after their successful restaurant review tour of Northern Britain, Steve Coogan and Rob Brydon are commissioned for a new tour in Italy.",0.2821,4/24/2014,The Trip to Italy,6.325,243,TRUE,0,"['Comedy', 'Drama']",['GB'],"['Revolution Films', 'Baby Cow Productions', 'BBC Film', 'Goalpost Film']",0,108,2,-0.253347678
FALSE,43648,it,"A poster worker must remove the poster of the original movie, when the figures of Renato and Paolo suddenly moves and leaves the poster driving an ambulance dressed as nurses.",0.2821,12/20/1991,The Comics 2,5.7,217,TRUE,0,['Comedy'],['IT'],"['Maura International Films', 'Penta Film', 'Cecchi Gori Group Tiger Cinematografica']",0,87,1,
FALSE,13296,tr,"Failed magician Iskender decides to do a tour to save his career, but has to bring his grumpy and senile father along. The tour is quite unexpectedly interrupted when a bride actually disappears from the stage.",0.2822,10/20/2006,The Magician,6.9,159,FALSE,0,"['Comedy', 'Drama']",['TR'],['BKM Film'],0,122,1,0.22572481751824816
FALSE,56972,it,Two different men living in Milan lose their job at the same time. They will become a funny couple of thieves thanks to the poorest of them that was already a thief.,0.2837,2/9/2007,Mi fido di te,6.6,193,FALSE,0,['Comedy'],['IT'],[],0,100,1,
